loan_id,customer_id,product,principal_pkr,interest_rate_pct,tenor_months,monthly_installment_pkr,disbursement_date,credit_utilisation,prior_delinquencies,days_past_due,loan_status
L700000,C110844,Auto Finance,473700.0,13.87,60,10990.94,2025-03-01,0.5911,1,0,ACTIVE
L700001,C102966,Personal Loan,317600.0,21.78,36,12091.98,2023-06-28,0.6964,1,15,ACTIVE
L700002,C101667,Personal Loan,323200.0,18.05,36,11693.57,2022-12-19,0.5472,1,30,ACTIVE
L700003,C111756,Personal Loan,871600.0,25.21,36,34751.05,2026-03-04,0.0777,0,15,ACTIVE
L700004,C110711,Personal Loan,327400.0,19.87,36,12147.52,2024-09-28,0.1398,0,0,CLOSED
L700005,C107602,Auto Finance,595700.0,13.33,60,13655.26,2022-06-05,0.3377,0,383,DEFAULT
L700006,C111575,Credit Card,150000.0,19.81,12,13878.56,2023-01-30,0.9386,1,0,ACTIVE
L700007,C109789,Auto Finance,6129800.0,22.19,60,169960.96,2025-09-21,0.3328,1,30,ACTIVE
L700008,C102038,Personal Loan,601900.0,,36,22443.91,2023-11-08,0.5598,0,0,ACTIVE
L700009,C108572,Auto Finance,431900.0,15.19,60,10318.54,2027-04-24,0.1849,0,7,ACTIVE
L700010,C102939,Personal Loan,844000.0,19.87,36,31311.19,2025-04-30,0.1541,1,30,ACTIVE
L700011,C108504,Personal Loan,985500.0,21.1,36,37179.57,2022-06-18,0.8044,0,0,ACTIVE
L700012,C107543,Credit Card,37600.0,20.55,12,3491.55,2023-09-24,0.5567,0,0,ACTIVE
L700013,C108641,Credit Card,251300.0,,12,22998.32,2023-03-07,0.3385,0,30,ACTIVE
L700014,C101322,Personal Loan,2731100.0,15.09,36,94793.77,2026-03-13,0.3653,0,0,ACTIVE
L700015,C105606,Credit Card,194900.0,17.54,12,17824.56,2022-11-05,0.0007,0,15,ACTIVE
L700016,C106383,Personal Loan,166000.0,21.97,36,6336.31,2023-09-18,0.6429,0,0,ACTIVE
L700017,C108587,Auto Finance,1252500.0,22.65,60,35056.05,2024-12-20,0.1796,0,0,ACTIVE
L700018,C101704,Personal Loan,1166400.0,15.36,36,40641.18,2023-11-05,0.1037,0,0,ACTIVE
L700019,C108856,Personal Loan,403300.0,12.09,36,13411.05,2024-11-14,0.4985,0,0,ACTIVE
L700020,C105802,Personal Loan,897300.0,22.26,36,34389.22,2023-04-25,0.4048,0,0,ACTIVE
L700021,C101648,Auto Finance,611000.0,15.26,60,14618.42,2024-10-30,0.0685,0,45,ACTIVE
L700022,C103795,Personal Loan,1482100.0,19.46,36,54673.82,2027-04-28,0.1932,2,227,DEFAULT
L700023,C106349,Personal Loan,353400.0,16.55,36,12521.1,2025-06-23,0.3417,0,7,CLOSED
L700024,C107780,Personal Loan,1398400.0,22.37,36,53671.76,2024-08-19,0.0111,1,385,DEFAULT
L700025,C108034,Credit Card,18900.0,19.15,12,1744.75,2024-04-15,0.3244,0,30,ACTIVE
L700026,C110709,Personal Loan,533900.0,15.59,36,18661.99,2026-12-24,0.3063,0,0,ACTIVE
L700027,C103177,Credit Card,327900.0,11.71,12,29091.29,2026-07-10,0.4666,1,0,ACTIVE
L700028,C108016,Auto Finance,702200.0,17.02,60,17459.33,2025-11-11,0.4241,0,0,ACTIVE
L700029,C103645,Auto Finance,923400.0,24.47,60,26817.04,2026-06-03,0.6723,1,0,ACTIVE
L700030,C103317,Home Finance,6400800.0,17.32,180,99963.95,2024-11-08,0.4857,0,0,ACTIVE
L700031,C110720,Auto Finance,1034400.0,14.88,60,24542.48,2026-07-18,0.1477,0,15,ACTIVE
L700032,C103501,Personal Loan,793900.0,18.02,36,28709.78,2022-10-05,0.3984,0,7,ACTIVE
L700033,C105894,Auto Finance,1020600.0,19.05,60,26502.84,2022-05-08,0.1841,0,0,CLOSED
L700034,C100481,Auto Finance,1435600.0,26.96,60,43802.88,2025-12-17,0.1755,0,0,ACTIVE
L700035,C111679,Credit Card,103100.0,19.2,12,9511.03,2026-10-11,0.1099,2,365,DEFAULT
L700036,C102415,Credit Card,250900.0,18.4,12,23054.24,2022-05-19,0.827,1,30,ACTIVE
L700037,C103187,Home Finance,224300.0,23.29,180,4494.26,2023-11-27,0.5012,0,0,ACTIVE
L700038,C100808,Auto Finance,2229000.0,12.82,60,50511.54,2024-04-02,0.3241,2,30,ACTIVE
L700039,C106840,Credit Card,448400.0,19.47,12,41424.21,2023-08-31,0.4644,1,105,DEFAULT
L700040,C110871,Credit Card,166700.0,23.49,12,15720.75,2025-12-29,0.0331,0,165,DEFAULT
L700041,C104128,Auto Finance,2238400.0,16.89,60,55498.88,2025-06-07,0.5174,1,0,ACTIVE
L700042,C110214,Personal Loan,293000.0,23.14,36,11361.79,2023-03-01,0.2306,0,0,ACTIVE
L700043,C101577,Personal Loan,1457500.0,16.87,36,51869.17,2024-04-08,0.0609,0,15,ACTIVE
L700044,C110754,Personal Loan,551900.0,20.51,36,20652.61,2022-11-10,0.4583,0,0,ACTIVE
L700045,C105230,Auto Finance,755800.0,24.54,60,21981.53,2024-06-19,0.1991,0,7,ACTIVE
L700046,C108343,Credit Card,86100.0,19.67,12,7965.24,2025-02-23,0.2975,1,0,ACTIVE
L700047,C103142,Home Finance,1337700.0,17.47,180,21034.99,2027-03-20,0.3939,1,0,ACTIVE
L700048,C109982,Auto Finance,416900.0,17.59,60,10493.65,2024-09-13,0.2149,1,286,DEFAULT
L700049,C107342,Home Finance,486800.0,22.16,180,9335.79,2023-12-15,0.3496,0,0,CLOSED
L700050,C109834,Personal Loan,1095000.0,22.66,36,42194.11,2025-05-09,0.089,0,0,CLOSED
L700051,C104879,Credit Card,307200.0,23.15,12,28925.26,2025-10-04,0.513,0,253,DEFAULT
L700052,C108457,Credit Card,551900.0,,12,50734.92,2025-06-04,0.3766,0,30,CLOSED
L700053,C102942,Personal Loan,520400.0,22.28,36,19948.93,2024-09-20,0.1475,0,7,ACTIVE
L700054,C100216,Personal Loan,572100.0,,36,19389.24,2024-04-25,0.2573,0,0,ACTIVE
L700055,C105638,Credit Card,441800.0,17.21,12,40339.7,2023-12-19,0.4795,1,7,CLOSED
L700056,C108086,Credit Card,54900.0,19.35,12,5068.24,2024-02-29,0.2044,0,45,ACTIVE
L700057,C111264,Personal Loan,670700.0,19.11,36,24622.54,2024-05-04,0.338,0,0,CLOSED
L700058,C105416,Credit Card,163000.0,20.07,12,15101.31,2023-06-29,0.7592,0,0,CLOSED
L700059,C106776,Credit Card,307400.0,14.68,12,27700.07,2025-02-02,0.1634,0,45,CLOSED
L700060,C104644,Auto Finance,525600.0,,60,14705.74,2026-10-26,0.2301,0,0,ACTIVE
L700061,C104299,Credit Card,392100.0,,12,36132.78,2026-04-18,0.5274,2,0,ACTIVE
L700062,C101430,Credit Card,389000.0,20.85,12,36196.03,2025-11-04,0.4596,0,45,ACTIVE
L700063,C111910,Auto Finance,875100.0,15.36,60,20983.23,2025-01-09,0.5479,0,0,CLOSED
L700064,C105849,Personal Loan,543900.0,22.83,36,21007.45,2025-04-22,0.1103,1,0,CLOSED
L700065,C105920,Credit Card,234400.0,19.4,12,21649.32,2025-01-08,0.6334,0,15,ACTIVE
L700066,C111565,Personal Loan,192300.0,17.46,36,6900.46,2025-06-09,0.2423,1,0,ACTIVE
L700067,C109186,Home Finance,440200.0,19.49,180,7565.5,2025-01-03,0.7309,1,0,CLOSED
L700068,C110563,Credit Card,801200.0,27.82,12,77252.46,2025-08-25,0.2292,1,0,ACTIVE
L700069,C103818,Auto Finance,1219900.0,20.77,60,32844.32,2024-06-19,0.5538,1,15,ACTIVE
L700070,C105172,Credit Card,84900.0,24.85,12,8062.2,2024-01-05,0.6502,0,45,ACTIVE
L700071,C100339,Credit Card,537300.0,19.13,12,49548.14,2022-12-17,0.2171,0,7,ACTIVE
L700072,C107470,Auto Finance,180300.0,19.75,60,4750.64,2023-09-10,0.4406,0,30,ACTIVE
L700073,C101281,Auto Finance,1052700.0,22.02,60,29085.25,2023-09-13,0.2953,1,0,CLOSED
L700074,C102030,Auto Finance,912000.0,20.9,60,24622.67,2023-11-15,0.5606,1,7,ACTIVE
L700075,C106025,Personal Loan,232300.0,17.33,36,8320.62,2025-07-05,0.1299,0,0,CLOSED
L700076,C103749,Personal Loan,428200.0,15.09,36,14863.05,2023-07-27,0.3634,0,0,ACTIVE
L700077,C110979,Auto Finance,664200.0,15.03,60,15811.76,2025-08-14,0.062,0,45,ACTIVE
L700078,C106608,Credit Card,303600.0,22.04,12,28423.65,2025-11-30,0.2473,0,15,ACTIVE
L700079,C102132,Auto Finance,306600.0,17.87,60,7764.59,2023-11-26,0.0268,1,0,CLOSED
L700080,C110312,Home Finance,1363800.0,16.88,180,20873.61,2024-10-12,0.3642,0,15,ACTIVE
L700081,C109772,Personal Loan,381200.0,18.98,36,13968.81,2025-01-23,0.569,0,15,ACTIVE
L700082,C106651,Personal Loan,641300.0,21.86,36,24443.33,2024-03-28,0.3637,0,7,ACTIVE
L700083,C110797,Home Finance,1201200.0,18.04,180,19379.14,2024-06-07,0.4675,0,30,CLOSED
L700084,C106034,Personal Loan,245300.0,19.14,36,9008.32,2024-08-24,0.0123,1,0,CLOSED
L700085,C108346,Personal Loan,740900.0,16.5,36,26231.54,2024-03-05,0.5394,0,0,ACTIVE
L700086,C109861,Auto Finance,1822100.0,16.44,60,44736.25,2024-08-21,0.5419,1,45,ACTIVE
L700087,C106969,Personal Loan,767800.0,18.41,36,27916.78,2022-05-19,0.7411,1,0,ACTIVE
L700088,C111171,Home Finance,908100.0,19.47,180,15595.04,2025-10-26,0.1117,2,0,ACTIVE
L700089,C108206,Credit Card,168400.0,23.71,12,15900.79,2022-12-25,0.1222,0,0,ACTIVE
L700090,C107225,Home Finance,2732200.0,17.13,180,42300.21,2026-03-20,0.4307,2,45,ACTIVE
L700091,C110216,Home Finance,393100.0,17.45,180,6176.24,2024-10-27,0.3047,1,15,CLOSED
L700092,C101398,Home Finance,3278000.0,14.35,180,44428.13,2024-05-05,0.4612,1,15,ACTIVE
L700093,C100303,Home Finance,1385500.0,19.13,180,23448.29,2023-04-05,0.3499,0,0,CLOSED
L700094,C111580,Credit Card,99300.0,21.89,12,9289.86,2023-06-06,0.4362,0,7,ACTIVE
L700095,C100639,Auto Finance,1893600.0,18.65,60,48756.43,2024-02-20,0.3993,1,235,DEFAULT
L700096,C105263,Auto Finance,837400.0,21.4,60,22844.03,2025-08-10,0.6385,1,0,ACTIVE
L700097,C105621,Auto Finance,1392200.0,25.61,60,41363.31,2026-03-08,0.7414,1,45,CLOSED
L700098,C110049,Home Finance,1892400.0,18.44,180,31076.46,2022-07-01,0.321,0,15,ACTIVE
L700099,C109895,Personal Loan,1696100.0,16.81,36,60310.39,2026-05-11,0.6997,0,15,ACTIVE
L700100,C110125,Personal Loan,333000.0,19.03,36,12210.96,2026-04-13,0.2197,0,258,DEFAULT
L700101,C102762,Auto Finance,681100.0,20.59,60,18268.17,2024-08-14,0.2875,0,15,ACTIVE
L700102,C103867,Personal Loan,887700.0,17.21,36,31741.05,2023-09-16,0.4369,0,0,ACTIVE
L700103,C106011,Credit Card,183800.0,14.5,12,16542.67,2027-07-11,0.0135,0,0,ACTIVE
L700104,C105949,Personal Loan,571600.0,20.02,36,21249.38,2024-08-03,0.3425,0,224,DEFAULT
L700105,C104383,Auto Finance,1938600.0,17.05,60,48230.85,2025-09-14,0.3606,0,0,ACTIVE
L700106,C103283,Auto Finance,3772100.0,14.87,60,89480.19,2026-05-25,0.6763,1,0,ACTIVE
L700107,C100078,Credit Card,265400.0,18.49,12,24397.42,2025-04-29,0.4642,3,371,DEFAULT
L700108,C103711,Credit Card,768000.0,17.14,12,70096.05,2023-07-05,0.4613,1,7,CLOSED
L700109,C100266,Personal Loan,138800.0,,36,4874.11,2024-01-13,0.268,1,0,ACTIVE
L700110,C110863,Credit Card,136600.0,16.94,12,12454.74,2023-01-18,0.3283,0,0,ACTIVE
L700111,C107751,Credit Card,155500.0,16.67,12,14153.86,2025-12-30,0.4176,0,15,ACTIVE
L700112,C101103,Auto Finance,572700.0,20.67,60,15387.05,2026-02-12,0.3672,1,15,ACTIVE
L700113,C106373,Personal Loan,395300.0,22.26,36,15148.39,2025-10-02,0.8733,0,30,CLOSED
L700114,C107684,Credit Card,520700.0,24.67,12,49407.84,2025-02-03,0.2594,0,0,ACTIVE
L700115,C110782,Home Finance,1813400.0,17.81,180,28955.95,2023-05-26,0.0367,2,0,CLOSED
L700116,C105055,Credit Card,167200.0,19.17,12,15420.04,2024-05-27,0.4064,0,15,ACTIVE
L700117,C101337,Auto Finance,541400.0,24.6,60,15763.64,2025-12-05,0.0822,0,7,ACTIVE
L700118,C100685,Credit Card,158400.0,16.9,12,14441.58,2026-04-12,0.3836,0,0,ACTIVE
L700119,C106109,Auto Finance,1973400.0,17.5,60,49577.23,2023-05-10,0.5241,0,45,ACTIVE
L700120,C106168,Personal Loan,857100.0,15.98,36,30123.58,2025-06-28,0.431,0,45,ACTIVE
L700121,C105166,Home Finance,5420500.0,19.28,180,92330.27,2025-04-17,0.0907,1,30,ACTIVE
L700122,C101849,Auto Finance,1210700.0,15.45,60,29088.33,2023-07-10,0.5761,0,0,ACTIVE
L700123,C103856,Home Finance,1297900.0,22.95,180,25671.12,2022-09-25,0.2671,1,0,ACTIVE
L700124,C107093,Credit Card,228600.0,,12,21556.92,2024-03-11,0.4902,1,15,CLOSED
L700125,C108101,Credit Card,257400.0,23.98,12,24332.71,2027-07-28,0.4571,0,0,ACTIVE
L700126,C104934,Credit Card,423800.0,22.72,12,39813.97,2023-11-24,0.1046,1,45,ACTIVE
L700127,C102825,Credit Card,220600.0,15.04,12,19918.46,2025-08-31,0.5329,2,0,ACTIVE
L700128,C107140,Home Finance,1171400.0,23.82,180,23949.12,2025-06-12,0.7491,1,30,ACTIVE
L700129,C103318,Credit Card,503200.0,19.92,12,46598.72,2024-03-03,0.6691,0,114,DEFAULT
L700130,C110051,Auto Finance,2951700.0,22.29,60,82011.09,2025-06-18,0.3242,1,7,ACTIVE
L700131,C107728,Home Finance,368400.0,22.47,180,7151.48,2024-08-02,0.322,2,0,ACTIVE
L700132,C100193,Personal Loan,975700.0,19.36,36,35943.19,2023-08-11,0.3624,0,7,ACTIVE
L700133,C106350,Auto Finance,2447000.0,21.01,60,66213.42,2024-09-17,0.6289,0,0,ACTIVE
L700134,C107964,Auto Finance,988300.0,15.36,60,23697.73,2026-07-05,0.131,0,7,CLOSED
L700135,C100231,Auto Finance,829200.0,21.16,60,22508.34,2024-02-19,0.6052,0,7,ACTIVE
L700136,C106805,Home Finance,1247500.0,23.64,180,25331.09,2026-04-07,0.1078,1,157,DEFAULT
L700137,C107161,Personal Loan,1492100.0,16.28,36,52665.76,2024-01-22,0.3821,0,0,ACTIVE
L700138,C103447,Personal Loan,527200.0,17.29,36,18873.7,2025-10-02,0.2006,0,30,CLOSED
L700139,C102457,Home Finance,190900.0,18.03,180,3078.94,2025-12-14,0.2405,0,45,ACTIVE
L700140,C105031,Auto Finance,3255700.0,16.56,60,80143.49,2023-09-06,0.1376,1,0,CLOSED
L700141,C111995,Credit Card,39800.0,,12,3717.06,2027-09-07,0.2811,0,30,CLOSED
L700142,C104402,Credit Card,58400.0,23.65,12,5510.33,2023-09-22,0.4743,0,45,ACTIVE
L700143,C103308,Credit Card,237300.0,20.1,12,21992.38,2025-11-27,0.373,2,0,CLOSED
L700144,C103783,Personal Loan,922000.0,21.35,36,34903.92,2024-12-16,0.4778,0,0,ACTIVE
L700145,C108030,Credit Card,75000.0,18.25,12,6885.59,2027-04-26,0.1275,0,7,ACTIVE
L700146,C101881,Auto Finance,1353500.0,17.78,60,34208.41,2026-05-05,0.6667,1,45,ACTIVE
L700147,C110991,Personal Loan,562900.0,14.4,36,19347.4,2023-06-13,0.0789,0,45,ACTIVE
L700148,C104029,Credit Card,603400.0,22.02,12,56477.18,2025-03-11,0.2054,1,0,ACTIVE
L700149,C111924,Credit Card,202700.0,24.74,12,19235.84,2026-05-28,0.6194,2,45,ACTIVE
L700150,C105850,Personal Loan,257700.0,19.84,36,9554.27,2023-10-04,0.2233,0,7,ACTIVE
L700151,C105438,Home Finance,323300.0,20.28,180,5745.05,2024-11-28,0.3164,0,0,CLOSED
L700152,C104122,Auto Finance,2963800.0,,60,73593.44,2025-09-23,0.1519,0,15,ACTIVE
L700153,C108820,Personal Loan,227700.0,11.26,36,7484.1,2023-05-16,0.4019,0,122,DEFAULT
L700154,C106473,Auto Finance,1205900.0,20.59,60,32345.36,2027-01-03,0.5117,1,0,ACTIVE
L700155,C103257,Home Finance,1584400.0,17.53,180,24982.25,2025-01-10,0.3357,0,15,CLOSED
L700156,C108796,Auto Finance,3605100.0,19.85,60,95213.05,2024-01-14,0.1173,1,45,ACTIVE
L700157,C102949,Credit Card,69200.0,,12,6513.55,2025-09-08,0.4214,0,0,CLOSED
L700158,C101280,Personal Loan,439000.0,12.52,36,14690.81,2026-08-27,0.3639,0,0,ACTIVE
L700159,C104197,Credit Card,82100.0,18.75,12,7558.76,2022-08-22,0.0581,0,15,ACTIVE
L700160,C101483,Credit Card,230200.0,20.32,12,21357.83,2022-04-04,0.1633,0,45,ACTIVE
L700161,C100939,Auto Finance,3196400.0,13.31,60,73236.8,2023-07-10,0.5735,0,30,ACTIVE
L700162,C108384,Auto Finance,1025900.0,18.88,60,26544.94,2024-10-07,0.214,0,15,ACTIVE
L700163,C100973,Auto Finance,510200.0,25.7,60,15185.39,2024-04-08,0.4081,0,0,ACTIVE
L700164,C100604,Personal Loan,766600.0,14.67,36,26451.44,2027-05-05,0.4221,0,113,DEFAULT
L700165,C102477,Home Finance,2370200.0,18.56,180,39129.66,2026-06-12,0.3915,2,15,ACTIVE
L700166,C100543,Personal Loan,679200.0,25.46,36,27171.58,2026-05-20,0.5845,1,30,ACTIVE
L700167,C106761,Auto Finance,1242500.0,,60,33453.01,2026-06-23,0.4172,0,0,ACTIVE
L700168,C107572,Personal Loan,307600.0,16.64,36,10911.15,2026-06-12,0.395,0,30,ACTIVE
L700169,C108992,Credit Card,439900.0,20.99,12,40959.6,2025-12-22,0.35,0,0,ACTIVE
L700170,C111354,Credit Card,176700.0,22.9,12,16617.75,2026-11-17,0.4616,2,30,ACTIVE
L700171,C106342,Personal Loan,483100.0,22.13,36,18480.86,2025-02-02,0.4086,0,0,ACTIVE
L700172,C110525,Credit Card,396600.0,16.53,12,36082.58,2025-11-04,0.5024,0,30,ACTIVE
L700173,C104493,Personal Loan,684800.0,16.89,36,24377.81,2023-08-05,0.3614,0,0,ACTIVE
L700174,C108182,Credit Card,189200.0,18.23,12,17367.63,2025-10-27,0.3187,0,0,ACTIVE
L700175,C108110,Personal Loan,1809100.0,22.66,36,69708.53,2023-12-01,0.1589,0,315,DEFAULT
L700176,C107896,Personal Loan,793000.0,18.84,36,29005.93,2023-08-23,0.3335,0,45,ACTIVE
L700177,C108561,Credit Card,209400.0,13.13,12,18713.66,2025-11-21,0.675,0,0,ACTIVE
L700178,C100916,Credit Card,250700.0,22.46,12,23516.38,2025-03-18,0.116,0,0,ACTIVE
L700179,C100535,Credit Card,212600.0,17.86,12,19475.79,2025-07-28,0.3495,1,30,ACTIVE
L700180,C103216,Personal Loan,640800.0,19.52,36,23659.27,2023-06-27,0.2962,0,0,CLOSED
L700181,C101464,Personal Loan,162100.0,17.28,36,5803.45,2022-12-14,0.0513,0,15,CLOSED
L700182,C104688,Personal Loan,364900.0,18.59,36,13299.5,2026-03-13,0.5958,0,225,DEFAULT
L700183,C106142,Personal Loan,529600.0,18.75,36,19346.71,2023-12-05,0.7099,1,0,ACTIVE
L700184,C105967,Credit Card,74500.0,20.49,12,6919.43,2024-03-02,0.1926,0,7,ACTIVE
L700185,C108950,Personal Loan,529300.0,17.25,36,18937.22,2024-08-17,0.8163,1,0,CLOSED
L700186,C101966,Home Finance,1703700.0,17.88,180,27289.67,2022-09-17,0.2755,2,45,ACTIVE
L700187,C104829,Home Finance,196500.0,13.99,180,2615.17,2024-04-09,0.3126,1,7,CLOSED
L700188,C105714,Credit Card,452400.0,13.95,12,40608.73,2024-10-04,0.068,0,0,ACTIVE
L700189,C106542,Credit Card,87800.0,,12,8163.53,2024-08-28,0.5047,0,0,ACTIVE
L700190,C102822,Auto Finance,1611300.0,18.75,60,41575.88,2025-11-17,0.2934,2,0,ACTIVE
L700191,C106795,Auto Finance,398800.0,11.75,60,8821.17,2026-10-17,0.4828,0,0,ACTIVE
L700192,C109601,Auto Finance,521900.0,21.46,60,14254.0,2025-11-13,0.6245,0,30,CLOSED
L700193,C104624,Personal Loan,347000.0,14.95,36,12021.52,2024-07-06,0.2994,0,0,ACTIVE
L700194,C103328,Auto Finance,883700.0,17.36,60,22133.73,2023-09-22,0.2423,1,30,CLOSED
L700195,C103605,Credit Card,398200.0,21.05,12,37086.61,2026-10-11,0.0814,0,0,CLOSED
L700196,C103473,Credit Card,861200.0,17.94,12,78928.72,2026-01-15,0.2133,0,45,CLOSED
L700197,C106950,Credit Card,240300.0,23.44,12,22660.2,2027-03-09,0.6022,0,30,ACTIVE
L700198,C104937,Personal Loan,259300.0,17.96,36,9369.62,2023-09-04,0.0041,1,0,ACTIVE
L700199,C109562,Personal Loan,288600.0,17.73,36,10395.06,2026-03-02,0.3421,1,30,ACTIVE
L700200,C100608,Auto Finance,610300.0,21.03,60,16521.41,2024-04-14,0.1414,1,98,DEFAULT
L700201,C103814,Credit Card,17600.0,15.86,12,1595.01,2023-05-23,0.6504,1,0,ACTIVE
L700202,C110442,Personal Loan,1935700.0,24.35,36,76300.43,2024-02-05,0.1022,2,30,CLOSED
L700203,C109111,Home Finance,2785600.0,23.86,180,57035.67,2026-10-29,0.5803,1,30,ACTIVE
L700204,C107682,Home Finance,3515200.0,18.99,180,59130.78,2023-08-15,0.6652,2,15,ACTIVE
L700205,C104990,Credit Card,53500.0,20.09,12,4954.04,2023-09-23,0.6532,1,0,ACTIVE
L700206,C106877,Home Finance,1026900.0,20.29,180,18255.45,2022-09-10,0.3296,0,30,ACTIVE
L700207,C109010,Auto Finance,364000.0,22.99,60,10259.37,2027-10-25,0.0125,0,45,ACTIVE
L700208,C105780,Personal Loan,556000.0,23.87,36,21773.61,2022-09-22,0.5915,1,0,ACTIVE
L700209,C102590,Personal Loan,419700.0,15.34,36,14618.31,2023-03-22,0.2471,0,0,CLOSED
L700210,C110393,Credit Card,550500.0,21.62,12,51423.15,2026-06-28,0.4666,0,30,ACTIVE
L700211,C110949,Credit Card,115200.0,17.02,12,10510.01,2026-02-15,0.4353,0,0,ACTIVE
L700212,C100904,Credit Card,492700.0,17.47,12,45049.4,2023-11-25,0.4124,0,45,ACTIVE
L700213,C107582,Auto Finance,1761700.0,,60,42804.66,2025-09-28,0.7089,0,0,ACTIVE
L700214,C102026,Home Finance,1053700.0,21.19,180,19439.54,2026-05-21,0.1977,0,45,ACTIVE
L700215,C102306,Credit Card,330600.0,15.41,12,29904.69,2023-08-28,0.3391,0,30,ACTIVE
L700216,C111417,Auto Finance,251000.0,18.09,60,6386.89,2023-12-09,0.3157,0,30,ACTIVE
L700217,C101971,Personal Loan,695200.0,16.47,36,24603.65,2024-04-23,0.4223,1,45,ACTIVE
L700218,C101037,Personal Loan,1210300.0,16.04,36,42575.84,2027-01-10,0.4458,0,0,CLOSED
L700219,C100258,Home Finance,2277000.0,14.55,180,31169.78,2024-02-02,0.1212,0,15,CLOSED
L700220,C108230,Credit Card,76500.0,19.16,12,7055.57,2025-07-24,0.6269,0,0,ACTIVE
L700221,C107933,Personal Loan,188300.0,19.83,36,6983.13,2024-09-09,0.4229,0,7,ACTIVE
L700222,C105989,Auto Finance,648600.0,18.77,60,16742.97,2025-06-27,0.393,1,15,ACTIVE
L700223,C102496,Auto Finance,2352900.0,17.14,60,58652.0,2025-09-07,0.1424,0,45,ACTIVE
L700224,C109555,Personal Loan,572900.0,25.32,36,22874.38,2023-05-14,0.1872,0,0,ACTIVE
L700225,C102875,Auto Finance,1005400.0,19.75,60,26496.4,2022-11-17,0.2374,0,0,ACTIVE
L700226,C107013,Credit Card,162700.0,11.55,12,14417.71,2025-12-04,0.2646,0,15,CLOSED
L700227,C100373,Personal Loan,752800.0,19.84,36,27916.07,2026-07-18,0.1517,1,0,ACTIVE
L700228,C108327,Personal Loan,301000.0,16.64,36,10677.21,2025-02-22,0.5239,0,0,ACTIVE
L700229,C103593,Home Finance,1007400.0,23.5,180,20349.14,2023-04-12,0.0474,1,0,ACTIVE
L700230,C105388,Credit Card,257800.0,15.97,12,23385.06,2024-07-16,0.5775,2,15,ACTIVE
L700231,C111150,Credit Card,307900.0,,12,29137.79,2024-11-03,0.1206,1,0,ACTIVE
L700232,C111662,Personal Loan,242600.0,25.76,36,9744.96,2023-08-26,0.3373,0,158,DEFAULT
L700233,C106216,Credit Card,151200.0,22.94,12,14216.9,2025-12-13,0.6815,0,0,ACTIVE
L700234,C100912,Personal Loan,1043500.0,15.49,36,36423.65,2025-05-25,0.1844,0,7,ACTIVE
L700235,C106744,Personal Loan,1328500.0,22.87,36,51337.78,2026-03-30,0.0953,0,0,ACTIVE
L700236,C108947,Personal Loan,528400.0,16.05,36,18590.01,2024-06-08,0.2101,0,30,ACTIVE
L700237,C111511,Auto Finance,363700.0,17.57,60,9151.33,2023-07-07,0.5542,0,45,ACTIVE
L700238,C102245,Auto Finance,414800.0,17.87,60,10504.43,2024-07-21,0.5078,0,0,ACTIVE
L700239,C100151,Auto Finance,981000.0,18.31,60,25075.87,2025-02-02,0.0615,0,45,ACTIVE
L700240,C100564,Personal Loan,525000.0,21.64,36,19953.72,2023-06-13,0.4981,0,45,CLOSED
L700241,C109453,Personal Loan,744500.0,17.45,36,26710.49,2024-12-06,0.361,0,45,ACTIVE
L700242,C105218,Home Finance,314600.0,23.27,180,6299.52,2026-09-30,0.2785,0,7,ACTIVE
L700243,C103253,Credit Card,230200.0,22.49,12,21598.76,2023-06-06,0.7535,0,30,ACTIVE
L700244,C106482,Home Finance,5579900.0,21.56,180,104488.5,2024-03-08,0.5184,1,0,ACTIVE
L700245,C108824,Credit Card,446900.0,22.04,12,41835.83,2024-11-07,0.5532,0,45,ACTIVE
L700246,C103493,Personal Loan,373400.0,18.99,36,13686.25,2023-12-10,0.5682,0,0,ACTIVE
L700247,C101043,Personal Loan,964200.0,19.71,36,35689.38,2023-01-13,0.85,1,30,CLOSED
L700248,C110219,Personal Loan,315700.0,17.57,36,11345.89,2024-11-07,0.1088,3,30,CLOSED
L700249,C101190,Personal Loan,795400.0,17.51,36,28561.89,2027-03-14,0.6412,0,0,ACTIVE
L700250,C106408,Home Finance,8758100.0,17.39,180,137216.35,2026-01-26,0.5788,1,0,ACTIVE
L700251,C107999,Auto Finance,1025600.0,,60,26926.51,2025-02-21,0.0995,1,0,ACTIVE
L700252,C111248,Auto Finance,1041300.0,21.55,60,28494.35,2025-12-22,0.3074,0,0,ACTIVE
L700253,C101077,Auto Finance,1795800.0,18.5,60,46090.19,2024-07-15,0.5055,1,30,ACTIVE
L700254,C103107,Personal Loan,124200.0,21.14,36,4687.43,2024-10-10,0.0302,1,15,CLOSED
L700255,C107069,Personal Loan,743600.0,18.78,36,27174.79,2026-11-26,0.2283,0,30,CLOSED
L700256,C101296,Home Finance,2747400.0,,180,43514.87,2022-09-09,0.1436,1,7,CLOSED
L700257,C111896,Personal Loan,1509600.0,23.07,36,58490.84,2025-04-19,0.6937,0,30,ACTIVE
L700258,C101325,Personal Loan,1178200.0,18.68,36,42999.22,2027-04-16,0.2509,1,0,ACTIVE
L700259,C107127,Credit Card,183100.0,18.43,12,16827.17,2024-05-19,0.0,1,45,ACTIVE
L700260,C111685,Personal Loan,937800.0,21.69,36,35665.09,2024-05-05,0.0378,0,0,ACTIVE
L700261,C110655,Credit Card,915800.0,,12,85713.43,2022-09-08,0.5653,0,0,ACTIVE
L700262,C100060,Credit Card,351900.0,16.21,12,31967.15,2026-03-03,0.7158,0,30,ACTIVE
L700263,C109446,Credit Card,1232500.0,21.18,12,114866.39,2024-10-02,0.5383,1,0,CLOSED
L700264,C105969,Auto Finance,608000.0,10.09,60,12944.78,2023-10-29,0.5366,0,45,ACTIVE
L700265,C110330,Credit Card,174700.0,20.03,12,16182.36,2025-05-28,0.4224,0,15,ACTIVE
L700266,C109639,Credit Card,321200.0,20.72,12,29864.31,2027-05-06,0.225,0,30,ACTIVE
L700267,C109988,Credit Card,267800.0,21.45,12,24994.02,2023-07-08,0.1529,0,0,CLOSED
L700268,C102173,Home Finance,1192700.0,14.14,180,15995.69,2023-12-03,0.4756,0,30,ACTIVE
L700269,C102885,Personal Loan,885200.0,19.11,36,32495.59,2024-03-22,0.6735,0,30,ACTIVE
L700270,C111456,Credit Card,257300.0,14.09,12,23112.17,2023-08-23,0.6805,0,0,ACTIVE
L700271,C102047,Personal Loan,2026600.0,19.82,36,75130.14,2023-09-14,0.3489,0,0,ACTIVE
L700272,C104997,Personal Loan,609900.0,15.98,36,21437.22,2026-01-21,0.0392,0,15,CLOSED
L700273,C111263,Auto Finance,1647600.0,19.12,60,42848.68,2025-09-25,0.6038,0,15,CLOSED
L700274,C107893,Personal Loan,236200.0,,36,8169.55,2025-09-18,0.1535,0,269,DEFAULT
L700275,C103390,Credit Card,352800.0,20.88,12,32832.36,2022-11-24,0.7993,0,0,CLOSED
L700276,C100538,Personal Loan,289500.0,17.34,36,10368.83,2024-10-20,0.2378,0,0,CLOSED
L700277,C101582,Home Finance,758400.0,19.17,180,12857.69,2024-05-30,0.5813,0,45,ACTIVE
L700278,C101119,Personal Loan,220700.0,19.9,36,8191.25,2027-01-05,0.6421,0,0,ACTIVE
L700279,C104602,Credit Card,130600.0,18.89,12,12024.27,2025-09-25,0.531,1,7,ACTIVE
L700280,C106147,Personal Loan,412700.0,22.88,36,15950.41,2027-01-15,0.3579,0,30,ACTIVE
L700281,C105872,Credit Card,152000.0,19.76,12,14065.35,2024-07-21,0.2452,1,0,ACTIVE
L700282,C105928,Home Finance,1396600.0,18.89,180,23391.77,2024-08-03,0.5756,1,0,CLOSED
L700283,C101860,Auto Finance,815900.0,21.83,60,22455.84,2024-03-10,0.1658,0,0,ACTIVE
L700284,C103945,Personal Loan,1180500.0,17.66,36,42475.03,2025-07-12,0.3116,3,290,DEFAULT
L700285,C110831,Personal Loan,508000.0,21.63,36,19303.13,2022-05-11,0.257,0,0,ACTIVE
L700286,C111323,Auto Finance,679700.0,18.18,60,17325.79,2023-12-21,0.227,0,7,ACTIVE
L700287,C109365,Auto Finance,1282900.0,15.21,60,30662.88,2024-04-16,0.0739,0,45,ACTIVE
L700288,C108253,Auto Finance,978300.0,14.57,60,23054.61,2026-02-05,0.4627,0,0,ACTIVE
L700289,C105855,Personal Loan,1257300.0,,36,45159.61,2024-06-01,0.1546,0,0,CLOSED
L700290,C108487,Personal Loan,314300.0,19.49,36,11597.27,2022-04-06,0.3182,0,30,ACTIVE
L700291,C102454,Home Finance,1917700.0,20.41,180,34262.99,2026-07-17,0.1742,1,30,ACTIVE
L700292,C108648,Credit Card,498600.0,23.8,12,47099.02,2024-08-03,0.1914,0,7,ACTIVE
L700293,C105768,Credit Card,88900.0,19.01,12,8191.91,2024-01-31,0.7744,0,15,ACTIVE
L700294,C106568,Personal Loan,464300.0,17.88,36,16756.86,2023-01-31,0.294,0,0,CLOSED
L700295,C106936,Auto Finance,613500.0,18.85,60,15863.86,2026-01-05,0.6709,0,45,ACTIVE
L700296,C108407,Auto Finance,1196500.0,18.5,60,30710.42,2023-07-24,0.2205,0,30,ACTIVE
L700297,C109688,Home Finance,863800.0,15.97,180,12668.82,2027-02-02,0.2687,0,30,CLOSED
L700298,C106228,Personal Loan,748800.0,17.78,36,26987.03,2025-09-24,0.2538,0,30,ACTIVE
L700299,C104935,Personal Loan,167600.0,22.52,36,6444.65,2023-09-14,0.3114,1,0,ACTIVE
L700300,C105731,Personal Loan,77900.0,17.22,36,2787.09,2025-08-08,0.1737,1,0,ACTIVE
L700301,C106599,Auto Finance,334300.0,,60,10164.59,2026-02-09,0.212,0,15,ACTIVE
L700302,C107250,Credit Card,266400.0,20.2,12,24704.49,2026-05-15,0.2745,0,7,ACTIVE
L700303,C107666,Credit Card,282200.0,20.11,12,26154.78,2025-09-07,0.2956,2,45,CLOSED
L700304,C104736,Credit Card,337000.0,10.26,12,29672.74,2024-08-20,0.1338,0,0,CLOSED
L700305,C108795,Auto Finance,1164000.0,26.74,60,35362.18,2026-07-07,0.4412,0,30,ACTIVE
L700306,C101972,Personal Loan,136500.0,26.18,36,5513.85,2024-08-12,0.4651,2,30,ACTIVE
L700307,C101389,Auto Finance,2084100.0,11.78,60,46128.71,2024-10-30,0.1125,1,0,ACTIVE
L700308,C109105,Credit Card,35200.0,21.3,12,3283.16,2026-10-01,0.0033,0,0,ACTIVE
L700309,C110645,Personal Loan,1819000.0,19.58,36,67212.85,2026-07-02,0.5594,2,7,ACTIVE
L700310,C106803,Auto Finance,301200.0,16.6,60,7421.53,2024-01-08,0.7849,0,15,ACTIVE
L700311,C102511,Credit Card,422600.0,20.01,12,39151.7,2023-09-06,0.82,0,45,ACTIVE
L700312,C108978,Home Finance,2483100.0,22.83,180,48884.1,2024-12-13,0.1185,0,0,ACTIVE
L700313,C105356,Credit Card,451500.0,20.18,12,41862.91,2026-02-19,0.9054,2,45,CLOSED
L700314,C109239,Auto Finance,1924100.0,22.49,60,53678.39,2025-08-16,0.5427,1,0,ACTIVE
L700315,C104015,Home Finance,2772500.0,14.89,180,38594.96,2025-05-28,0.4606,0,15,ACTIVE
L700316,C108601,Credit Card,321900.0,28.56,12,31152.3,2025-08-30,0.2108,1,108,DEFAULT
L700317,C107440,Auto Finance,258800.0,13.88,60,6005.41,2025-05-04,0.0976,0,0,CLOSED
L700318,C101196,Auto Finance,768400.0,21.46,60,20988.26,2027-04-07,0.5328,0,45,ACTIVE
L700319,C108522,Personal Loan,254500.0,20.84,36,9566.7,2025-06-14,0.4058,0,15,CLOSED
L700320,C102709,Personal Loan,1152600.0,16.12,36,40589.51,2024-03-18,0.3058,0,0,ACTIVE
L700321,C107021,Personal Loan,1187700.0,23.18,36,46086.43,2023-04-20,0.2288,0,0,CLOSED
L700322,C110826,Credit Card,569700.0,15.21,12,51474.84,2024-04-16,0.1825,0,15,ACTIVE
L700323,C107778,Credit Card,70500.0,18.82,12,6490.75,2023-12-23,0.0636,0,0,ACTIVE
L700324,C104996,Credit Card,574800.0,23.07,12,54093.82,2024-04-21,0.7451,2,350,DEFAULT
L700325,C108393,Auto Finance,673600.0,16.33,60,16498.98,2023-07-12,0.3489,1,0,CLOSED
L700326,C106889,Auto Finance,977800.0,21.7,60,26840.38,2025-04-30,0.4066,0,325,DEFAULT
L700327,C107354,Personal Loan,571100.0,18.4,36,20761.71,2024-08-09,0.4499,0,0,CLOSED
L700328,C101697,Personal Loan,402000.0,23.67,36,15700.53,2025-10-10,0.1826,0,15,ACTIVE
L700329,C107653,Home Finance,1482600.0,17.62,180,23471.84,2023-01-07,0.6884,0,153,DEFAULT
L700330,C107649,Auto Finance,2487200.0,21.06,60,67372.1,2024-11-29,0.3083,0,0,CLOSED
L700331,C100818,Personal Loan,1148400.0,24.36,36,45270.89,2022-03-29,0.192,0,7,ACTIVE
L700332,C102574,Personal Loan,1222300.0,16.77,36,43438.11,2025-10-21,0.3902,2,0,ACTIVE
L700333,C107044,Credit Card,169500.0,26.69,12,16245.64,2022-10-23,0.5242,0,30,ACTIVE
L700334,C101412,Home Finance,2351700.0,23.86,180,48151.39,2024-07-24,0.083,0,0,ACTIVE
L700335,C108723,Credit Card,233200.0,21.94,12,21817.52,2026-12-10,0.4054,1,130,DEFAULT
L700336,C108344,Credit Card,347700.0,19.63,12,32147.91,2026-03-15,0.1811,0,0,ACTIVE
L700337,C105797,Personal Loan,1648100.0,16.67,36,58490.64,2026-09-06,0.175,0,0,ACTIVE
L700338,C111001,Auto Finance,8828000.0,12.91,60,200458.14,2024-03-28,0.4534,0,0,CLOSED
L700339,C105169,Personal Loan,956400.0,15.9,36,33576.85,2025-10-01,0.5228,0,0,ACTIVE
L700340,C100887,Auto Finance,1296400.0,20.1,60,34419.99,2023-10-13,0.6258,1,15,CLOSED
L700341,C100638,Auto Finance,302300.0,18.03,60,7681.76,2023-01-13,0.4248,0,30,ACTIVE
L700342,C108863,Home Finance,309900.0,21.75,180,5848.25,2026-04-17,0.5325,0,0,ACTIVE
L700343,C103820,Auto Finance,868200.0,20.65,60,23316.54,2024-10-02,0.3473,0,45,CLOSED
L700344,C100433,Personal Loan,442100.0,18.55,36,16105.22,2026-09-23,0.7221,0,0,ACTIVE
L700345,C104808,Personal Loan,425100.0,17.42,36,15246.5,2026-07-31,0.3378,1,0,CLOSED
L700346,C102596,Auto Finance,1335600.0,21.31,60,36365.95,2024-11-06,0.3037,1,0,ACTIVE
L700347,C109784,Personal Loan,810800.0,13.99,36,27708.59,2025-03-04,0.6762,1,0,ACTIVE
L700348,C108770,Home Finance,2116700.0,21.51,180,39557.56,2023-11-18,0.2683,0,15,CLOSED
L700349,C106855,Credit Card,233300.0,15.56,12,21117.64,2026-02-20,0.6067,0,7,ACTIVE
L700350,C110236,Credit Card,1282200.0,15.31,12,115920.11,2025-05-12,0.3509,0,7,ACTIVE
L700351,C105685,Personal Loan,1047800.0,22.52,36,40297.61,2023-12-05,0.2759,0,0,ACTIVE
L700352,C107729,Credit Card,1641500.0,20.39,12,152362.84,2025-06-08,0.493,1,0,ACTIVE
L700353,C102950,Home Finance,12854900.0,16.29,180,191405.03,2024-09-01,0.4415,1,0,ACTIVE
L700354,C110013,Personal Loan,700700.0,19.79,36,25964.62,2024-07-03,0.3821,1,15,CLOSED
L700355,C103935,Personal Loan,503900.0,18.55,36,18355.33,2026-08-13,0.2447,0,45,CLOSED
L700356,C107962,Auto Finance,1392100.0,23.5,60,39645.22,2026-10-11,0.4749,0,0,CLOSED
L700357,C108470,Personal Loan,1545700.0,19.56,36,57096.87,2025-02-25,0.3803,1,7,ACTIVE
L700358,C107989,Credit Card,36900.0,16.23,12,3352.79,2025-12-11,0.2587,0,0,ACTIVE
L700359,C108525,Personal Loan,180700.0,21.02,36,6811.39,2025-06-12,0.2388,2,0,ACTIVE
L700360,C103039,Home Finance,842400.0,19.19,180,14292.94,2024-08-01,0.4848,1,30,ACTIVE
L700361,C109808,Auto Finance,1280600.0,18.21,60,32665.47,2026-07-21,0.2126,2,0,ACTIVE
L700362,C105491,Credit Card,814100.0,19.65,12,75279.78,2025-10-26,0.7863,0,45,ACTIVE
L700363,C104201,Auto Finance,876400.0,16.54,60,21564.4,2025-08-13,0.5041,1,0,CLOSED
L700364,C108070,Personal Loan,541800.0,19.5,36,19995.77,2025-06-27,0.4253,1,15,ACTIVE
L700365,C102438,Credit Card,2102200.0,20.55,12,195292.4,2022-03-12,0.3849,0,15,ACTIVE
L700366,C108478,Personal Loan,200800.0,16.79,36,7136.61,2025-01-10,0.6875,0,0,ACTIVE
L700367,C100648,Credit Card,127100.0,24.41,12,12042.63,2025-01-21,0.078,0,7,ACTIVE
L700368,C102203,Personal Loan,2511200.0,19.91,36,93211.55,2024-06-24,0.4176,1,0,ACTIVE
L700369,C105340,Home Finance,2851000.0,17.61,180,45116.17,2023-06-01,0.317,0,0,CLOSED
L700370,C103514,Personal Loan,308200.0,,36,10744.33,2027-01-09,0.0821,0,0,CLOSED
L700371,C106124,Credit Card,121100.0,22.78,12,11376.17,2022-04-11,0.5365,0,0,ACTIVE
L700372,C105207,Auto Finance,1651600.0,15.64,60,39847.38,2024-02-17,0.4071,0,45,ACTIVE
L700373,C104364,Auto Finance,5226400.0,22.88,60,146975.53,2024-10-26,0.5766,2,0,CLOSED
L700374,C107777,Personal Loan,1083300.0,15.39,36,37758.52,2025-07-25,0.3971,0,0,ACTIVE
L700375,C111664,Personal Loan,735600.0,19.44,36,27129.32,2024-09-13,0.69,0,30,ACTIVE
L700376,C102286,Personal Loan,183800.0,23.21,36,7135.37,2024-01-18,0.716,0,0,ACTIVE
L700377,C100134,Credit Card,108800.0,23.97,12,10287.56,2025-05-30,0.3207,0,248,DEFAULT
L700378,C106411,Auto Finance,636300.0,20.08,60,16886.82,2023-03-25,0.5515,0,15,ACTIVE
L700379,C111081,Credit Card,193400.0,21.96,12,18096.65,2025-12-07,0.1652,0,0,ACTIVE
L700380,C109634,Home Finance,526300.0,26.23,180,11744.61,2026-02-14,0.5267,1,30,ACTIVE
L700381,C109714,Credit Card,95500.0,27.67,12,9198.97,2025-11-26,0.4162,0,0,ACTIVE
L700382,C110818,Auto Finance,2335700.0,23.26,60,66195.06,2023-12-07,0.2617,1,0,ACTIVE
L700383,C104564,Credit Card,342300.0,13.83,12,30708.48,2022-12-24,0.2909,0,0,CLOSED
L700384,C103117,Personal Loan,884300.0,19.27,36,32534.42,2022-10-24,0.5106,0,0,CLOSED
L700385,C105973,Home Finance,9241900.0,19.19,180,156813.09,2026-09-15,0.1787,0,0,ACTIVE
L700386,C101605,Credit Card,31700.0,21.67,12,2962.31,2023-10-05,0.0872,1,0,ACTIVE
L700387,C105483,Credit Card,492600.0,19.58,12,45535.37,2023-09-10,0.5597,0,7,CLOSED
L700388,C102862,Home Finance,1217100.0,15.79,180,17697.72,2025-05-08,0.5199,1,163,DEFAULT
L700389,C100180,Personal Loan,353400.0,19.29,36,13005.7,2025-03-31,0.1347,0,7,CLOSED
L700390,C104961,Personal Loan,166700.0,18.57,36,6073.58,2023-11-22,0.333,0,0,ACTIVE
L700391,C102587,Personal Loan,444900.0,17.81,36,16042.17,2026-01-15,0.8192,0,0,ACTIVE
L700392,C106358,Auto Finance,1134000.0,21.82,60,31203.34,2026-02-28,0.2992,0,0,ACTIVE
L700393,C110431,Personal Loan,601500.0,18.65,36,21940.99,2026-09-08,0.186,0,0,CLOSED
L700394,C105904,Personal Loan,601200.0,,36,20428.62,2025-10-06,0.5415,0,0,ACTIVE
L700395,C106433,Auto Finance,533700.0,23.4,60,15169.45,2026-06-15,0.0862,0,45,ACTIVE
L700396,C101268,Home Finance,953700.0,18.6,180,15771.46,2026-07-12,0.5167,1,45,CLOSED
L700397,C106789,Personal Loan,584800.0,18.57,36,21308.08,2024-11-14,0.3124,2,0,ACTIVE
L700398,C109445,Personal Loan,1101600.0,19.56,36,40691.65,2025-12-02,0.0803,0,0,ACTIVE
L700399,C102198,Credit Card,52000.0,21.82,12,4861.12,2025-06-30,0.003,1,0,ACTIVE
L700400,C101962,Home Finance,1512800.0,21.28,180,28011.17,2025-04-23,0.3319,0,15,CLOSED
L700401,C110770,Personal Loan,270900.0,13.16,36,9150.17,2025-02-04,0.544,0,45,ACTIVE
L700402,C109653,Home Finance,1129600.0,18.95,180,18968.56,2026-07-14,0.3229,1,45,ACTIVE
L700403,C104806,Home Finance,1715700.0,19.89,180,29993.07,2024-08-19,0.2411,0,0,ACTIVE
L700404,C110229,Personal Loan,1352900.0,14.78,36,46753.74,2027-01-07,0.1131,1,15,ACTIVE
L700405,C110450,Credit Card,385200.0,21.1,12,35884.08,2024-09-11,0.2747,0,0,ACTIVE
L700406,C107721,Credit Card,80100.0,12.26,12,7127.14,2023-06-14,0.4895,1,7,ACTIVE
L700407,C109050,Credit Card,147700.0,13.88,12,13254.65,2025-12-01,0.0782,0,0,ACTIVE
L700408,C108379,Credit Card,60700.0,22.0,12,5682.78,2025-05-30,0.1933,0,0,ACTIVE
L700409,C110222,Personal Loan,326200.0,20.83,36,12262.5,2026-09-11,0.8354,0,0,ACTIVE
L700410,C104223,Personal Loan,175600.0,17.32,36,6289.51,2024-12-08,0.224,0,0,ACTIVE
L700411,C109027,Home Finance,2177000.0,19.67,180,37705.34,2025-05-10,0.5596,0,0,ACTIVE
L700412,C111104,Auto Finance,1648700.0,16.31,60,40366.08,2024-12-03,0.3339,0,0,ACTIVE
L700413,C108809,Personal Loan,338700.0,21.39,36,12828.05,2025-05-18,0.6701,0,0,CLOSED
L700414,C105658,Personal Loan,1397400.0,15.22,36,48592.25,2026-11-16,0.3821,0,7,ACTIVE
L700415,C108193,Auto Finance,2736500.0,14.95,60,65029.11,2023-11-03,0.5993,0,0,ACTIVE
L700416,C105966,Personal Loan,719700.0,22.88,36,27813.46,2024-05-16,0.6693,0,0,ACTIVE
L700417,C105819,Personal Loan,363100.0,20.28,36,13545.79,2023-10-27,0.5997,0,30,ACTIVE
L700418,C109668,Auto Finance,5111100.0,15.56,60,123099.42,2023-11-22,0.5059,0,0,CLOSED
L700419,C102693,Personal Loan,352500.0,24.47,36,13916.59,2023-10-29,0.3592,4,0,ACTIVE
L700420,C104648,Personal Loan,506700.0,18.56,36,18462.43,2023-06-29,0.3412,0,0,CLOSED
L700421,C111160,Personal Loan,1010800.0,26.06,36,40758.04,2023-05-16,0.4382,1,30,ACTIVE
L700422,C102085,Credit Card,95000.0,21.51,12,8870.6,2023-03-06,0.8091,0,0,ACTIVE
L700423,C107126,Credit Card,589700.0,16.56,12,53659.23,2024-10-31,0.4228,0,30,ACTIVE
L700424,C107885,Home Finance,1125800.0,17.04,180,17357.92,2024-04-17,0.453,0,15,ACTIVE
L700425,C105390,Credit Card,1104800.0,18.41,12,101508.23,2025-03-03,0.4995,0,0,CLOSED
L700426,C110423,Personal Loan,334900.0,22.21,36,12824.75,2024-05-21,0.4891,0,0,ACTIVE
L700427,C108491,Credit Card,181900.0,19.64,12,16818.61,2023-02-06,0.6577,0,15,ACTIVE
L700428,C101761,Auto Finance,906200.0,14.8,60,21462.87,2026-08-28,0.2651,0,0,ACTIVE
L700429,C103040,Auto Finance,449700.0,24.7,60,13121.44,2023-10-14,0.5885,0,0,ACTIVE
L700430,C103999,Home Finance,518900.0,26.28,180,11597.97,2023-08-05,0.6481,1,0,ACTIVE
L700431,C106849,Personal Loan,241200.0,22.8,36,9312.42,2025-05-17,0.1643,0,0,ACTIVE
L700432,C110713,Personal Loan,1878800.0,20.29,36,70101.67,2025-06-13,0.3956,0,7,ACTIVE
L700433,C102739,Home Finance,1748800.0,24.16,180,36210.93,2024-10-07,0.1513,0,15,ACTIVE
L700434,C110212,Personal Loan,221400.0,17.87,36,7989.77,2024-01-12,0.6905,1,15,ACTIVE
L700435,C102664,Personal Loan,605700.0,17.93,36,21875.72,2023-01-31,0.0182,0,45,ACTIVE
L700436,C100884,Personal Loan,938500.0,17.73,36,33802.86,2023-11-12,0.111,0,45,ACTIVE
L700437,C105571,Home Finance,1926100.0,,180,37303.97,2025-03-24,0.0577,0,45,ACTIVE
L700438,C110443,Credit Card,533400.0,21.11,12,49694.75,2026-07-12,0.8245,1,7,ACTIVE
L700439,C102341,Auto Finance,2371100.0,,60,60740.33,2023-11-21,0.2152,0,45,ACTIVE
L700440,C103155,Credit Card,218500.0,20.22,12,20259.68,2023-06-09,0.2067,0,45,ACTIVE
L700441,C104006,Credit Card,599000.0,16.81,12,54581.86,2027-06-05,0.3366,1,0,ACTIVE
L700442,C110946,Personal Loan,181400.0,19.54,36,6698.0,2023-11-09,0.3628,0,0,ACTIVE
L700443,C101580,Home Finance,507600.0,18.93,180,8516.71,2026-01-24,0.3588,0,0,ACTIVE
L700444,C107860,Credit Card,113800.0,17.5,12,10402.1,2024-12-28,0.072,1,0,ACTIVE
L700445,C102896,Personal Loan,876700.0,18.46,36,31896.7,2026-05-08,0.341,0,15,ACTIVE
L700446,C104656,Credit Card,34200.0,18.88,12,3147.7,2024-03-15,0.3954,0,0,ACTIVE
L700447,C103585,Home Finance,1154400.0,17.64,180,18292.87,2024-12-16,0.493,0,15,ACTIVE
L700448,C106657,Home Finance,306600.0,25.01,180,6549.09,2023-12-13,0.4962,1,0,ACTIVE
L700449,C104979,Auto Finance,483800.0,13.41,60,11109.17,2024-12-13,0.5414,0,15,ACTIVE
L700450,C104422,Personal Loan,820000.0,19.32,36,30189.07,2023-09-01,0.2219,0,0,ACTIVE
L700451,C109158,Auto Finance,3944200.0,20.74,60,106128.8,2024-10-13,0.2696,0,0,ACTIVE
L700452,C101794,Auto Finance,1410800.0,20.35,60,37652.76,2026-07-03,0.4625,0,0,ACTIVE
L700453,C104428,Personal Loan,363200.0,17.87,36,13106.05,2025-12-19,0.4234,0,0,ACTIVE
L700454,C109215,Personal Loan,700100.0,20.25,36,26109.35,2026-08-24,0.366,1,30,ACTIVE
L700455,C111134,Auto Finance,3440700.0,16.33,60,84276.24,2023-06-04,0.1987,0,7,CLOSED
L700456,C105671,Credit Card,131400.0,18.62,12,12084.24,2027-05-23,0.6525,0,0,ACTIVE
L700457,C100868,Personal Loan,1301400.0,20.96,36,49001.93,2023-07-17,0.3663,0,15,ACTIVE
L700458,C100045,Auto Finance,286600.0,22.1,60,7931.77,2026-06-08,0.2392,1,30,ACTIVE
L700459,C107294,Auto Finance,500100.0,19.5,60,13110.74,2025-02-02,0.3248,0,0,ACTIVE
L700460,C107686,Credit Card,172200.0,21.64,12,16087.48,2023-03-01,0.2867,0,15,ACTIVE
L700461,C105477,Auto Finance,1170300.0,19.79,60,30869.23,2024-10-13,0.0904,2,30,ACTIVE
L700462,C105937,Home Finance,1591900.0,19.91,180,27853.36,2026-02-23,0.6243,0,0,ACTIVE
L700463,C101058,Auto Finance,277600.0,20.84,60,7486.04,2023-02-12,0.3124,0,45,ACTIVE
L700464,C101887,Auto Finance,1159800.0,24.1,60,33433.81,2025-11-30,0.4354,4,0,ACTIVE
L700465,C102867,Credit Card,126100.0,14.21,12,11334.07,2023-01-27,0.1485,1,45,ACTIVE
L700466,C104382,Auto Finance,935400.0,18.78,60,24150.46,2024-09-10,0.306,1,0,ACTIVE
L700467,C108602,Auto Finance,519800.0,23.6,60,14832.41,2023-11-25,0.0859,0,45,ACTIVE
L700468,C109709,Home Finance,1152900.0,,180,20847.09,2024-05-17,0.6203,0,30,ACTIVE
L700469,C104325,Credit Card,87300.0,15.1,12,7882.98,2024-01-14,0.0246,1,15,ACTIVE
L700470,C104120,Home Finance,1388000.0,19.84,180,24212.7,2026-01-25,0.4004,0,7,ACTIVE
L700471,C107906,Personal Loan,215900.0,20.61,36,8090.72,2024-05-02,0.1427,0,45,ACTIVE
L700472,C102489,Credit Card,234700.0,18.15,12,21531.64,2023-01-13,0.2576,0,7,ACTIVE
L700473,C109682,Personal Loan,1154100.0,25.62,36,46264.91,2024-06-21,0.4156,0,0,ACTIVE
L700474,C102034,Personal Loan,299100.0,21.93,36,11410.62,2023-10-05,0.424,0,15,ACTIVE
L700475,C107466,Auto Finance,1209700.0,25.54,60,35890.14,2022-11-02,0.3381,0,339,DEFAULT
L700476,C101886,Credit Card,547800.0,19.95,12,50731.02,2024-05-14,0.2915,4,161,DEFAULT
L700477,C107863,Personal Loan,828400.0,19.68,36,30652.05,2024-04-10,0.1864,0,15,ACTIVE
L700478,C100058,Personal Loan,438100.0,21.31,36,16573.96,2025-06-22,0.1839,0,0,ACTIVE
L700479,C102713,Personal Loan,301400.0,,36,10878.48,2025-09-15,0.2439,1,15,ACTIVE
L700480,C107425,Home Finance,1121800.0,23.24,180,22436.02,2023-06-25,0.6302,2,0,ACTIVE
L700481,C103750,Credit Card,162900.0,20.96,12,15169.37,2026-05-09,0.4991,0,15,ACTIVE
L700482,C101535,Home Finance,2408300.0,19.09,180,40686.32,2023-11-05,0.4043,2,45,ACTIVE
L700483,C105982,Personal Loan,1420800.0,21.08,36,53586.56,2023-09-01,0.2683,0,0,CLOSED
L700484,C102355,Personal Loan,940800.0,15.14,36,32679.2,2025-06-07,0.4798,0,45,ACTIVE
L700485,C100439,Credit Card,224100.0,17.46,12,20484.8,2026-12-23,0.3411,1,7,ACTIVE
L700486,C104634,Personal Loan,410700.0,19.52,36,15161.69,2025-04-25,0.0521,0,45,ACTIVE
L700487,C105234,Credit Card,487300.0,16.96,12,44431.98,2025-02-25,0.2535,0,0,ACTIVE
L700488,C105642,Credit Card,249100.0,20.38,12,23124.46,2023-12-09,0.2104,0,45,ACTIVE
L700489,C103236,Credit Card,351400.0,18.83,12,32359.09,2026-02-03,0.2374,0,141,DEFAULT
L700490,C109306,Personal Loan,718500.0,13.74,36,24467.07,2027-09-23,0.2279,0,7,ACTIVE
L700491,C105395,Personal Loan,95400.0,22.54,36,3670.12,2026-03-20,0.6115,0,0,CLOSED
L700492,C108124,Auto Finance,481400.0,26.15,60,14455.53,2025-11-14,0.0462,0,0,ACTIVE
L700493,C110109,Personal Loan,196100.0,15.05,36,6803.49,2027-01-13,0.3516,0,0,ACTIVE
L700494,C110235,Credit Card,192000.0,17.61,12,17568.0,2026-03-09,0.1174,0,0,ACTIVE
L700495,C106874,Credit Card,169700.0,17.52,12,15518.07,2024-03-06,0.2367,1,192,DEFAULT
L700496,C100508,Personal Loan,570200.0,15.49,36,19901.75,2024-09-04,0.1203,2,0,CLOSED
L700497,C111008,Credit Card,63800.0,18.77,12,5876.56,2027-01-27,0.4596,0,0,ACTIVE
L700498,C100675,Credit Card,193600.0,20.84,12,18016.25,2027-02-18,0.3132,0,0,ACTIVE
L700499,C105001,Auto Finance,864200.0,21.9,60,23818.72,2024-08-24,0.4712,0,0,ACTIVE
L700500,C103919,Personal Loan,2038100.0,17.42,36,73090.23,2025-02-17,0.4966,0,7,CLOSED
L700501,C109341,Credit Card,170600.0,15.1,12,15410.63,2026-12-27,0.4585,0,45,CLOSED
L700502,C108418,Home Finance,1506600.0,20.94,180,27511.85,2025-10-20,0.6431,0,0,CLOSED
L700503,C111078,Home Finance,2909100.0,20.9,180,53037.12,2024-08-12,0.1978,0,301,DEFAULT
L700504,C104977,Personal Loan,501300.0,11.46,36,16522.22,2027-01-18,0.4055,0,7,ACTIVE
L700505,C102880,Credit Card,61000.0,22.58,12,5726.02,2024-11-15,0.2234,1,7,ACTIVE
L700506,C100202,Personal Loan,618300.0,22.44,36,23752.68,2023-01-22,0.2055,0,0,ACTIVE
L700507,C102591,Credit Card,419600.0,17.28,12,38326.6,2026-11-29,0.1986,0,0,ACTIVE
L700508,C104401,Auto Finance,748300.0,18.32,60,19133.34,2026-01-01,0.7522,0,45,ACTIVE
L700509,C105835,Home Finance,2857100.0,15.26,180,40496.97,2023-04-03,0.0715,0,15,ACTIVE
L700510,C101975,Personal Loan,723800.0,16.83,36,25744.96,2026-04-10,0.0693,0,0,ACTIVE
L700511,C103797,Personal Loan,803700.0,18.93,36,29430.57,2024-09-26,0.2433,1,0,ACTIVE
L700512,C103385,Auto Finance,333400.0,19.09,60,8665.01,2025-12-03,0.5671,1,7,ACTIVE
L700513,C106882,Personal Loan,1160800.0,16.58,36,41145.21,2025-05-03,0.6351,0,15,ACTIVE
L700514,C100264,Auto Finance,111800.0,22.76,60,3135.39,2025-02-10,0.5228,0,15,ACTIVE
L700515,C107943,Personal Loan,910800.0,21.9,36,34736.35,2024-10-10,0.1364,1,0,ACTIVE
L700516,C106772,Credit Card,83800.0,22.05,12,7843.37,2026-01-20,0.2166,0,0,ACTIVE
L700517,C101935,Auto Finance,2945000.0,16.69,60,72701.27,2026-05-25,0.3097,1,0,ACTIVE
L700518,C100867,Personal Loan,2596400.0,19.92,36,96386.18,2022-04-10,0.7012,0,7,CLOSED
L700519,C100911,Personal Loan,1333700.0,15.68,36,46678.47,2024-01-12,0.3216,0,30,ACTIVE
L700520,C100032,Home Finance,1621400.0,23.94,180,33297.0,2026-04-22,0.5391,0,15,ACTIVE
L700521,C102098,Personal Loan,287900.0,15.4,36,10036.46,2024-05-21,0.2853,0,0,ACTIVE
L700522,C102106,Personal Loan,282800.0,11.07,36,9267.48,2026-10-30,0.6111,0,0,CLOSED
L700523,C101010,Home Finance,486300.0,19.24,180,8269.08,2024-05-16,0.2612,0,7,ACTIVE
L700524,C102428,Credit Card,62300.0,16.62,12,5672.66,2025-03-05,0.2792,0,15,ACTIVE
L700525,C102494,Credit Card,311700.0,16.96,12,28426.78,2023-05-31,0.5758,1,0,ACTIVE
L700526,C108118,Home Finance,3283000.0,19.88,180,57368.8,2024-04-21,0.7008,2,15,ACTIVE
L700527,C102630,Auto Finance,178800.0,22.65,60,5004.16,2025-06-09,0.3941,0,15,ACTIVE
L700528,C103438,Personal Loan,161500.0,24.25,36,6358.46,2026-07-25,0.3406,0,0,ACTIVE
L700529,C107046,Personal Loan,615900.0,19.61,36,22765.28,2025-09-22,0.3132,1,0,ACTIVE
L700530,C100977,Auto Finance,524300.0,17.05,60,13044.25,2025-08-05,0.592,0,0,CLOSED
L700531,C100599,Home Finance,3303600.0,15.78,180,48014.27,2024-03-19,0.4294,1,0,ACTIVE
L700532,C102216,Credit Card,239500.0,17.94,12,21952.36,2023-06-17,0.3744,1,15,CLOSED
L700533,C105215,Personal Loan,2217000.0,13.18,36,74893.33,2024-09-22,0.2857,1,15,ACTIVE
L700534,C109018,Credit Card,353500.0,18.2,12,32443.06,2023-09-06,0.2147,0,45,CLOSED
L700535,C111725,Personal Loan,537700.0,17.79,36,19381.99,2024-10-25,0.3568,0,0,ACTIVE
L700536,C105070,Personal Loan,204900.0,21.68,36,7790.08,2024-04-03,0.1797,0,30,ACTIVE
L700537,C104216,Personal Loan,1696000.0,15.93,36,59568.52,2025-07-09,0.343,0,45,CLOSED
L700538,C101823,Personal Loan,166900.0,19.63,36,6170.94,2024-02-16,0.2667,0,15,ACTIVE
L700539,C109286,Home Finance,4282700.0,17.29,180,66793.16,2026-08-24,0.4843,1,0,CLOSED
L700540,C105629,Auto Finance,204800.0,,60,5205.08,2025-01-05,0.7126,0,0,ACTIVE
L700541,C110119,Auto Finance,3287900.0,,60,79379.72,2025-02-07,0.8102,0,45,ACTIVE
L700542,C109002,Personal Loan,657500.0,21.12,36,24811.93,2026-09-07,0.2304,0,0,ACTIVE
L700543,C104929,Credit Card,359100.0,14.05,12,32250.02,2024-08-11,0.7678,0,346,DEFAULT
L700544,C109299,Personal Loan,1040200.0,16.08,36,36611.62,2022-12-18,0.5149,1,30,ACTIVE
L700545,C108971,Credit Card,89000.0,19.97,12,8244.27,2024-06-15,0.5156,0,0,ACTIVE
L700546,C101291,Credit Card,431400.0,18.61,12,39677.37,2022-10-04,0.4358,0,0,ACTIVE
L700547,C100961,Auto Finance,477400.0,24.87,60,13976.95,2025-08-16,0.4824,1,15,CLOSED
L700548,C100301,Auto Finance,1976500.0,18.64,60,50881.13,2026-04-19,0.2285,0,0,ACTIVE
L700549,C106233,Credit Card,690000.0,18.84,12,63533.83,2024-10-20,0.5963,1,223,DEFAULT
L700550,C102542,Credit Card,352800.0,19.47,12,32592.8,2024-11-08,0.5739,0,0,CLOSED
L700551,C110389,Home Finance,1399400.0,22.1,180,26774.78,2026-09-13,0.6635,0,15,ACTIVE
L700552,C110607,Credit Card,267400.0,20.22,12,24794.37,2023-02-09,0.3312,0,0,ACTIVE
L700553,C101247,Auto Finance,1279900.0,17.25,60,31982.34,2024-01-07,0.7149,0,0,ACTIVE
L700554,C108866,Auto Finance,882500.0,14.33,60,20686.09,2024-10-24,0.1422,1,15,ACTIVE
L700555,C101363,Credit Card,245300.0,20.41,12,22772.46,2027-02-05,0.1222,0,0,ACTIVE
L700556,C109138,Personal Loan,680700.0,18.21,36,24681.63,2023-10-13,0.136,0,260,DEFAULT
L700557,C111956,Credit Card,201600.0,21.38,12,18811.95,2025-06-08,0.4089,1,0,ACTIVE
L700558,C108202,Home Finance,950100.0,19.43,180,16287.68,2024-07-17,0.4467,0,0,ACTIVE
L700559,C105146,Personal Loan,295300.0,18.87,36,10805.29,2023-01-20,0.4387,0,0,CLOSED
L700560,C107866,Home Finance,1196500.0,15.03,180,16770.36,2025-04-15,0.2668,1,15,ACTIVE
L700561,C102305,Credit Card,135500.0,18.98,12,12487.24,2022-10-16,0.4944,0,0,ACTIVE
L700562,C100795,Auto Finance,832400.0,16.17,60,20316.99,2025-04-20,0.1275,2,0,ACTIVE
L700563,C102599,Auto Finance,725700.0,17.03,60,18046.21,2023-05-03,0.5093,0,15,ACTIVE
L700564,C107259,Home Finance,1065400.0,26.73,180,24189.71,2024-09-29,0.4511,0,0,CLOSED
L700565,C101632,Personal Loan,2443300.0,20.69,36,91664.38,2025-08-17,0.3415,0,0,ACTIVE
L700566,C110921,Credit Card,51400.0,16.64,12,4683.66,2023-03-03,0.7453,0,7,CLOSED
L700567,C101559,Credit Card,408600.0,19.28,12,37708.15,2026-04-17,0.7387,1,0,ACTIVE
L700568,C107525,Personal Loan,245000.0,,36,8971.03,2022-09-01,0.397,0,0,ACTIVE
L700569,C105914,Personal Loan,52000.0,20.23,36,1938.29,2026-11-10,0.2222,0,0,ACTIVE
L700570,C100068,Personal Loan,839600.0,17.97,36,30342.12,2025-12-02,0.3954,2,310,DEFAULT
L700571,C101227,Home Finance,1801600.0,17.41,180,28251.39,2022-10-07,0.4704,1,30,CLOSED
L700572,C106569,Personal Loan,1030800.0,18.25,36,37394.18,2026-01-25,0.2633,1,0,ACTIVE
L700573,C105187,Auto Finance,729500.0,22.01,60,20152.64,2023-10-09,0.5471,0,30,ACTIVE
L700574,C103928,Home Finance,374300.0,15.46,180,5357.04,2024-02-13,0.4006,0,30,ACTIVE
L700575,C103907,Auto Finance,1736000.0,19.34,60,45358.95,2027-05-11,0.4652,1,30,ACTIVE
L700576,C111990,Personal Loan,1226600.0,18.17,36,44450.52,2026-04-22,0.7004,0,7,ACTIVE
L700577,C105305,Personal Loan,318600.0,19.09,36,11691.65,2024-05-16,0.2641,1,30,CLOSED
L700578,C100990,Credit Card,195800.0,26.91,12,18787.8,2024-12-29,0.6491,1,45,CLOSED
L700579,C110347,Credit Card,456900.0,18.4,12,41977.53,2025-09-20,0.6271,2,7,ACTIVE
L700580,C103971,Auto Finance,473100.0,22.52,60,13206.2,2027-03-13,0.1078,0,0,ACTIVE
L700581,C108549,Personal Loan,583800.0,13.33,36,19762.88,2025-05-04,0.547,1,15,CLOSED
L700582,C100566,Credit Card,316700.0,21.39,12,29549.76,2024-05-14,0.5055,1,30,ACTIVE
L700583,C101683,Home Finance,304100.0,14.12,180,4073.86,2025-11-04,0.4117,1,30,CLOSED
L700584,C104643,Personal Loan,611700.0,16.34,36,21609.65,2026-08-18,0.3132,0,0,ACTIVE
L700585,C108708,Auto Finance,345800.0,21.1,60,9373.63,2025-09-16,0.3608,1,0,CLOSED
L700586,C109355,Auto Finance,384900.0,19.34,60,10055.49,2024-07-09,0.239,0,30,ACTIVE
L700587,C101764,Personal Loan,234000.0,24.61,36,9254.48,2025-04-06,0.3388,0,0,CLOSED
L700588,C106037,Auto Finance,1803600.0,17.78,60,45584.78,2025-09-08,0.5199,0,0,ACTIVE
L700589,C105652,Auto Finance,712300.0,23.9,60,20451.1,2025-04-09,0.0869,0,15,ACTIVE
L700590,C103551,Credit Card,134500.0,20.28,12,12478.67,2025-08-12,0.4414,0,30,ACTIVE
L700591,C110470,Personal Loan,501200.0,16.04,36,17630.1,2024-04-14,0.1256,1,0,ACTIVE
L700592,C103670,Personal Loan,537300.0,26.88,36,21902.17,2023-03-26,0.3487,0,7,ACTIVE
L700593,C102717,Auto Finance,915400.0,23.43,60,26032.22,2026-06-22,0.21,0,30,ACTIVE
L700594,C102067,Home Finance,573900.0,17.87,180,9188.27,2023-02-18,0.0329,0,7,ACTIVE
L700595,C105562,Credit Card,536100.0,18.27,12,49221.52,2023-09-12,0.8639,0,7,ACTIVE
L700596,C108445,Home Finance,622700.0,19.64,180,10770.65,2024-10-22,0.3468,0,0,ACTIVE
L700597,C101085,Personal Loan,218800.0,20.12,36,8143.39,2025-12-23,0.057,0,7,ACTIVE
L700598,C107855,Credit Card,212300.0,19.22,12,19591.0,2026-11-29,0.2324,0,0,ACTIVE
L700599,C111954,Personal Loan,1992500.0,25.11,36,79337.0,2026-10-27,0.2718,1,0,ACTIVE
L700600,C106319,Personal Loan,262200.0,18.22,36,9507.48,2025-09-13,0.2437,0,0,ACTIVE
L700601,C100915,Personal Loan,2001800.0,22.21,36,76667.4,2024-07-19,0.2253,2,45,ACTIVE
L700602,C104462,Credit Card,212500.0,25.62,12,20264.55,2022-08-08,0.4617,1,30,ACTIVE
L700603,C106245,Auto Finance,251100.0,22.76,60,7043.44,2026-10-29,0.1605,0,15,ACTIVE
L700604,C109071,Home Finance,1548700.0,11.83,180,18417.57,2024-03-08,0.5263,0,7,ACTIVE
L700605,C107518,Auto Finance,397300.0,15.26,60,9505.01,2026-04-08,0.5021,0,45,CLOSED
L700606,C102196,Credit Card,222500.0,23.27,12,20960.97,2024-07-16,0.0412,0,0,ACTIVE
L700607,C104424,Auto Finance,761800.0,19.97,60,20171.03,2025-03-19,0.4784,0,45,ACTIVE
L700608,C111301,Credit Card,272800.0,15.9,12,24739.37,2026-06-28,0.4006,1,15,ACTIVE
L700609,C100418,Credit Card,151800.0,18.74,12,13969.65,2025-02-01,0.5511,0,7,ACTIVE
L700610,C106502,Credit Card,95700.0,15.14,12,8641.76,2026-10-24,0.3665,0,45,ACTIVE
L700611,C109061,Auto Finance,287700.0,17.89,60,7288.92,2024-06-07,0.2758,0,0,CLOSED
L700612,C101064,Auto Finance,1195700.0,14.77,60,28300.85,2025-08-03,0.186,0,0,ACTIVE
L700613,C104919,Auto Finance,403000.0,19.18,60,10494.61,2023-10-06,0.1737,0,0,ACTIVE
L700614,C102642,Credit Card,966400.0,15.83,12,87603.21,2026-04-15,0.4502,1,30,CLOSED
L700615,C103906,Auto Finance,452700.0,24.01,60,13025.63,2025-10-26,0.2086,1,0,ACTIVE
L700616,C101595,Personal Loan,574300.0,19.38,36,21160.66,2022-11-23,0.7883,0,0,ACTIVE
L700617,C105952,Personal Loan,467200.0,16.94,36,16643.24,2026-01-15,0.8544,1,15,ACTIVE
L700618,C106814,Personal Loan,1486900.0,17.98,36,53738.5,2024-10-13,0.2181,1,0,CLOSED
L700619,C102857,Credit Card,759800.0,17.49,12,69472.87,2025-02-15,0.2053,0,0,ACTIVE
L700620,C111617,Credit Card,421800.0,20.96,12,39271.44,2025-01-27,0.5473,1,0,ACTIVE
L700621,C107084,Home Finance,338600.0,18.23,180,5508.68,2025-09-13,0.584,1,142,DEFAULT
L700622,C102325,Credit Card,141000.0,18.63,12,12965.08,2023-11-14,0.4731,0,15,ACTIVE
L700623,C107862,Personal Loan,447300.0,19.02,36,16399.51,2026-03-23,0.3524,0,7,ACTIVE
L700624,C111395,Personal Loan,1521400.0,22.24,36,58292.1,2026-10-06,0.1912,0,0,ACTIVE
L700625,C106493,Personal Loan,1186900.0,18.36,36,43123.99,2025-03-18,0.4809,0,0,ACTIVE
L700626,C106162,Personal Loan,58400.0,15.86,36,2048.04,2024-10-19,0.5855,0,0,ACTIVE
L700627,C110300,Credit Card,178800.0,20.71,12,16625.23,2026-03-16,0.6787,0,0,ACTIVE
L700628,C101718,Credit Card,74800.0,14.45,12,6735.58,2023-03-05,0.1607,0,0,ACTIVE
L700629,C100168,Credit Card,110500.0,18.58,12,10160.63,2027-05-16,0.4357,0,0,ACTIVE
L700630,C107848,Credit Card,129000.0,,12,11894.54,2024-08-10,0.2936,1,0,ACTIVE
L700631,C100140,Home Finance,1550400.0,18.56,180,25595.16,2024-08-18,0.2177,1,0,ACTIVE
L700632,C104019,Personal Loan,237500.0,10.99,36,7774.16,2025-10-07,0.3591,0,15,ACTIVE
L700633,C109832,Auto Finance,1583900.0,16.84,60,39228.83,2025-06-16,0.522,0,45,ACTIVE
L700634,C102647,Personal Loan,326000.0,18.53,36,11872.52,2024-02-17,0.6784,0,30,ACTIVE
L700635,C104109,Home Finance,2998400.0,16.54,180,45172.01,2026-10-01,0.2778,0,0,CLOSED
L700636,C111267,Home Finance,644000.0,17.64,180,10204.07,2024-11-26,0.0989,0,0,CLOSED
L700637,C107601,Home Finance,708500.0,15.02,180,9926.06,2025-07-28,0.2511,1,0,CLOSED
L700638,C100852,Personal Loan,762600.0,16.36,36,26947.55,2024-05-19,0.099,0,30,ACTIVE
L700639,C111391,Home Finance,1349700.0,26.34,180,30231.76,2024-03-05,0.225,0,30,CLOSED
L700640,C109547,Home Finance,1405200.0,19.91,180,24586.88,2022-10-07,0.4766,0,15,ACTIVE
L700641,C100027,Credit Card,402000.0,23.28,12,37870.62,2025-12-31,0.5491,0,0,CLOSED
L700642,C101424,Auto Finance,547200.0,19.71,60,14408.73,2024-06-18,0.236,0,7,ACTIVE
L700643,C101669,Personal Loan,1688900.0,17.74,36,60838.74,2023-11-10,0.0741,0,15,CLOSED
L700644,C106101,Personal Loan,1026300.0,,36,38105.89,2026-07-23,0.1492,0,0,ACTIVE
L700645,C107296,Home Finance,4154600.0,20.39,180,74167.3,2023-08-03,0.5089,0,7,ACTIVE
L700646,C101813,Credit Card,266900.0,21.53,12,24915.41,2023-02-18,0.4474,0,7,CLOSED
L700647,C110014,Personal Loan,247500.0,22.4,36,9502.7,2025-12-04,0.3165,0,0,CLOSED
L700648,C110758,Auto Finance,428300.0,21.68,60,11751.87,2026-03-16,0.8524,0,30,ACTIVE
L700649,C101349,Credit Card,234400.0,21.97,12,21936.53,2026-01-05,0.3479,0,225,DEFAULT
L700650,C100951,Credit Card,239900.0,22.75,12,22542.4,2023-11-09,0.5491,0,0,ACTIVE
L700651,C111989,Personal Loan,543600.0,20.99,36,20478.71,2024-11-28,0.5391,2,0,ACTIVE
L700652,C106692,Credit Card,101200.0,20.83,12,9414.41,2024-07-02,0.5381,0,0,ACTIVE
L700653,C100350,Home Finance,1042300.0,20.26,180,18505.84,2022-11-09,0.7834,1,0,CLOSED
L700654,C104945,Credit Card,1279000.0,17.02,12,116666.76,2024-02-12,0.5201,0,7,ACTIVE
L700655,C107497,Personal Loan,773900.0,20.96,36,29142.07,2025-07-31,0.6475,0,7,ACTIVE
L700656,C109282,Personal Loan,100500.0,18.86,36,3677.56,2024-08-03,0.4749,0,0,ACTIVE
L700657,C107413,Home Finance,321600.0,21.51,180,6010.08,2027-04-05,0.6283,0,0,ACTIVE
L700658,C106525,Home Finance,568900.0,16.49,180,8550.42,2025-05-29,0.1607,0,0,CLOSED
L700659,C106662,Auto Finance,1535100.0,,60,47973.23,2024-01-01,0.5095,0,7,ACTIVE
L700660,C103239,Home Finance,1213700.0,22.43,180,23524.31,2025-12-16,0.1898,0,30,ACTIVE
L700661,C108361,Personal Loan,600700.0,16.53,36,21276.91,2023-10-01,0.3588,0,45,ACTIVE
L700662,C101214,Auto Finance,2566200.0,19.4,60,67133.7,2023-03-22,0.2136,2,0,ACTIVE
L700663,C108949,Credit Card,180900.0,18.71,12,16646.53,2026-01-27,0.064,0,15,ACTIVE
L700664,C109305,Home Finance,1091800.0,18.31,180,17826.11,2022-07-12,0.3843,0,45,ACTIVE
L700665,C107483,Auto Finance,780600.0,18.27,60,19937.06,2024-10-12,0.43,2,0,CLOSED
L700666,C102271,Credit Card,528700.0,16.9,12,48191.97,2026-04-09,0.2502,0,0,CLOSED
L700667,C111271,Personal Loan,44300.0,21.83,36,1687.15,2027-06-16,0.5153,0,30,ACTIVE
L700668,C108369,Home Finance,872700.0,20.66,180,15754.34,2025-01-15,0.8236,1,0,ACTIVE
L700669,C106984,Auto Finance,1088700.0,21.24,60,29600.39,2023-06-12,0.285,0,0,ACTIVE
L700670,C101000,Personal Loan,1007300.0,17.97,36,36399.77,2026-11-04,0.5801,1,0,ACTIVE
L700671,C111270,Personal Loan,1597500.0,22.67,36,61562.93,2023-11-20,0.4122,0,0,CLOSED
L700672,C110742,Credit Card,463900.0,19.17,12,42790.91,2025-03-29,0.3566,0,30,ACTIVE
L700673,C111712,Credit Card,395900.0,15.49,12,35825.74,2024-05-09,0.2945,1,7,CLOSED
L700674,C105912,Auto Finance,129200.0,19.3,60,3372.05,2024-07-13,0.2993,1,303,DEFAULT
L700675,C101256,Credit Card,252700.0,20.63,12,23482.32,2022-08-02,0.5921,0,45,ACTIVE
L700676,C101908,Personal Loan,697600.0,23.3,36,27111.22,2025-09-25,0.6498,0,0,ACTIVE
L700677,C105549,Home Finance,1002700.0,16.33,180,14957.95,2024-10-28,0.315,0,30,ACTIVE
L700678,C108389,Auto Finance,672700.0,18.96,60,17436.6,2024-07-19,0.0623,1,45,ACTIVE
L700679,C103793,Auto Finance,1316800.0,16.83,60,32605.08,2023-05-19,0.3781,0,45,CLOSED
L700680,C111730,Personal Loan,392500.0,14.63,36,13534.19,2023-11-05,0.359,0,7,ACTIVE
L700681,C105328,Credit Card,85300.0,20.69,12,7929.2,2025-04-13,0.6653,2,7,ACTIVE
L700682,C104193,Auto Finance,2593000.0,17.88,60,65675.19,2023-05-03,0.1179,0,7,ACTIVE
L700683,C107347,Credit Card,247400.0,20.07,12,22922.0,2027-04-16,0.1753,4,330,DEFAULT
L700684,C110494,Credit Card,169200.0,19.4,12,15628.16,2025-01-31,0.1944,0,7,ACTIVE
L700685,C111934,Personal Loan,384200.0,17.79,36,13850.85,2023-06-27,0.5755,1,30,ACTIVE
L700686,C107331,Credit Card,2026400.0,17.91,12,185692.46,2027-03-24,0.2426,1,7,CLOSED
L700687,C106751,Home Finance,4318400.0,,180,76258.63,2023-08-31,0.5922,0,7,ACTIVE
L700688,C102789,Credit Card,466100.0,16.84,12,42477.15,2023-08-31,0.2084,0,45,ACTIVE
L700689,C106460,Auto Finance,1205900.0,16.72,60,29787.65,2024-12-29,0.431,0,0,ACTIVE
L700690,C106886,Personal Loan,221600.0,17.96,36,8008.58,2022-07-27,0.4869,0,7,ACTIVE
L700691,C109146,Home Finance,505200.0,20.96,180,9233.76,2024-07-31,0.8185,0,0,ACTIVE
L700692,C110503,Home Finance,1418600.0,20.95,180,25916.87,2025-01-24,0.6371,1,15,ACTIVE
L700693,C109797,Personal Loan,41400.0,29.93,36,1756.43,2023-12-23,0.3103,0,0,ACTIVE
L700694,C103570,Auto Finance,722100.0,17.58,60,18173.08,2024-10-02,0.2668,0,30,CLOSED
L700695,C109155,Personal Loan,697000.0,15.61,36,24371.73,2026-04-30,0.4134,1,0,ACTIVE
L700696,C101538,Personal Loan,427500.0,16.41,36,15117.01,2025-05-05,0.7677,0,7,ACTIVE
L700697,C100572,Personal Loan,946300.0,,36,34499.89,2023-06-06,0.3817,0,152,DEFAULT
L700698,C103782,Auto Finance,251500.0,18.39,60,6440.08,2022-10-17,0.1659,0,0,ACTIVE
L700699,C107392,Credit Card,370000.0,21.88,12,34610.07,2026-08-19,0.3925,2,266,DEFAULT
L700700,C101463,Personal Loan,502300.0,16.24,36,17718.14,2025-12-06,0.8236,1,15,ACTIVE
L700701,C110773,Personal Loan,480000.0,20.91,36,18062.21,2022-09-16,0.4992,1,0,ACTIVE
L700702,C110603,Auto Finance,1825200.0,13.23,60,41743.66,2023-04-09,0.5209,0,45,CLOSED
L700703,C108840,Personal Loan,49100.0,24.16,36,1931.39,2024-07-05,0.5938,0,0,ACTIVE
L700704,C102451,Auto Finance,241900.0,,60,6730.78,2025-04-09,0.4681,0,0,CLOSED
L700705,C105645,Home Finance,4403200.0,16.28,180,65531.13,2025-06-18,0.095,0,0,ACTIVE
L700706,C105467,Personal Loan,900000.0,22.8,36,34745.4,2026-04-11,0.536,0,0,ACTIVE
L700707,C102925,Auto Finance,1693700.0,15.53,60,40766.91,2023-04-25,0.2293,1,0,ACTIVE
L700708,C109636,Home Finance,160300.0,,180,2881.11,2025-11-20,0.4386,1,15,ACTIVE
L700709,C106994,Personal Loan,393600.0,21.97,36,15027.52,2024-11-04,0.3605,1,0,ACTIVE
L700710,C108123,Auto Finance,934700.0,18.54,60,24011.4,2024-11-30,0.6393,1,30,ACTIVE
L700711,C104323,Home Finance,662800.0,20.0,180,11641.35,2024-04-25,0.3763,0,0,ACTIVE
L700712,C101481,Home Finance,4772200.0,18.23,180,77642.77,2024-02-13,0.6164,0,0,ACTIVE
L700713,C104616,Credit Card,423200.0,21.17,12,39442.29,2023-03-09,0.275,0,15,CLOSED
L700714,C111428,Personal Loan,359100.0,22.16,36,13744.4,2023-12-07,0.5757,0,0,ACTIVE
L700715,C105985,Auto Finance,1329800.0,19.93,60,35179.71,2023-10-29,0.4957,0,0,ACTIVE
L700716,C106582,Auto Finance,731400.0,27.06,60,22360.02,2025-05-12,0.0808,1,45,ACTIVE
L700717,C101370,Auto Finance,4718400.0,,60,116833.96,2024-04-26,0.7327,0,0,ACTIVE
L700718,C100764,Personal Loan,2688500.0,16.81,36,95598.86,2025-10-28,0.4023,0,0,ACTIVE
L700719,C106797,Auto Finance,271700.0,17.21,60,6784.22,2025-10-02,0.4044,0,7,CLOSED
L700720,C109471,Personal Loan,892300.0,13.73,36,30378.94,2025-11-13,0.4253,0,45,ACTIVE
L700721,C100445,Auto Finance,5162800.0,14.13,60,120477.98,2025-06-26,0.2107,1,45,ACTIVE
L700722,C108375,Personal Loan,580400.0,22.05,36,22179.98,2023-12-05,0.6049,0,141,DEFAULT
L700723,C111808,Credit Card,58200.0,19.1,12,5367.35,2026-06-30,0.1641,0,30,CLOSED
L700724,C109358,Home Finance,998100.0,18.02,180,16088.01,2025-09-20,0.5215,1,30,ACTIVE
L700725,C111539,Personal Loan,383400.0,20.54,36,14353.93,2024-10-15,0.072,0,15,ACTIVE
L700726,C103334,Auto Finance,1395300.0,16.19,60,34072.96,2026-06-07,0.7699,0,30,ACTIVE
L700727,C106617,Credit Card,149200.0,,12,13563.89,2024-10-30,0.2672,1,0,ACTIVE
L700728,C103250,Home Finance,469000.0,16.0,180,6888.1,2026-07-19,0.258,1,15,CLOSED
L700729,C111661,Personal Loan,151900.0,14.6,36,5234.68,2025-11-12,0.1315,0,0,ACTIVE
L700730,C104224,Credit Card,70800.0,16.32,12,6434.57,2024-07-02,0.317,1,0,ACTIVE
L700731,C103510,Auto Finance,598000.0,22.22,60,16591.59,2023-07-22,0.3925,0,0,CLOSED
L700732,C105841,Personal Loan,98100.0,18.91,36,3592.32,2024-05-25,0.3367,0,0,ACTIVE
L700733,C109402,Personal Loan,536200.0,20.52,36,20068.05,2027-03-21,0.6976,0,7,CLOSED
L700734,C108957,Auto Finance,806400.0,17.34,60,20188.88,2026-09-09,0.1271,0,0,ACTIVE
L700735,C104281,Credit Card,366000.0,19.44,12,33801.75,2022-06-07,0.3981,0,30,ACTIVE
L700736,C109459,Credit Card,137000.0,19.72,12,12668.56,2026-09-11,0.1779,0,0,ACTIVE
L700737,C101433,Personal Loan,1093300.0,19.55,36,40379.83,2025-09-10,0.3125,0,45,ACTIVE
L700738,C102603,Home Finance,936300.0,18.0,180,15078.51,2025-12-30,0.329,1,0,CLOSED
L700739,C111202,Home Finance,2217900.0,24.06,180,45751.93,2024-12-02,0.4112,0,245,DEFAULT
L700740,C109761,Personal Loan,206600.0,20.61,36,7742.89,2025-12-01,0.5435,0,15,ACTIVE
L700741,C103778,Credit Card,321800.0,21.27,12,30004.27,2023-02-21,0.2562,0,45,ACTIVE
L700742,C100407,Auto Finance,373300.0,20.88,60,10074.59,2023-11-03,0.0885,1,45,ACTIVE
L700743,C109882,Credit Card,572700.0,21.41,12,53435.74,2025-04-18,0.367,0,334,DEFAULT
L700744,C104578,Personal Loan,646200.0,18.43,36,23499.53,2024-12-12,0.3507,0,0,ACTIVE
L700745,C105600,Personal Loan,303700.0,25.59,36,12170.83,2026-11-03,0.0578,1,0,CLOSED
L700746,C104798,Auto Finance,698900.0,18.65,60,17994.24,2025-08-23,0.7279,0,225,DEFAULT
L700747,C100061,Home Finance,5203400.0,20.35,180,92736.24,2024-11-22,0.2899,1,138,DEFAULT
L700748,C106299,Personal Loan,359600.0,9.0,36,11434.66,2025-05-14,0.26,0,0,CLOSED
L700749,C102845,Auto Finance,2891900.0,9.0,60,60031.97,2025-10-15,0.3048,0,15,CLOSED
L700750,C104998,Auto Finance,605300.0,21.01,60,16378.47,2025-11-11,0.541,1,0,ACTIVE
L700751,C101634,Personal Loan,479200.0,18.71,36,17495.89,2023-06-17,0.2313,0,15,CLOSED
L700752,C103902,Home Finance,1006900.0,19.27,180,17142.99,2025-05-01,0.5605,1,30,ACTIVE
L700753,C103064,Auto Finance,2130100.0,14.5,60,50118.32,2022-09-21,0.6223,1,0,ACTIVE
L700754,C108243,Personal Loan,553500.0,21.32,36,20945.45,2025-02-23,0.3286,0,15,ACTIVE
L700755,C110167,Credit Card,340200.0,,12,30707.28,2027-07-23,0.485,0,0,ACTIVE
L700756,C110534,Home Finance,1250700.0,,180,23532.91,2024-07-13,0.212,1,15,CLOSED
L700757,C111759,Credit Card,221700.0,21.81,12,20728.56,2025-01-23,0.0803,2,7,ACTIVE
L700758,C101552,Auto Finance,1781900.0,19.05,60,46271.79,2026-07-22,0.2384,1,0,CLOSED
L700759,C110523,Credit Card,272300.0,22.91,12,25603.49,2024-08-05,0.6308,0,0,ACTIVE
L700760,C108306,Home Finance,1803200.0,17.49,180,28379.61,2026-11-02,0.2995,1,15,ACTIVE
L700761,C106201,Auto Finance,889000.0,18.91,60,23016.83,2023-07-17,0.7613,0,0,ACTIVE
L700762,C103863,Personal Loan,1292700.0,16.98,36,46075.05,2024-01-29,0.8835,0,307,DEFAULT
L700763,C103519,Credit Card,282100.0,19.31,12,26037.58,2023-06-18,0.3642,1,0,ACTIVE
L700764,C107114,Personal Loan,520500.0,16.96,36,18546.97,2023-12-12,0.6173,0,0,ACTIVE
L700765,C101594,Auto Finance,298200.0,23.01,60,8408.51,2026-10-29,0.0556,0,30,CLOSED
L700766,C105852,Credit Card,454600.0,21.99,12,42544.93,2027-02-04,0.8021,1,15,CLOSED
L700767,C107598,Home Finance,1708000.0,20.56,180,30707.39,2025-07-09,0.3513,0,7,CLOSED
L700768,C104126,Personal Loan,2608000.0,25.78,36,104772.52,2023-01-27,0.3683,0,0,ACTIVE
L700769,C100656,Personal Loan,1257400.0,14.1,36,43034.61,2024-03-15,0.7061,1,0,CLOSED
L700770,C104987,Personal Loan,1149100.0,22.94,36,44444.04,2023-08-30,0.2235,1,45,ACTIVE
L700771,C111946,Personal Loan,892500.0,24.79,36,35385.2,2024-10-21,0.4715,0,0,ACTIVE
L700772,C108125,Personal Loan,182000.0,18.41,36,6616.15,2023-03-24,0.3399,1,15,ACTIVE
L700773,C108722,Personal Loan,412500.0,15.05,36,14309.68,2025-03-17,0.4851,0,0,CLOSED
L700774,C109428,Auto Finance,364700.0,19.28,60,9516.14,2024-03-27,0.3322,0,30,CLOSED
L700775,C105888,Personal Loan,104700.0,23.32,36,4071.34,2023-09-13,0.095,0,45,ACTIVE
L700776,C100287,Credit Card,185000.0,13.14,12,16538.53,2025-02-07,0.0896,0,45,ACTIVE
L700777,C106741,Credit Card,106700.0,19.99,12,9882.16,2026-01-14,0.2328,0,0,CLOSED
L700778,C109262,Personal Loan,653400.0,26.14,36,26373.1,2023-11-18,0.2796,1,0,CLOSED
L700779,C104386,Credit Card,308500.0,15.4,12,27903.48,2026-12-04,0.6362,0,0,ACTIVE
L700780,C101772,Home Finance,1301300.0,21.14,180,23957.37,2027-03-10,0.5631,0,0,CLOSED
L700781,C100131,Personal Loan,141900.0,22.12,36,5426.85,2025-04-07,0.2729,0,30,CLOSED
L700782,C106503,Personal Loan,1374400.0,17.51,36,49349.61,2027-08-28,0.3832,0,0,ACTIVE
L700783,C110465,Personal Loan,304400.0,18.49,36,11080.8,2025-01-15,0.346,0,113,DEFAULT
L700784,C110321,Home Finance,6329300.0,,180,113834.97,2024-06-18,0.4707,1,0,ACTIVE
L700785,C110365,Credit Card,237200.0,22.78,12,22293.09,2025-07-25,0.4813,0,0,CLOSED
L700786,C107992,Auto Finance,2471300.0,15.59,60,59560.31,2025-01-30,0.7766,1,0,ACTIVE
L700787,C109641,Personal Loan,762200.0,18.97,36,27926.1,2023-04-20,0.4737,1,0,ACTIVE
L700788,C111598,Personal Loan,450300.0,24.82,36,17862.21,2023-06-14,0.287,0,188,DEFAULT
L700789,C101622,Home Finance,1385200.0,14.94,180,19329.49,2025-11-21,0.5419,1,0,ACTIVE
L700790,C108687,Personal Loan,518800.0,16.64,36,18402.64,2027-01-10,0.3389,0,0,ACTIVE
L700791,C101375,Auto Finance,225300.0,20.05,60,5974.64,2024-11-13,0.504,0,204,DEFAULT
L700792,C100540,Credit Card,153300.0,22.93,12,14418.7,2023-05-24,0.0481,1,45,ACTIVE
L700793,C109749,Auto Finance,147700.0,21.6,60,4044.79,2025-11-12,0.2797,0,45,ACTIVE
L700794,C105729,Credit Card,140300.0,20.86,12,13057.74,2025-05-05,0.3899,0,0,ACTIVE
L700795,C102903,Personal Loan,196600.0,15.93,36,6904.33,2024-05-16,0.3151,0,7,ACTIVE
L700796,C100324,Credit Card,437500.0,17.36,12,39979.0,2025-10-10,0.1598,1,7,ACTIVE
L700797,C110252,Personal Loan,2214000.0,18.2,36,80264.48,2025-02-27,0.5526,1,30,ACTIVE
L700798,C101401,Auto Finance,176300.0,17.19,60,4400.01,2026-07-24,0.2119,0,0,ACTIVE
L700799,C107487,Credit Card,334100.0,21.32,12,31158.1,2027-07-22,0.1471,0,0,ACTIVE
L700800,C109589,Home Finance,514100.0,19.75,180,8934.57,2025-02-23,0.5317,1,0,CLOSED
L700801,C106235,Credit Card,673700.0,18.26,12,61843.73,2023-06-03,0.4856,2,274,DEFAULT
L700802,C101408,Credit Card,217200.0,18.2,12,19930.67,2025-01-26,0.5215,1,15,ACTIVE
L700803,C108748,Credit Card,393000.0,17.93,12,36019.99,2025-06-13,0.6661,2,0,ACTIVE
L700804,C105787,Auto Finance,1401900.0,12.08,60,31242.27,2025-02-24,0.4854,0,0,ACTIVE
L700805,C110768,Home Finance,843100.0,23.85,180,17256.72,2025-03-26,0.4314,0,15,CLOSED
L700806,C101143,Auto Finance,2164400.0,20.98,60,58531.26,2026-05-28,0.2337,2,0,ACTIVE
L700807,C110569,Credit Card,34700.0,21.83,12,3249.31,2024-12-15,0.0357,0,0,ACTIVE
L700808,C110054,Auto Finance,1197300.0,20.77,60,32237.5,2024-08-02,0.2743,0,0,ACTIVE
L700809,C110350,Personal Loan,428100.0,15.28,36,14899.19,2026-10-13,0.483,1,0,ACTIVE
L700810,C101386,Personal Loan,74500.0,19.81,36,2761.12,2024-11-12,0.3842,0,0,ACTIVE
L700811,C106407,Auto Finance,559200.0,19.32,60,14604.37,2023-12-31,0.6253,1,0,ACTIVE
L700812,C100560,Personal Loan,623100.0,17.37,36,22331.33,2023-03-26,0.1567,0,0,ACTIVE
L700813,C111594,Auto Finance,754900.0,20.67,60,20281.73,2024-09-01,0.4273,0,0,ACTIVE
L700814,C108419,Credit Card,137600.0,14.61,12,12395.32,2024-11-03,0.3694,2,30,CLOSED
L700815,C107090,Auto Finance,253400.0,19.12,60,6589.69,2026-12-09,0.3167,0,7,ACTIVE
L700816,C109005,Auto Finance,1662700.0,,60,43460.16,2022-07-19,0.3664,0,30,ACTIVE
L700817,C100559,Credit Card,97400.0,18.7,12,8958.98,2023-09-06,0.1849,0,0,ACTIVE
L700818,C105851,Auto Finance,814800.0,21.02,60,22053.2,2024-06-11,0.3313,0,45,CLOSED
L700819,C100453,Auto Finance,370300.0,21.82,60,10190.33,2025-04-12,0.301,0,0,CLOSED
L700820,C102272,Auto Finance,958800.0,21.17,60,26029.22,2025-04-11,0.719,1,128,DEFAULT
L700821,C105568,Personal Loan,1167300.0,17.13,36,41691.64,2025-06-05,0.1464,0,0,CLOSED
L700822,C107321,Auto Finance,395500.0,19.27,60,10319.11,2025-09-27,0.4225,1,45,ACTIVE
L700823,C102443,Credit Card,199800.0,18.8,12,18390.28,2025-11-04,0.646,0,30,ACTIVE
L700824,C100178,Personal Loan,739200.0,14.84,36,25567.11,2025-10-10,0.2409,0,7,ACTIVE
L700825,C100122,Credit Card,151900.0,13.13,12,13576.15,2026-08-05,0.5575,0,30,CLOSED
L700826,C102809,Personal Loan,684400.0,29.2,36,28753.72,2023-01-15,0.2437,0,30,CLOSED
L700827,C103530,Personal Loan,893700.0,,36,32228.6,2025-12-08,0.2398,1,0,ACTIVE
L700828,C101671,Personal Loan,147000.0,19.86,36,5451.12,2022-02-13,0.316,0,45,CLOSED
L700829,C105717,Credit Card,147800.0,18.29,12,13573.76,2024-12-10,0.006,0,0,ACTIVE
L700830,C111278,Home Finance,524000.0,21.53,180,9800.21,2024-06-24,0.1223,0,45,ACTIVE
L700831,C111380,Credit Card,100200.0,20.47,12,9308.12,2024-10-23,0.3664,0,0,ACTIVE
L700832,C103228,Credit Card,101900.0,21.23,12,9496.94,2024-12-14,0.0524,0,15,CLOSED
L700833,C101922,Credit Card,352200.0,11.87,12,31269.19,2024-10-09,0.4488,0,0,ACTIVE
L700834,C110640,Personal Loan,430900.0,18.21,36,15621.71,2025-03-25,0.2601,1,0,ACTIVE
L700835,C108920,Credit Card,459200.0,16.55,12,41781.93,2026-02-18,0.4976,0,0,ACTIVE
L700836,C101334,Personal Loan,371700.0,11.76,36,12303.58,2023-04-24,0.4892,0,0,ACTIVE
L700837,C106987,Credit Card,309900.0,20.45,12,28772.33,2025-01-17,0.7768,0,45,ACTIVE
L700838,C110839,Auto Finance,976100.0,20.35,60,26050.92,2025-03-19,0.5987,0,0,CLOSED
L700839,C102573,Credit Card,169300.0,14.22,12,15214.05,2024-11-08,0.5051,0,0,ACTIVE
L700840,C101778,Auto Finance,661200.0,25.11,60,19450.61,2025-01-10,0.3778,2,0,ACTIVE
L700841,C103835,Personal Loan,278300.0,15.61,36,9729.37,2023-12-02,0.4656,0,15,ACTIVE
L700842,C100614,Personal Loan,1602900.0,19.31,36,59007.28,2023-05-29,0.6862,1,0,ACTIVE
L700843,C108383,Home Finance,4148600.0,18.33,180,67797.83,2026-10-10,0.4667,1,15,ACTIVE
L700844,C107467,Auto Finance,1126900.0,20.24,60,30005.36,2024-09-19,0.2909,0,30,ACTIVE
L700845,C105997,Personal Loan,735500.0,18.95,36,26940.88,2024-05-10,0.1695,0,0,ACTIVE
L700846,C104324,Home Finance,207700.0,17.82,180,3317.31,2023-08-24,0.3953,0,0,ACTIVE
L700847,C102129,Personal Loan,647500.0,17.31,36,23183.48,2023-09-13,0.6432,0,7,ACTIVE
L700848,C109996,Credit Card,323800.0,26.15,12,30954.93,2026-03-22,0.3923,0,0,CLOSED
L700849,C105868,Auto Finance,1382000.0,15.96,60,33578.95,2025-07-21,0.3789,0,0,ACTIVE
L700850,C103533,Credit Card,311400.0,17.51,12,28476.74,2024-08-08,0.679,0,0,CLOSED
L700851,C105213,Personal Loan,213400.0,22.94,36,8253.36,2025-08-26,0.674,0,7,ACTIVE
L700852,C106440,Auto Finance,418300.0,12.8,60,9475.58,2027-06-17,0.471,0,102,DEFAULT
L700853,C110544,Auto Finance,559400.0,23.78,60,16022.14,2023-09-09,0.5085,0,30,CLOSED
L700854,C105647,Auto Finance,993000.0,18.97,60,25743.69,2025-08-21,0.5366,0,7,ACTIVE
L700855,C104701,Personal Loan,260600.0,16.0,36,9162.74,2026-01-06,0.6223,1,0,ACTIVE
L700856,C107026,Auto Finance,926900.0,24.06,60,26698.27,2025-11-14,0.7048,2,0,CLOSED
L700857,C108735,Personal Loan,120400.0,17.16,36,4301.08,2025-07-26,0.3444,0,7,CLOSED
L700858,C105290,Home Finance,726600.0,17.33,180,11352.15,2023-10-31,0.6742,0,7,ACTIVE
L700859,C101005,Credit Card,107600.0,21.71,12,10056.17,2025-10-27,0.0691,0,374,DEFAULT
L700860,C103333,Home Finance,653500.0,22.48,180,12691.93,2023-02-05,0.4581,0,45,ACTIVE
L700861,C107288,Auto Finance,640100.0,21.48,60,17489.0,2024-05-30,0.287,0,30,ACTIVE
L700862,C102818,Home Finance,2723700.0,11.71,180,32182.74,2024-02-24,0.6305,3,45,ACTIVE
L700863,C104357,Credit Card,567900.0,17.94,12,52047.98,2025-04-15,0.477,0,0,ACTIVE
L700864,C106951,Auto Finance,2517400.0,14.43,60,59137.42,2024-05-05,0.2841,0,7,ACTIVE
L700865,C110819,Personal Loan,90200.0,16.87,36,3209.98,2023-04-22,0.5669,1,153,DEFAULT
L700866,C104841,Auto Finance,1298400.0,,60,31354.69,2026-02-16,0.3461,1,351,DEFAULT
L700867,C108630,Personal Loan,496500.0,19.52,36,18329.29,2023-10-15,0.7843,0,0,ACTIVE
L700868,C105240,Auto Finance,292300.0,,60,8446.63,2023-08-08,0.2706,0,0,ACTIVE
L700869,C102839,Personal Loan,938400.0,21.97,36,35824.48,2026-05-21,0.2028,0,0,ACTIVE
L700870,C111698,Home Finance,2493800.0,17.28,180,38875.46,2024-02-15,0.4736,1,0,ACTIVE
L700871,C100909,Credit Card,126100.0,15.83,12,11431.69,2023-05-02,0.2397,0,15,ACTIVE
L700872,C105843,Credit Card,374300.0,16.33,12,34014.69,2025-08-28,0.4642,0,15,CLOSED
L700873,C100334,Credit Card,251900.0,20.9,12,23438.67,2022-11-21,0.4011,0,30,ACTIVE
L700874,C111005,Auto Finance,2527400.0,20.58,60,67778.1,2023-11-20,0.3167,1,15,ACTIVE
L700875,C104605,Auto Finance,1451100.0,21.75,60,39873.18,2025-12-19,0.3016,0,0,ACTIVE
L700876,C107031,Credit Card,457400.0,19.53,12,42267.26,2022-11-20,0.4947,1,7,ACTIVE
L700877,C108666,Personal Loan,1475600.0,25.71,36,59226.92,2023-11-26,0.8683,0,45,CLOSED
L700878,C109975,Auto Finance,1902000.0,14.97,60,45217.79,2024-01-02,0.6475,0,0,ACTIVE
L700879,C111513,Auto Finance,430000.0,25.1,60,12646.69,2022-11-08,0.27,0,0,ACTIVE
L700880,C106500,Auto Finance,588200.0,14.87,60,13952.18,2025-08-17,0.0801,0,7,ACTIVE
L700881,C102275,Credit Card,237400.0,23.97,12,22447.94,2024-10-08,0.3474,0,0,ACTIVE
L700882,C101403,Credit Card,162500.0,17.62,12,14871.8,2023-04-01,0.665,0,15,CLOSED
L700883,C109380,Credit Card,182900.0,17.24,12,16698.35,2024-04-10,0.4368,0,235,DEFAULT
L700884,C100201,Auto Finance,210100.0,,60,5489.64,2024-05-12,0.6069,0,45,ACTIVE
L700885,C110482,Personal Loan,1328600.0,17.13,36,47452.59,2025-04-06,0.548,3,7,CLOSED
L700886,C101969,Personal Loan,742800.0,15.43,36,25904.44,2027-05-09,0.1115,0,0,ACTIVE
L700887,C107707,Auto Finance,1636900.0,18.93,60,42398.26,2023-03-11,0.107,1,0,CLOSED
L700888,C109065,Credit Card,247100.0,20.3,12,22928.66,2024-07-02,0.2899,0,0,ACTIVE
L700889,C100003,Credit Card,394800.0,,12,36262.24,2026-09-13,0.6891,1,0,ACTIVE
L700890,C103775,Personal Loan,841300.0,18.4,36,30582.78,2024-07-20,0.3662,0,7,ACTIVE
L700891,C103036,Personal Loan,375900.0,13.73,36,12797.66,2022-12-15,0.6536,0,45,ACTIVE
L700892,C101753,Personal Loan,234200.0,12.85,36,7873.2,2023-11-29,0.3753,1,0,ACTIVE
L700893,C101487,Personal Loan,1706100.0,15.38,36,59460.94,2025-04-28,0.5588,2,373,DEFAULT
L700894,C106497,Auto Finance,1197900.0,16.26,60,29295.55,2024-08-25,0.1783,0,30,CLOSED
L700895,C111944,Auto Finance,1379500.0,17.77,60,34857.83,2025-12-03,0.2435,0,15,ACTIVE
L700896,C105093,Auto Finance,403500.0,19.92,60,10671.82,2025-10-02,0.0455,1,30,CLOSED
L700897,C104665,Credit Card,711100.0,27.3,12,68382.84,2023-07-09,0.5589,0,30,ACTIVE
L700898,C104331,Credit Card,47300.0,23.9,12,4473.94,2026-08-08,0.5221,1,7,CLOSED
L700899,C101602,Personal Loan,151300.0,18.92,36,5538.67,2027-03-03,0.2638,0,30,ACTIVE
L700900,C101714,Auto Finance,781200.0,16.76,60,19315.0,2026-11-05,0.4195,0,0,ACTIVE
L700901,C110734,Credit Card,616600.0,23.17,12,58059.42,2025-10-29,0.6452,0,122,DEFAULT
L700902,C111657,Personal Loan,1752800.0,22.58,36,67466.42,2025-09-07,0.5267,2,0,CLOSED
L700903,C111936,Personal Loan,595600.0,23.41,36,23182.81,2024-07-01,0.1096,0,45,CLOSED
L700904,C100683,Personal Loan,399100.0,21.83,36,15204.88,2026-06-29,0.6251,0,45,ACTIVE
L700905,C106596,Auto Finance,664500.0,24.9,60,19463.8,2024-06-19,0.5784,0,0,ACTIVE
L700906,C110025,Auto Finance,298800.0,20.23,60,7955.27,2023-11-16,0.0,0,45,ACTIVE
L700907,C105036,Personal Loan,1077300.0,23.09,36,41752.97,2026-09-08,0.1432,1,0,ACTIVE
L700908,C107761,Auto Finance,716700.0,14.76,60,16960.06,2025-10-12,0.2177,0,0,ACTIVE
L700909,C105053,Credit Card,83600.0,25.56,12,7972.79,2025-06-24,0.3365,0,30,ACTIVE
L700910,C101663,Personal Loan,1397300.0,18.1,36,50587.39,2024-01-15,0.2195,0,45,ACTIVE
L700911,C102828,Credit Card,195000.0,18.2,12,17892.69,2025-11-16,0.1394,0,0,CLOSED
L700912,C106082,Personal Loan,1037300.0,18.8,36,37920.08,2023-07-04,0.8347,1,15,CLOSED
L700913,C111040,Auto Finance,793600.0,15.45,60,19068.85,2025-08-14,0.2311,0,0,ACTIVE
L700914,C109579,Credit Card,188000.0,,12,17463.65,2026-11-04,0.3491,0,0,CLOSED
L700915,C102991,Personal Loan,485800.0,20.96,36,18293.84,2025-06-08,0.0078,1,7,ACTIVE
L700916,C109886,Personal Loan,927400.0,20.58,36,34739.01,2025-02-03,0.266,2,310,DEFAULT
L700917,C103579,Credit Card,436500.0,17.19,12,39846.13,2025-12-31,0.3899,1,15,ACTIVE
L700918,C108265,Credit Card,131600.0,18.04,12,12068.62,2025-10-27,0.1095,0,0,ACTIVE
L700919,C108551,Home Finance,2944700.0,15.82,180,42880.09,2025-07-10,0.7862,0,15,ACTIVE
L700920,C103581,Home Finance,982600.0,21.34,180,18238.05,2026-06-25,0.1674,0,30,ACTIVE
L700921,C109507,Auto Finance,842200.0,22.25,60,23381.89,2025-09-15,0.1665,0,15,ACTIVE
L700922,C109605,Personal Loan,1231300.0,12.47,36,41172.73,2025-04-03,0.4458,0,0,ACTIVE
L700923,C102424,Home Finance,827300.0,17.33,180,12926.16,2026-06-21,0.2554,0,30,ACTIVE
L700924,C107950,Auto Finance,595400.0,16.25,60,14558.92,2027-02-23,0.3838,0,15,ACTIVE
L700925,C105090,Personal Loan,426500.0,20.04,36,15859.67,2022-11-29,0.3432,1,45,ACTIVE
L700926,C101417,Credit Card,1599800.0,20.48,12,148563.12,2023-09-05,0.2192,0,0,ACTIVE
L700927,C103269,Home Finance,578700.0,23.74,180,11794.78,2025-05-26,0.1903,0,30,ACTIVE
L700928,C108465,Personal Loan,2064500.0,21.81,36,78639.58,2024-01-24,0.3702,0,0,CLOSED
L700929,C111602,Auto Finance,1636400.0,17.69,60,41279.59,2025-01-10,0.1548,0,0,ACTIVE
L700930,C111119,Home Finance,2835500.0,19.47,180,48692.8,2023-02-14,0.067,0,0,CLOSED
L700931,C104180,Home Finance,368900.0,22.14,180,7068.45,2027-03-31,0.0714,0,0,ACTIVE
L700932,C100157,Credit Card,120700.0,19.19,12,11134.37,2023-03-09,0.511,0,0,CLOSED
L700933,C106509,Auto Finance,227500.0,20.53,60,6095.38,2025-05-08,0.1148,0,0,ACTIVE
L700934,C104182,Credit Card,138600.0,17.14,12,12648.67,2025-04-06,0.6066,0,30,ACTIVE
L700935,C106014,Auto Finance,918200.0,18.32,60,23476.69,2024-09-13,0.7999,1,0,ACTIVE
L700936,C110830,Credit Card,164800.0,22.76,12,15481.88,2025-05-28,0.4073,0,30,ACTIVE
L700937,C105350,Auto Finance,1420800.0,20.06,60,37689.83,2022-07-24,0.1881,0,0,ACTIVE
L700938,C107647,Auto Finance,1054000.0,19.68,60,27736.06,2025-03-28,0.6895,0,45,ACTIVE
L700939,C110430,Auto Finance,657000.0,19.64,60,17275.09,2024-07-12,0.2868,1,0,ACTIVE
L700940,C101318,Personal Loan,200800.0,22.4,36,7709.22,2027-01-09,0.5185,1,30,ACTIVE
L700941,C100950,Personal Loan,164900.0,22.86,36,6372.07,2023-05-28,0.0,0,288,DEFAULT
L700942,C102016,Credit Card,1481200.0,19.08,12,136562.91,2024-08-27,0.0678,0,7,ACTIVE
L700943,C110472,Credit Card,146500.0,24.17,12,13862.33,2022-12-09,0.4673,1,30,ACTIVE
L700944,C103784,Credit Card,1394500.0,20.07,12,129228.04,2026-09-22,0.094,2,237,DEFAULT
L700945,C101863,Auto Finance,1475100.0,16.78,60,36484.97,2025-06-03,0.2063,0,30,ACTIVE
L700946,C109894,Credit Card,270000.0,22.53,12,25341.48,2026-06-22,0.7578,1,361,DEFAULT
L700947,C108667,Home Finance,1290500.0,19.87,180,22541.3,2026-02-07,0.5102,0,15,ACTIVE
L700948,C100519,Personal Loan,211400.0,20.79,36,7942.34,2024-07-23,0.0548,0,30,ACTIVE
L700949,C106063,Auto Finance,414800.0,19.31,60,10831.27,2025-09-07,0.2101,0,0,ACTIVE
L700950,C101633,Personal Loan,1224000.0,15.07,36,42472.24,2024-01-19,0.1561,0,7,ACTIVE
L700951,C101930,Home Finance,920700.0,19.17,180,15607.84,2025-05-30,0.6784,0,7,ACTIVE
L700952,C103245,Credit Card,519700.0,25.21,12,49446.83,2025-02-09,0.2492,0,30,ACTIVE
L700953,C111462,Personal Loan,277600.0,17.69,36,9991.43,2022-12-25,0.4385,0,0,CLOSED
L700954,C105732,Auto Finance,4177700.0,12.76,60,94543.99,2026-09-04,0.2722,0,15,ACTIVE
L700955,C103427,Home Finance,1493100.0,18.93,180,25051.37,2025-07-09,0.5411,1,7,CLOSED
L700956,C106527,Personal Loan,773800.0,16.93,36,27561.37,2025-12-18,0.7762,1,7,CLOSED
L700957,C100855,Personal Loan,1296300.0,17.17,36,46325.61,2024-10-28,0.613,0,15,ACTIVE
L700958,C110644,Auto Finance,429200.0,16.62,60,10579.3,2025-08-22,0.5393,1,7,ACTIVE
L700959,C101436,Personal Loan,1530300.0,12.25,36,51011.91,2025-09-07,0.298,0,7,ACTIVE
L700960,C104999,Personal Loan,1049700.0,,36,35876.04,2025-01-19,0.7122,0,45,ACTIVE
L700961,C107109,Auto Finance,629300.0,20.12,60,16714.33,2024-06-29,0.464,0,0,CLOSED
L700962,C104628,Personal Loan,1776500.0,21.47,36,67359.86,2023-12-12,0.4762,2,0,ACTIVE
L700963,C100635,Credit Card,783600.0,14.18,12,70423.75,2024-09-09,0.3063,0,15,ACTIVE
L700964,C101307,Personal Loan,202800.0,,36,7607.38,2024-09-17,0.4044,0,0,ACTIVE
L700965,C103335,Auto Finance,166200.0,17.23,60,4151.22,2024-12-11,0.3304,1,0,ACTIVE
L700966,C111815,Home Finance,631100.0,17.49,180,9933.17,2023-07-28,0.1098,0,232,DEFAULT
L700967,C102348,Personal Loan,199400.0,,36,7449.47,2026-01-04,0.8121,1,348,DEFAULT
L700968,C111490,Auto Finance,220900.0,18.9,60,5718.8,2025-11-07,0.5367,0,317,DEFAULT
L700969,C107825,Credit Card,571800.0,16.83,12,52104.21,2024-03-02,0.2817,0,7,ACTIVE
L700970,C101400,Credit Card,152500.0,17.61,12,13949.79,2025-11-26,0.3143,0,45,CLOSED
L700971,C106678,Credit Card,177200.0,18.22,12,16266.82,2023-08-24,0.4663,0,7,ACTIVE
L700972,C108969,Personal Loan,584900.0,16.63,36,20745.34,2023-03-07,0.3676,0,15,ACTIVE
L700973,C102842,Home Finance,461200.0,17.43,180,7239.6,2026-05-18,0.0736,1,0,ACTIVE
L700974,C102134,Auto Finance,3080100.0,16.37,60,75508.31,2023-04-09,0.1279,0,0,ACTIVE
L700975,C100456,Credit Card,567600.0,18.09,12,52058.83,2025-06-25,0.396,0,30,ACTIVE
L700976,C104895,Personal Loan,403400.0,23.09,36,15635.38,2023-07-02,0.2046,0,30,ACTIVE
L700977,C103840,Personal Loan,631300.0,20.72,36,23691.75,2024-08-20,0.2998,0,0,CLOSED
L700978,C107533,Credit Card,290800.0,17.33,12,26563.7,2026-10-01,0.1155,0,15,ACTIVE
L700979,C101929,Home Finance,1538200.0,20.3,180,27357.22,2026-07-13,0.4785,0,7,ACTIVE
L700980,C108731,Auto Finance,433700.0,20.75,60,11672.79,2026-05-27,0.4619,0,7,CLOSED
L700981,C100474,Credit Card,59100.0,20.76,12,5494.33,2026-12-05,0.3939,1,15,ACTIVE
L700982,C109870,Personal Loan,273800.0,16.06,36,9634.91,2026-01-07,0.1364,0,0,ACTIVE
L700983,C103123,Credit Card,311100.0,23.94,12,29412.82,2026-02-24,0.1017,0,30,ACTIVE
L700984,C102339,Auto Finance,2971900.0,,60,82335.59,2026-11-02,0.1547,0,30,CLOSED
L700985,C106244,Home Finance,396400.0,19.87,180,6924.12,2025-11-20,0.0047,0,15,CLOSED
L700986,C107495,Auto Finance,2061800.0,24.93,60,60430.88,2025-05-20,0.2171,0,0,ACTIVE
L700987,C106222,Credit Card,168800.0,21.24,12,15740.85,2024-07-07,0.3644,0,0,ACTIVE
L700988,C110841,Auto Finance,597200.0,16.91,60,14814.11,2024-07-22,0.3228,0,15,CLOSED
L700989,C109374,Auto Finance,496200.0,16.87,60,12298.26,2024-07-18,0.71,0,45,CLOSED
L700990,C109253,Auto Finance,739200.0,22.39,60,20580.84,2023-09-06,0.3427,0,0,ACTIVE
L700991,C110854,Personal Loan,470100.0,22.84,36,18157.67,2024-03-09,0.3818,0,0,ACTIVE
L700992,C110358,Auto Finance,925800.0,17.03,60,23024.67,2023-09-08,0.586,0,45,ACTIVE
L700993,C111935,Personal Loan,1035600.0,21.5,36,39281.34,2025-12-20,0.227,0,7,ACTIVE
L700994,C109489,Credit Card,187300.0,18.8,12,17240.75,2025-06-20,0.572,2,110,DEFAULT
L700995,C102194,Home Finance,4948700.0,18.75,180,82380.23,2023-09-11,0.3745,0,0,ACTIVE
L700996,C100084,Credit Card,231900.0,19.46,12,21420.02,2025-06-24,0.6339,0,30,ACTIVE
L700997,C108784,Personal Loan,181200.0,22.66,36,6982.39,2024-09-20,0.4258,0,0,ACTIVE
L700998,C107767,Auto Finance,661700.0,20.3,60,17641.02,2022-10-08,0.3013,0,30,ACTIVE
L700999,C105276,Auto Finance,592500.0,12.58,60,13353.59,2025-08-20,0.1513,0,0,ACTIVE
L701000,C110685,Credit Card,94600.0,25.62,12,9019.49,2026-05-31,0.3949,0,15,ACTIVE
L701001,C111757,Personal Loan,615600.0,18.71,36,22474.49,2024-09-29,0.4986,0,15,CLOSED
L701002,C102547,Credit Card,656900.0,16.82,12,59853.29,2027-03-27,0.3164,0,0,ACTIVE
L701003,C105424,Credit Card,155900.0,20.77,12,14496.2,2023-06-23,0.713,0,7,CLOSED
L701004,C109881,Auto Finance,306600.0,20.68,60,8240.68,2025-10-03,0.5792,0,7,ACTIVE
L701005,C100395,Credit Card,147600.0,19.52,12,13635.58,2025-02-03,0.698,0,45,ACTIVE
L701006,C104589,Personal Loan,1515600.0,21.36,36,57380.47,2025-04-14,0.1619,2,0,ACTIVE
L701007,C100113,Personal Loan,926600.0,16.18,36,32660.63,2023-12-14,0.5275,0,30,ACTIVE
L701008,C105650,Credit Card,223000.0,21.46,12,20817.92,2026-01-02,0.4363,0,45,ACTIVE
L701009,C108080,Auto Finance,575500.0,22.05,60,15912.37,2024-03-15,0.2807,0,30,ACTIVE
L701010,C108803,Auto Finance,682300.0,12.01,60,15179.9,2023-08-24,0.2407,0,0,ACTIVE
L701011,C103614,Personal Loan,110300.0,21.27,36,4172.59,2024-08-23,0.5056,0,0,ACTIVE
L701012,C109632,Home Finance,957500.0,21.02,180,17541.57,2024-07-25,0.4698,1,0,ACTIVE
L701013,C106368,Personal Loan,1084800.0,21.5,36,41147.86,2023-05-30,0.1762,2,0,CLOSED
L701014,C103968,Personal Loan,653100.0,14.8,36,22575.65,2024-10-29,0.3432,0,0,CLOSED
L701015,C110082,Personal Loan,577300.0,14.51,36,19875.61,2023-10-29,0.3605,0,0,ACTIVE
L701016,C104330,Personal Loan,369400.0,15.88,36,12965.65,2022-07-11,0.3155,0,7,ACTIVE
L701017,C108388,Auto Finance,1826800.0,20.92,60,49340.2,2025-07-01,0.2308,0,0,ACTIVE
L701018,C100312,Personal Loan,1036700.0,16.11,36,36502.96,2026-07-27,0.5031,0,0,CLOSED
L701019,C106507,Auto Finance,314400.0,12.73,60,7109.47,2025-03-09,0.2115,1,30,ACTIVE
L701020,C101050,Auto Finance,752500.0,18.59,60,19349.68,2025-09-19,0.7834,1,30,ACTIVE
L701021,C105649,Personal Loan,2983500.0,15.85,36,104670.5,2022-12-11,0.152,0,0,CLOSED
L701022,C102984,Personal Loan,1255700.0,18.45,36,45679.19,2024-09-10,0.3437,0,0,ACTIVE
L701023,C111894,Auto Finance,2344900.0,24.24,60,67784.12,2024-02-19,0.5344,2,299,DEFAULT
L701024,C102955,Home Finance,6564800.0,25.36,180,142028.14,2024-12-21,0.1465,2,45,CLOSED
L701025,C102512,Home Finance,1202300.0,17.28,180,18743.29,2024-06-11,0.3455,1,0,ACTIVE
L701026,C104326,Credit Card,260500.0,14.07,12,23400.71,2026-08-13,0.5499,1,94,DEFAULT
L701027,C103599,Personal Loan,799200.0,14.57,36,27536.23,2023-10-30,0.1491,1,0,ACTIVE
L701028,C106642,Auto Finance,687300.0,16.67,60,16959.2,2024-08-05,0.3046,0,0,ACTIVE
L701029,C105919,Credit Card,506500.0,22.71,12,47582.11,2026-02-18,0.1063,1,30,ACTIVE
L701030,C110296,Auto Finance,1113300.0,20.13,60,29576.0,2024-08-22,0.2466,0,30,ACTIVE
L701031,C108544,Home Finance,3655000.0,21.94,180,69489.42,2025-07-12,0.5224,0,15,CLOSED
L701032,C107972,Home Finance,1800100.0,24.63,180,37924.82,2023-10-02,0.6931,1,0,CLOSED
L701033,C100288,Auto Finance,2265800.0,24.99,60,66491.66,2024-04-28,0.3567,1,15,ACTIVE
L701034,C101087,Personal Loan,350300.0,20.52,36,13110.24,2024-06-25,0.268,0,15,ACTIVE
L701035,C102095,Auto Finance,1724900.0,18.87,60,44621.93,2025-02-09,0.2144,0,15,ACTIVE
L701036,C101011,Credit Card,142500.0,14.25,12,12807.37,2024-06-21,0.149,0,386,DEFAULT
L701037,C103066,Auto Finance,300400.0,24.09,60,8657.19,2025-07-26,0.1485,0,0,ACTIVE
L701038,C103151,Personal Loan,1795100.0,13.59,36,60995.64,2024-05-29,0.182,1,30,ACTIVE
L701039,C101568,Home Finance,757700.0,18.53,180,12492.59,2023-01-05,0.0469,0,0,CLOSED
L701040,C105594,Personal Loan,141600.0,12.53,36,4737.68,2023-04-22,0.4168,0,0,ACTIVE
L701041,C108492,Personal Loan,4267000.0,23.61,36,166535.99,2024-01-27,0.4352,1,15,ACTIVE
L701042,C100172,Personal Loan,2437900.0,11.72,36,80647.64,2023-11-10,0.3573,1,0,ACTIVE
L701043,C110428,Home Finance,981400.0,20.52,180,17614.16,2024-05-13,0.584,0,0,CLOSED
L701044,C102378,Home Finance,1185400.0,16.94,180,18192.99,2026-11-01,0.4412,0,15,CLOSED
L701045,C106329,Personal Loan,939900.0,15.13,36,32640.26,2023-09-28,0.2655,0,0,ACTIVE
L701046,C111690,Auto Finance,2208700.0,17.67,60,55690.55,2025-10-15,0.59,1,7,ACTIVE
L701047,C100841,Home Finance,1762000.0,14.28,180,23797.38,2026-03-18,0.4755,0,15,ACTIVE
L701048,C102779,Credit Card,542400.0,13.87,12,48671.07,2026-03-14,0.7373,0,0,ACTIVE
L701049,C102135,Credit Card,52000.0,22.31,12,4872.52,2025-05-09,0.691,0,0,ACTIVE
L701050,C104948,Credit Card,189500.0,22.33,12,17765.14,2023-05-31,0.6987,0,0,ACTIVE
L701051,C104100,Personal Loan,691100.0,15.36,36,24079.05,2026-09-17,0.4466,0,30,ACTIVE
L701052,C102279,Credit Card,741900.0,16.18,12,67377.4,2026-01-01,0.2956,1,7,ACTIVE
L701053,C104542,Personal Loan,889100.0,17.67,36,31997.34,2025-07-09,0.7107,0,15,ACTIVE
L701054,C106624,Credit Card,381500.0,17.68,12,34921.02,2024-11-19,0.1303,0,15,ACTIVE
L701055,C106860,Personal Loan,2237200.0,18.51,36,81452.76,2024-12-19,0.2168,0,0,ACTIVE
L701056,C102073,Credit Card,514400.0,20.2,12,47704.26,2025-02-13,0.5823,1,0,ACTIVE
L701057,C108552,Auto Finance,531900.0,18.77,60,13730.78,2025-03-10,0.436,0,157,DEFAULT
L701058,C108192,Auto Finance,173700.0,19.75,60,4577.96,2023-07-15,0.5584,0,0,ACTIVE
L701059,C102142,Credit Card,218200.0,19.81,12,20189.16,2025-12-30,0.6711,0,0,ACTIVE
L701060,C108411,Auto Finance,2168000.0,19.38,60,56692.93,2023-05-07,0.2912,0,15,ACTIVE
L701061,C108013,Personal Loan,701200.0,18.14,36,25397.6,2023-12-10,0.2085,0,30,ACTIVE
L701062,C100655,Home Finance,963500.0,21.63,180,18092.46,2023-10-11,0.5323,0,45,ACTIVE
L701063,C111724,Credit Card,410200.0,21.11,12,38218.75,2023-03-26,0.3425,0,30,ACTIVE
L701064,C106240,Home Finance,1446800.0,17.36,180,22635.8,2026-04-06,0.5165,0,0,CLOSED
L701065,C107156,Credit Card,408900.0,22.95,12,38458.67,2025-01-24,0.1549,0,30,ACTIVE
L701066,C102020,Auto Finance,1481400.0,17.96,60,37585.28,2026-01-05,0.2684,1,30,ACTIVE
L701067,C108154,Credit Card,75400.0,,12,7052.61,2023-11-11,0.291,0,7,ACTIVE
L701068,C108835,Home Finance,2670500.0,22.02,180,50932.68,2023-05-17,0.2436,0,30,CLOSED
L701069,C101083,Home Finance,1204500.0,18.35,180,19702.28,2026-03-29,0.4305,0,7,ACTIVE
L701070,C109656,Auto Finance,228200.0,21.55,60,6245.75,2024-02-08,0.2988,0,0,ACTIVE
L701071,C107734,Credit Card,268300.0,20.37,12,24898.77,2025-11-14,0.1645,2,15,ACTIVE
L701072,C110467,Personal Loan,6315300.0,23.5,36,246111.54,2024-08-13,0.5912,2,0,ACTIVE
L701073,C102878,Personal Loan,167400.0,19.06,36,6140.64,2024-06-12,0.5275,1,15,CLOSED
L701074,C105661,Credit Card,330000.0,14.24,12,29665.1,2024-05-30,0.2881,3,0,ACTIVE
L701075,C107799,Auto Finance,602200.0,20.65,60,16172.82,2024-05-29,0.1672,0,0,ACTIVE
L701076,C111968,Home Finance,1931200.0,19.24,180,32838.51,2025-10-11,0.5748,0,7,CLOSED
L701077,C104441,Credit Card,187800.0,17.21,12,17145.96,2025-12-04,0.5779,0,45,ACTIVE
L701078,C107530,Personal Loan,329200.0,16.87,36,11716.91,2026-06-01,0.7044,0,7,ACTIVE
L701079,C100684,Home Finance,4996200.0,13.13,180,63641.6,2024-01-04,0.3258,0,15,ACTIVE
L701080,C104412,Credit Card,134300.0,20.82,12,12495.63,2026-01-30,0.3367,0,0,CLOSED
L701081,C108135,Credit Card,324400.0,22.58,12,30448.8,2025-11-23,0.1579,1,30,ACTIVE
L701082,C103583,Credit Card,735600.0,18.46,12,67599.58,2024-05-26,0.5785,0,0,CLOSED
L701083,C106762,Home Finance,220700.0,20.67,180,3986.02,2024-06-24,0.5206,1,0,ACTIVE
L701084,C111235,Personal Loan,852100.0,21.33,36,32248.79,2026-09-01,0.4998,0,0,ACTIVE
L701085,C103727,Personal Loan,646700.0,19.28,36,23797.89,2026-11-17,0.3916,0,0,CLOSED
L701086,C107486,Credit Card,398900.0,16.68,12,36323.28,2024-10-23,0.4146,0,0,ACTIVE
L701087,C100694,Credit Card,482400.0,23.29,12,45451.95,2025-10-14,0.621,1,0,ACTIVE
L701088,C107636,Auto Finance,230200.0,19.24,60,6001.98,2023-12-11,0.4713,0,45,ACTIVE
L701089,C108153,Credit Card,110500.0,15.66,12,10006.2,2025-03-30,0.6266,0,30,ACTIVE
L701090,C108119,Home Finance,6185400.0,14.19,180,83164.34,2026-01-08,0.5766,1,0,CLOSED
L701091,C103011,Credit Card,310500.0,23.56,12,29292.12,2024-11-04,0.2871,0,7,ACTIVE
L701092,C107570,Home Finance,4456900.0,19.66,180,77159.72,2022-06-12,0.6837,0,0,ACTIVE
L701093,C105097,Auto Finance,167200.0,20.84,60,4508.09,2025-04-10,0.6732,0,0,ACTIVE
L701094,C111243,Auto Finance,2208300.0,22.81,60,62012.86,2025-05-02,0.5931,1,45,CLOSED
L701095,C106324,Home Finance,501400.0,17.38,180,7852.63,2024-08-01,0.1746,0,30,ACTIVE
L701096,C104555,Auto Finance,590200.0,18.89,60,15273.75,2023-07-29,0.2044,1,30,CLOSED
L701097,C100349,Personal Loan,627800.0,22.6,36,24171.52,2024-12-01,0.107,0,0,ACTIVE
L701098,C100517,Personal Loan,81100.0,19.46,36,2990.45,2025-08-21,0.6646,0,15,CLOSED
L701099,C105466,Auto Finance,475100.0,12.51,60,10691.63,2022-12-09,0.1891,0,0,ACTIVE
L701100,C107517,Personal Loan,1077000.0,16.48,36,38120.66,2024-04-01,0.5295,0,0,CLOSED
L701101,C109796,Home Finance,414600.0,19.66,180,7176.92,2024-07-02,0.1144,0,0,ACTIVE
L701102,C103956,Home Finance,986100.0,20.02,180,17334.23,2022-07-13,0.3104,1,45,CLOSED
L701103,C109300,Personal Loan,1053800.0,17.2,36,37675.22,2024-08-20,0.2598,1,0,CLOSED
L701104,C105769,Credit Card,83600.0,21.4,12,7799.4,2023-07-29,0.7765,1,15,ACTIVE
L701105,C104048,Auto Finance,509700.0,21.7,60,13989.68,2025-10-22,0.2528,0,0,ACTIVE
L701106,C104463,Auto Finance,495400.0,17.82,60,12531.33,2023-01-04,0.3325,4,0,ACTIVE
L701107,C102696,Auto Finance,1370500.0,16.0,60,33329.11,2027-02-01,0.2224,0,15,ACTIVE
L701108,C110010,Auto Finance,1452500.0,18.2,60,37041.76,2026-02-23,0.3789,0,7,ACTIVE
L701109,C108726,Credit Card,556000.0,14.14,12,49959.46,2023-08-09,0.3261,1,0,ACTIVE
L701110,C107251,Credit Card,274300.0,21.89,12,25658.99,2023-05-16,0.1532,0,0,ACTIVE
L701111,C105607,Personal Loan,660300.0,24.1,36,25940.54,2025-01-06,0.2868,0,0,ACTIVE
L701112,C106730,Auto Finance,2226200.0,15.14,60,53125.09,2027-08-09,0.6212,2,0,ACTIVE
L701113,C100944,Personal Loan,195100.0,22.84,36,7535.83,2023-11-09,0.5119,0,0,ACTIVE
L701114,C109467,Auto Finance,1038600.0,19.24,60,27079.76,2023-09-21,0.398,0,15,ACTIVE
L701115,C110485,Personal Loan,1597000.0,22.87,36,61710.63,2026-12-02,0.4554,3,0,ACTIVE
L701116,C108717,Credit Card,389500.0,22.21,12,36498.42,2023-06-19,0.9115,0,7,ACTIVE
L701117,C107719,Credit Card,350300.0,24.12,12,33145.2,2026-05-07,0.4932,0,204,DEFAULT
L701118,C104699,Personal Loan,202300.0,22.9,36,7820.8,2025-12-19,0.3668,0,7,CLOSED
L701119,C108609,Personal Loan,270600.0,21.03,36,10200.7,2025-12-22,0.2767,0,7,ACTIVE
L701120,C110419,Personal Loan,1047400.0,20.4,36,39140.27,2023-07-23,0.5025,0,45,ACTIVE
L701121,C107359,Credit Card,498400.0,21.77,12,46589.29,2025-10-28,0.3426,0,0,ACTIVE
L701122,C109502,Personal Loan,229100.0,16.92,36,8159.66,2022-05-01,0.1744,1,0,CLOSED
L701123,C102807,Credit Card,360800.0,,12,32532.75,2026-05-29,0.1716,1,0,CLOSED
L701124,C101640,Credit Card,484600.0,19.78,12,44840.07,2025-05-22,0.7404,0,15,CLOSED
L701125,C100800,Personal Loan,104300.0,18.2,36,3781.19,2027-07-05,0.5801,0,0,ACTIVE
L701126,C103873,Credit Card,322800.0,22.92,12,30357.23,2026-05-07,0.0581,0,30,CLOSED
L701127,C107710,Personal Loan,237900.0,22.71,36,9174.91,2025-03-08,0.4107,0,15,ACTIVE
L701128,C111676,Personal Loan,1949200.0,20.65,36,73086.38,2025-02-21,0.5125,1,0,ACTIVE
L701129,C107129,Auto Finance,1099400.0,19.56,60,28859.39,2024-11-11,0.3255,0,0,CLOSED
L701130,C105468,Credit Card,367300.0,19.24,12,33894.71,2025-06-23,0.5433,0,15,CLOSED
L701131,C100387,Credit Card,144200.0,17.69,12,13200.37,2026-08-10,0.3509,0,0,ACTIVE
L701132,C103769,Personal Loan,1442400.0,24.12,36,56680.82,2024-11-21,0.2003,0,0,CLOSED
L701133,C111259,Credit Card,931000.0,16.23,12,84573.49,2024-05-28,0.7369,0,311,DEFAULT
L701134,C108441,Credit Card,318400.0,18.04,12,29196.51,2026-04-04,0.0874,0,0,ACTIVE
L701135,C108235,Personal Loan,953900.0,25.46,36,38160.88,2024-04-08,0.1212,1,0,CLOSED
L701136,C101472,Auto Finance,596100.0,16.62,60,14693.25,2025-08-02,0.7303,0,0,CLOSED
L701137,C109014,Personal Loan,1170000.0,19.58,36,43230.95,2027-03-29,0.5255,0,7,ACTIVE
L701138,C107637,Credit Card,255700.0,11.23,12,22627.72,2026-06-03,0.5109,1,15,ACTIVE
L701139,C100653,Home Finance,2110800.0,25.05,180,45158.02,2026-03-26,0.3348,1,30,CLOSED
L701140,C102892,Home Finance,1531800.0,19.12,180,25913.23,2025-09-11,0.4758,0,30,ACTIVE
L701141,C102448,Home Finance,1258600.0,23.39,180,25315.78,2024-03-13,0.1404,2,30,ACTIVE
L701142,C107500,Personal Loan,631700.0,16.45,36,22349.51,2022-07-31,0.1229,0,30,ACTIVE
L701143,C109268,Auto Finance,434400.0,20.07,60,11526.24,2026-04-30,0.5171,0,0,ACTIVE
L701144,C105524,Credit Card,321600.0,28.45,12,31110.72,2023-05-09,0.3335,1,45,ACTIVE
L701145,C104747,Personal Loan,80400.0,16.01,36,2826.01,2024-11-24,0.7367,0,189,DEFAULT
L701146,C106571,Auto Finance,567300.0,21.25,60,15426.69,2024-08-22,0.5244,0,7,ACTIVE
L701147,C108049,Personal Loan,303500.0,23.62,36,11845.5,2027-07-11,0.4054,0,30,ACTIVE
L701148,C110862,Personal Loan,487500.0,22.8,36,18821.58,2026-01-07,0.3562,0,0,ACTIVE
L701149,C106207,Credit Card,567500.0,16.93,12,51736.48,2024-11-01,0.0577,1,15,CLOSED
L701150,C104183,Auto Finance,872000.0,17.65,60,21976.99,2027-02-11,0.2527,0,45,CLOSED
L701151,C106074,Personal Loan,592100.0,21.11,36,22341.37,2026-03-25,0.4704,0,45,ACTIVE
L701152,C102829,Auto Finance,293000.0,14.09,60,6831.61,2025-06-19,0.0505,0,0,CLOSED
L701153,C111867,Personal Loan,634700.0,25.77,36,25496.39,2024-03-11,0.4258,0,0,ACTIVE
L701154,C107915,Personal Loan,810100.0,18.56,36,29513.66,2023-08-30,0.2124,0,45,ACTIVE
L701155,C108535,Credit Card,363100.0,20.25,12,33677.68,2023-10-24,0.506,1,0,CLOSED
L701156,C111212,Home Finance,2776000.0,19.31,180,47346.39,2023-02-25,0.4784,1,0,CLOSED
L701157,C103158,Personal Loan,1102200.0,19.63,36,40755.72,2024-01-31,0.3914,1,30,CLOSED
L701158,C103575,Personal Loan,89900.0,20.83,36,3379.52,2023-06-27,0.5152,0,0,ACTIVE
L701159,C101070,Personal Loan,427500.0,20.5,36,15997.23,2026-12-10,0.5399,0,45,ACTIVE
L701160,C111641,Personal Loan,393000.0,17.52,36,14112.58,2025-07-16,0.1241,0,0,ACTIVE
L701161,C102586,Personal Loan,448800.0,17.7,36,16156.62,2027-02-18,0.1558,1,0,CLOSED
L701162,C109563,Credit Card,850700.0,20.88,12,79160.18,2027-01-03,0.26,1,362,DEFAULT
L701163,C101978,Personal Loan,539700.0,17.7,36,19429.84,2023-09-21,0.1865,0,0,ACTIVE
L701164,C103770,Personal Loan,1253100.0,16.85,36,44583.63,2022-07-06,0.5951,1,0,ACTIVE
L701165,C111244,Personal Loan,559700.0,25.51,36,22406.12,2024-06-22,0.579,0,7,ACTIVE
L701166,C103086,Auto Finance,1739500.0,18.03,60,44201.43,2024-09-18,0.5341,1,30,CLOSED
L701167,C104049,Credit Card,85600.0,24.28,12,8105.42,2025-09-05,0.4587,0,0,ACTIVE
L701168,C104124,Personal Loan,939200.0,21.41,36,35583.61,2025-01-21,0.5992,3,0,ACTIVE
L701169,C109084,Personal Loan,756700.0,23.06,36,29314.83,2023-05-29,0.3794,1,30,ACTIVE
L701170,C108617,Auto Finance,2207300.0,19.29,60,57611.1,2026-03-29,0.296,2,15,ACTIVE
L701171,C110449,Home Finance,102700.0,20.54,180,1844.45,2023-07-05,0.3394,1,30,ACTIVE
L701172,C101706,Personal Loan,646400.0,20.21,36,24092.02,2023-11-14,0.2065,1,0,ACTIVE
L701173,C105925,Personal Loan,557200.0,15.25,36,19383.3,2025-10-12,0.1196,0,30,ACTIVE
L701174,C100797,Credit Card,248100.0,19.16,12,22886.47,2022-07-02,0.2695,2,7,ACTIVE
L701175,C110740,Personal Loan,344100.0,20.21,36,12824.94,2024-07-22,0.2095,0,0,ACTIVE
L701176,C108476,Personal Loan,795600.0,15.99,36,27965.33,2025-09-13,0.2753,1,7,CLOSED
L701177,C103449,Personal Loan,1357700.0,27.2,36,55574.42,2026-01-01,0.5937,0,7,CLOSED
L701178,C103262,Personal Loan,394700.0,21.6,36,14992.32,2024-12-23,0.3883,0,15,CLOSED
L701179,C100872,Auto Finance,146300.0,22.2,60,4056.93,2025-10-06,0.4629,1,0,ACTIVE
L701180,C105806,Personal Loan,706500.0,17.31,36,25299.16,2027-06-18,0.5111,0,0,CLOSED
L701181,C101339,Personal Loan,35000.0,24.19,36,1376.85,2023-04-01,0.5562,0,30,CLOSED
L701182,C109052,Personal Loan,64400.0,21.88,36,2455.37,2026-05-28,0.0906,1,7,ACTIVE
L701183,C105604,Home Finance,320800.0,16.2,180,4755.84,2024-10-20,0.2282,0,30,ACTIVE
L701184,C108349,Personal Loan,1151900.0,19.94,36,42773.74,2025-04-04,0.6363,0,30,ACTIVE
L701185,C107451,Personal Loan,185400.0,14.85,36,6414.32,2024-11-15,0.382,0,45,CLOSED
L701186,C109440,Home Finance,2060500.0,23.25,180,41225.51,2025-08-12,0.1648,0,30,ACTIVE
L701187,C107865,Personal Loan,661000.0,19.11,36,24265.33,2022-07-09,0.5025,1,15,ACTIVE
L701188,C110763,Personal Loan,612100.0,23.37,36,23812.2,2025-03-17,0.1888,0,0,CLOSED
L701189,C111015,Auto Finance,456600.0,16.3,60,11177.21,2025-11-26,0.3262,2,0,CLOSED
L701190,C102137,Personal Loan,707600.0,19.06,36,25959.14,2026-07-19,0.7117,1,30,ACTIVE
L701191,C110455,Auto Finance,260600.0,19.67,60,6856.83,2026-08-17,0.197,1,7,ACTIVE
L701192,C107953,Auto Finance,1453900.0,16.88,60,36039.43,2024-05-29,0.5179,1,0,ACTIVE
L701193,C102270,Personal Loan,347800.0,25.96,36,14003.66,2023-11-21,0.1683,0,0,ACTIVE
L701194,C104376,Personal Loan,86900.0,17.48,36,3118.4,2025-04-17,0.2401,1,0,ACTIVE
L701195,C106880,Home Finance,1462200.0,17.49,180,23012.67,2023-01-17,0.2824,0,0,ACTIVE
L701196,C102125,Home Finance,725500.0,22.8,180,14267.14,2025-02-11,0.624,0,45,ACTIVE
L701197,C110294,Personal Loan,809100.0,27.31,36,33167.56,2026-07-26,0.51,0,7,ACTIVE
L701198,C108056,Personal Loan,331300.0,20.86,36,12457.27,2027-01-13,0.2568,0,0,ACTIVE
L701199,C101637,Personal Loan,244600.0,20.3,36,9126.26,2024-03-27,0.3767,0,45,ACTIVE
L701200,C101047,Auto Finance,444300.0,21.45,60,12132.41,2024-06-21,0.3626,2,7,ACTIVE
L701201,C103804,Personal Loan,841800.0,20.99,36,31711.42,2023-04-13,0.1769,1,0,CLOSED
L701202,C103165,Credit Card,68500.0,29.11,12,6645.92,2024-01-19,0.1993,0,0,ACTIVE
L701203,C109823,Personal Loan,2481800.0,19.11,36,91111.52,2026-03-28,0.4181,1,331,DEFAULT
L701204,C106285,Personal Loan,877800.0,22.71,36,33845.4,2023-11-19,0.258,0,0,CLOSED
L701205,C110908,Home Finance,509400.0,18.34,180,8327.94,2024-02-13,0.4095,0,45,CLOSED
L701206,C103052,Home Finance,2384500.0,22.35,180,46074.46,2024-02-03,0.4113,0,0,CLOSED
L701207,C111590,Auto Finance,351300.0,18.68,60,9050.58,2024-05-28,0.716,1,0,ACTIVE
L701208,C111540,Credit Card,69100.0,26.02,12,6602.78,2025-06-12,0.442,0,0,CLOSED
L701209,C100892,Personal Loan,424700.0,20.36,36,15860.53,2023-06-28,0.6886,0,0,ACTIVE
L701210,C109518,Credit Card,447900.0,18.62,12,41199.25,2023-09-02,0.0769,1,318,DEFAULT
L701211,C107514,Credit Card,161800.0,21.66,12,15115.52,2024-08-01,0.5565,0,45,ACTIVE
L701212,C108985,Auto Finance,163900.0,22.95,60,4616.22,2023-08-26,0.5828,0,45,ACTIVE
L701213,C108300,Auto Finance,2610800.0,16.9,60,64744.32,2025-12-15,0.9266,1,15,CLOSED
L701214,C111704,Auto Finance,287000.0,20.22,60,7639.37,2027-03-10,0.066,0,0,ACTIVE
L701215,C105396,Auto Finance,537000.0,20.6,60,14408.42,2023-04-30,0.68,0,45,ACTIVE
L701216,C101116,Auto Finance,2716200.0,,60,75949.24,2025-09-29,0.2006,0,7,ACTIVE
L701217,C102248,Personal Loan,126800.0,22.05,36,4843.96,2023-12-07,0.1709,0,7,CLOSED
L701218,C104259,Credit Card,67800.0,21.64,12,6335.11,2023-08-04,0.0775,1,7,CLOSED
L701219,C102663,Personal Loan,881400.0,18.05,36,31885.27,2025-01-15,0.3619,0,0,ACTIVE
L701220,C110162,Credit Card,299200.0,17.9,12,27416.45,2024-04-18,0.7341,2,30,ACTIVE
L701221,C105177,Auto Finance,605100.0,17.37,60,15159.89,2025-02-04,0.2188,0,357,DEFAULT
L701222,C105441,Credit Card,45700.0,17.53,12,4177.29,2026-05-12,0.2396,0,173,DEFAULT
L701223,C101380,Personal Loan,722300.0,,36,27143.12,2024-08-18,0.3735,0,0,CLOSED
L701224,C111326,Personal Loan,175800.0,19.47,36,6484.88,2023-07-19,0.6454,1,0,ACTIVE
L701225,C111880,Personal Loan,1031300.0,17.35,36,36948.12,2026-12-25,0.6008,0,0,CLOSED
L701226,C104477,Personal Loan,315300.0,22.69,36,12154.46,2025-09-08,0.411,0,7,ACTIVE
L701227,C106873,Credit Card,596400.0,,12,52968.73,2023-09-26,0.1799,0,0,CLOSED
L701228,C103718,Auto Finance,259300.0,22.38,60,7218.47,2024-02-09,0.2449,0,0,ACTIVE
L701229,C105884,Home Finance,3251600.0,18.41,180,53326.0,2023-02-28,0.294,0,0,ACTIVE
L701230,C100845,Personal Loan,1432700.0,20.56,36,53653.69,2024-09-16,0.1394,0,45,ACTIVE
L701231,C101660,Home Finance,5720300.0,11.56,180,67042.42,2026-11-28,0.4216,0,7,ACTIVE
L701232,C100946,Auto Finance,419400.0,21.12,60,11374.7,2026-12-18,0.3988,0,15,ACTIVE
L701233,C102556,Credit Card,88000.0,22.03,12,8236.53,2024-03-28,0.1273,0,0,CLOSED
L701234,C104839,Personal Loan,384500.0,20.68,36,14423.85,2026-03-31,0.6034,0,15,CLOSED
L701235,C108197,Credit Card,82100.0,23.32,12,7735.16,2025-06-18,0.5768,0,7,ACTIVE
L701236,C104660,Personal Loan,621000.0,18.54,36,22620.74,2026-02-27,0.1006,0,45,ACTIVE
L701237,C111211,Personal Loan,95100.0,17.82,36,3429.34,2023-07-07,0.6158,0,0,ACTIVE
L701238,C106103,Personal Loan,170200.0,20.82,36,6395.77,2023-02-27,0.0154,0,15,ACTIVE
L701239,C109466,Auto Finance,2917100.0,21.96,60,80499.83,2026-12-18,0.5078,0,0,ACTIVE
L701240,C106564,Credit Card,137700.0,20.06,12,12755.44,2025-05-28,0.1989,1,0,ACTIVE
L701241,C102251,Auto Finance,1014800.0,18.3,60,25936.4,2022-08-15,0.2469,0,7,CLOSED
L701242,C111348,Personal Loan,222500.0,25.13,36,8863.38,2026-01-03,0.6357,0,7,ACTIVE
L701243,C100642,Personal Loan,321800.0,23.61,36,12559.67,2024-07-16,0.4658,0,7,CLOSED
L701244,C103870,Personal Loan,334600.0,18.98,36,12263.46,2026-07-24,0.3117,0,0,ACTIVE
L701245,C106326,Home Finance,1275600.0,16.36,180,19056.54,2024-08-01,0.4899,0,0,ACTIVE
L701246,C102644,Auto Finance,359300.0,20.82,60,9684.2,2026-01-28,0.2612,0,15,ACTIVE
L701247,C102144,Auto Finance,292100.0,17.57,60,7348.89,2027-04-13,0.1689,0,7,CLOSED
L701248,C102371,Credit Card,639000.0,15.55,12,57838.77,2025-06-04,0.3943,0,0,ACTIVE
L701249,C103267,Auto Finance,764400.0,17.76,60,19309.97,2024-11-23,0.1698,0,7,ACTIVE
L701250,C107103,Personal Loan,1668600.0,18.31,36,60585.21,2023-06-23,0.1814,0,0,ACTIVE
L701251,C110886,Credit Card,336700.0,18.52,12,30952.48,2025-12-09,0.2613,2,0,ACTIVE
L701252,C109477,Personal Loan,945700.0,25.22,36,37712.49,2025-12-25,0.471,0,15,CLOSED
L701253,C109161,Personal Loan,1106700.0,17.22,36,39577.17,2022-11-16,0.2048,1,15,ACTIVE
L701254,C107324,Auto Finance,495600.0,22.69,60,13884.3,2024-09-11,0.4115,0,45,CLOSED
L701255,C104800,Auto Finance,992400.0,19.09,60,25791.55,2026-11-24,0.6586,0,30,ACTIVE
L701256,C111107,Credit Card,162400.0,18.81,12,14951.76,2023-11-24,0.6679,0,45,CLOSED
L701257,C107987,Credit Card,159000.0,16.43,12,14456.84,2024-10-12,0.1271,0,0,ACTIVE
L701258,C110688,Home Finance,895300.0,19.99,180,15718.13,2023-05-22,0.2566,0,45,ACTIVE
L701259,C106260,Credit Card,51900.0,,12,4792.72,2023-04-01,0.3029,1,0,ACTIVE
L701260,C104894,Credit Card,300400.0,,12,27351.75,2026-03-07,0.7192,0,0,ACTIVE
L701261,C109612,Personal Loan,1131300.0,20.0,36,42042.17,2023-11-16,0.5186,0,7,ACTIVE
L701262,C101442,Auto Finance,447600.0,23.0,60,12619.0,2026-05-29,0.5555,0,0,ACTIVE
L701263,C103909,Auto Finance,774200.0,16.06,60,18852.33,2025-02-28,0.5093,0,30,ACTIVE
L701264,C111778,Auto Finance,867700.0,13.89,60,20140.2,2023-09-10,0.6892,0,0,ACTIVE
L701265,C107588,Auto Finance,1068000.0,18.52,60,27422.05,2023-03-20,0.2289,0,45,ACTIVE
L701266,C102434,Credit Card,150200.0,16.58,12,13672.98,2023-09-24,0.4205,0,201,DEFAULT
L701267,C105010,Credit Card,409300.0,15.11,12,36966.59,2022-12-24,0.1347,1,7,CLOSED
L701268,C103452,Auto Finance,1495700.0,15.39,60,35890.24,2026-03-22,0.1342,0,0,ACTIVE
L701269,C111502,Personal Loan,305200.0,24.21,36,12008.45,2027-01-04,0.341,1,0,ACTIVE
L701270,C105079,Credit Card,369500.0,19.15,12,34082.01,2022-06-10,0.2707,0,302,DEFAULT
L701271,C100849,Personal Loan,640000.0,23.13,36,24816.89,2025-06-06,0.3409,0,0,ACTIVE
L701272,C108468,Auto Finance,685200.0,,60,18907.53,2026-04-03,0.3821,0,0,ACTIVE
L701273,C109101,Personal Loan,258100.0,20.64,36,9675.28,2026-09-28,0.834,0,7,CLOSED
L701274,C107189,Auto Finance,1621800.0,17.96,60,41148.05,2026-07-17,0.2589,2,7,CLOSED
L701275,C109908,Home Finance,1282300.0,21.27,180,23733.39,2024-04-02,0.0,1,7,ACTIVE
L701276,C106278,Auto Finance,341700.0,18.88,60,8840.11,2025-12-14,0.0807,0,15,ACTIVE
L701277,C105273,Auto Finance,2021500.0,21.21,60,54926.93,2023-03-22,0.4003,0,7,ACTIVE
L701278,C110098,Credit Card,82800.0,17.31,12,7564.58,2027-04-30,0.0938,0,0,ACTIVE
L701279,C105412,Home Finance,966500.0,18.49,180,15906.97,2023-07-16,0.7121,0,0,ACTIVE
L701280,C110891,Home Finance,357500.0,,180,6907.16,2025-07-09,0.0523,0,0,CLOSED
L701281,C105692,Personal Loan,277300.0,18.62,36,10111.77,2024-06-27,0.3803,0,45,ACTIVE
L701282,C102565,Credit Card,446000.0,18.81,12,41059.66,2024-07-29,0.1343,1,0,ACTIVE
L701283,C108720,Credit Card,1253500.0,18.15,12,115010.71,2026-01-23,0.2275,0,45,ACTIVE
L701284,C104953,Personal Loan,261200.0,22.26,36,10011.05,2024-09-28,0.0971,2,0,ACTIVE
L701285,C111014,Credit Card,793100.0,19.74,12,73373.91,2022-08-22,0.2344,0,15,ACTIVE
L701286,C106171,Auto Finance,350400.0,21.37,60,9553.73,2026-06-28,0.5333,1,30,ACTIVE
L701287,C103164,Auto Finance,1348100.0,17.05,60,33539.18,2024-11-29,0.1722,0,45,ACTIVE
L701288,C108309,Credit Card,304000.0,16.77,12,27694.5,2023-01-26,0.1978,0,187,DEFAULT
L701289,C110641,Personal Loan,748500.0,19.18,36,27506.58,2026-08-26,0.5689,0,0,ACTIVE
L701290,C109737,Credit Card,109500.0,22.94,12,10301.68,2023-08-07,0.8198,1,360,DEFAULT
L701291,C109241,Personal Loan,476400.0,17.55,36,17114.14,2025-11-29,0.1999,1,0,ACTIVE
L701292,C109791,Auto Finance,662900.0,,60,18705.48,2024-03-27,0.0929,0,0,CLOSED
L701293,C108176,Auto Finance,673700.0,17.33,60,16863.73,2027-07-04,0.397,0,0,ACTIVE
L701294,C103911,Credit Card,50600.0,19.84,12,4683.75,2024-04-07,0.4476,0,7,ACTIVE
L701295,C109734,Auto Finance,622600.0,26.21,60,18719.53,2025-11-26,0.167,0,30,ACTIVE
L701296,C109126,Home Finance,1069000.0,21.2,180,19729.43,2025-08-06,0.4166,2,0,ACTIVE
L701297,C103366,Auto Finance,831900.0,21.53,60,22753.53,2022-09-21,0.1522,1,0,ACTIVE
L701298,C103661,Auto Finance,3785200.0,19.77,60,99802.16,2024-06-15,0.3823,2,15,ACTIVE
L701299,C104874,Personal Loan,416600.0,19.5,36,15376.49,2025-01-30,0.2837,1,0,ACTIVE
L701300,C108190,Credit Card,539700.0,22.88,12,50741.28,2023-06-19,0.6375,1,30,ACTIVE
L701301,C100899,Personal Loan,1598000.0,12.54,36,53488.97,2023-01-14,0.3592,1,30,CLOSED
L701302,C107876,Auto Finance,1239200.0,22.29,60,34428.89,2024-04-10,0.3403,0,0,ACTIVE
L701303,C101984,Home Finance,851300.0,19.23,180,14469.11,2026-03-14,0.2594,0,30,CLOSED
L701304,C100676,Auto Finance,1146200.0,15.5,60,27569.87,2024-09-24,0.0,0,0,ACTIVE
L701305,C107423,Credit Card,422500.0,21.11,12,39363.67,2023-08-17,0.6516,0,15,ACTIVE
L701306,C109810,Credit Card,89600.0,22.28,12,8400.32,2025-06-12,0.6873,0,30,CLOSED
L701307,C110498,Personal Loan,1319200.0,20.46,36,49337.14,2023-10-26,0.3895,0,30,ACTIVE
L701308,C106686,Home Finance,2582800.0,17.39,180,40465.54,2024-07-22,0.5483,0,7,ACTIVE
L701309,C109660,Auto Finance,1804900.0,18.12,60,45950.73,2024-07-23,0.2219,0,7,ACTIVE
L701310,C109185,Credit Card,64900.0,24.25,12,6148.94,2023-09-27,0.3339,0,7,ACTIVE
L701311,C107186,Home Finance,201500.0,19.55,180,3471.32,2025-11-16,0.5935,0,30,ACTIVE
L701312,C105784,Personal Loan,2189200.0,15.04,36,75931.56,2025-08-31,0.2847,0,45,CLOSED
L701313,C103076,Credit Card,301400.0,13.25,12,26957.31,2022-07-07,0.0597,1,0,ACTIVE
L701314,C107368,Credit Card,565900.0,17.0,12,51609.85,2023-07-30,0.2522,1,0,ACTIVE
L701315,C106007,Credit Card,90800.0,12.74,12,8103.33,2024-07-09,0.1207,0,15,ACTIVE
L701316,C107852,Auto Finance,288100.0,19.82,60,7604.17,2024-05-13,0.0167,0,45,ACTIVE
L701317,C107454,Home Finance,963600.0,17.45,180,15137.62,2024-02-07,0.6917,0,30,ACTIVE
L701318,C104686,Auto Finance,337300.0,27.42,60,10384.66,2025-09-11,0.2165,0,30,ACTIVE
L701319,C104694,Personal Loan,165100.0,17.41,36,5921.73,2022-12-10,0.2717,0,0,ACTIVE
L701320,C108662,Auto Finance,1357400.0,19.72,60,35751.26,2027-01-26,0.795,2,313,DEFAULT
L701321,C103470,Credit Card,97800.0,9.94,12,8593.46,2025-10-03,0.2246,0,0,ACTIVE
L701322,C111369,Credit Card,634200.0,19.02,12,58450.16,2026-01-02,0.3595,0,0,ACTIVE
L701323,C105443,Auto Finance,360600.0,13.88,60,8368.34,2025-08-05,0.5856,0,106,DEFAULT
L701324,C104612,Credit Card,119100.0,21.18,12,11101.82,2024-06-30,0.1732,1,45,ACTIVE
L701325,C107592,Personal Loan,204500.0,18.77,36,7472.1,2023-09-05,0.2063,0,0,ACTIVE
L701326,C102784,Auto Finance,488700.0,15.92,60,11864.42,2023-04-11,0.2263,0,7,ACTIVE
L701327,C103199,Personal Loan,2215000.0,16.85,36,78806.75,2026-08-30,0.403,0,7,ACTIVE
L701328,C106126,Personal Loan,164000.0,19.77,36,6074.18,2025-04-16,0.4949,0,0,ACTIVE
L701329,C101548,Personal Loan,460500.0,20.97,36,17340.96,2025-09-25,0.6924,0,30,ACTIVE
L701330,C108131,Credit Card,263500.0,14.8,12,23755.98,2024-04-29,0.3199,0,15,ACTIVE
L701331,C104565,Personal Loan,412900.0,21.46,36,15652.75,2024-11-07,0.3763,2,0,CLOSED
L701332,C110374,Auto Finance,998800.0,15.76,60,24162.36,2023-06-16,0.4555,1,45,ACTIVE
L701333,C109960,Home Finance,1358800.0,19.75,180,23613.36,2024-02-17,0.6922,2,0,ACTIVE
L701334,C108864,Auto Finance,50200.0,19.34,60,1311.88,2025-10-07,0.2238,0,0,ACTIVE
L701335,C109540,Personal Loan,1231100.0,18.07,36,44550.85,2023-12-04,0.1349,0,7,ACTIVE
L701336,C109937,Credit Card,505800.0,20.24,12,46909.28,2024-10-29,0.5524,0,0,ACTIVE
L701337,C111799,Credit Card,156500.0,18.4,12,14379.27,2024-09-02,0.3711,0,0,ACTIVE
L701338,C101152,Credit Card,603000.0,12.38,12,53679.02,2025-06-04,0.4106,0,15,ACTIVE
L701339,C104378,Auto Finance,1443000.0,26.09,60,43282.04,2024-01-04,0.3975,0,0,ACTIVE
L701340,C105883,Home Finance,496000.0,18.19,180,8055.77,2025-01-27,0.5338,0,0,ACTIVE
L701341,C109753,Credit Card,504700.0,,12,47214.13,2025-11-09,0.342,2,7,ACTIVE
L701342,C110279,Personal Loan,379700.0,17.11,36,13556.7,2025-07-22,0.5052,1,45,CLOSED
L701343,C105495,Personal Loan,1313500.0,17.99,36,47479.98,2026-04-10,0.4916,0,7,CLOSED
L701344,C109585,Personal Loan,222800.0,18.06,36,8059.77,2026-03-12,0.4714,1,250,DEFAULT
L701345,C100842,Auto Finance,1257700.0,18.73,60,32437.9,2023-01-24,0.4936,0,0,ACTIVE
L701346,C110738,Personal Loan,1454900.0,24.31,36,57316.07,2024-11-04,0.6547,0,0,ACTIVE
L701347,C103564,Personal Loan,503200.0,20.61,36,18859.02,2024-11-21,0.2513,0,15,ACTIVE
L701348,C107811,Auto Finance,189300.0,20.14,60,5030.97,2026-02-25,0.3174,0,15,ACTIVE
L701349,C104926,Auto Finance,1165600.0,14.79,60,27600.81,2025-04-26,0.4236,1,45,ACTIVE
L701350,C104793,Credit Card,87900.0,22.82,12,8263.51,2024-04-27,0.6232,0,0,CLOSED
L701351,C108712,Personal Loan,538600.0,17.91,36,19446.47,2027-01-13,0.7661,1,137,DEFAULT
L701352,C104116,Credit Card,245800.0,19.44,12,22701.28,2026-03-29,0.2528,1,0,ACTIVE
L701353,C103430,Home Finance,925100.0,18.85,180,15467.67,2023-06-13,0.3135,0,0,CLOSED
L701354,C106366,Credit Card,34400.0,19.59,12,3184.08,2024-08-20,0.4792,0,45,ACTIVE
L701355,C101728,Personal Loan,1180900.0,19.79,36,43761.87,2025-05-01,0.2703,0,0,CLOSED
L701356,C105269,Credit Card,794800.0,20.29,12,73737.27,2024-11-30,0.3098,0,0,CLOSED
L701357,C100890,Auto Finance,1364700.0,22.79,60,38308.15,2024-10-20,0.4616,1,30,CLOSED
L701358,C109651,Credit Card,212200.0,19.58,12,19609.87,2024-03-09,0.0928,0,0,ACTIVE
L701359,C109877,Credit Card,471500.0,19.14,12,43481.54,2027-02-19,0.562,0,15,ACTIVE
L701360,C108622,Personal Loan,733200.0,19.03,36,26887.83,2025-03-31,0.3048,0,30,CLOSED
L701361,C100102,Personal Loan,668200.0,22.74,36,25775.28,2024-08-30,0.3511,0,15,CLOSED
L701362,C107152,Auto Finance,781500.0,19.98,60,20697.47,2026-08-30,0.3263,0,30,ACTIVE
L701363,C108841,Credit Card,400300.0,21.78,12,37422.34,2023-08-07,0.6283,0,7,ACTIVE
L701364,C101372,Credit Card,291300.0,17.24,12,26602.37,2023-08-02,0.5347,0,0,ACTIVE
L701365,C103967,Personal Loan,525800.0,25.68,36,21094.89,2025-05-22,0.3943,2,0,ACTIVE
L701366,C110954,Auto Finance,873000.0,17.95,60,22143.91,2022-09-11,0.4469,0,0,ACTIVE
L701367,C101139,Home Finance,416100.0,22.22,180,7998.9,2025-05-02,0.4354,0,0,ACTIVE
L701368,C108869,Home Finance,669100.0,15.76,180,9715.97,2025-04-13,0.2419,0,7,ACTIVE
L701369,C102036,Personal Loan,211700.0,20.6,36,7931.95,2026-01-31,0.2605,0,15,ACTIVE
L701370,C109498,Credit Card,298900.0,16.85,12,27235.98,2025-06-13,0.3636,0,7,ACTIVE
L701371,C100416,Auto Finance,683900.0,22.18,60,18958.54,2024-11-24,0.2819,1,0,ACTIVE
L701372,C106506,Home Finance,1469000.0,20.08,180,25887.69,2027-04-26,0.2204,1,152,DEFAULT
L701373,C100043,Home Finance,1691100.0,19.25,180,28767.33,2024-02-22,0.1783,1,0,ACTIVE
L701374,C109705,Auto Finance,357600.0,15.84,60,8666.32,2026-06-26,0.2441,0,0,ACTIVE
L701375,C111246,Credit Card,27500.0,24.15,12,2603.6,2025-09-17,0.474,0,0,CLOSED
L701376,C107102,Home Finance,2618500.0,18.0,180,42169.48,2022-07-09,0.482,0,15,CLOSED
L701377,C110743,Personal Loan,613200.0,21.62,36,23298.28,2026-01-14,0.1632,0,30,CLOSED
L701378,C111983,Personal Loan,481500.0,22.93,36,18621.38,2024-05-01,0.3652,0,30,ACTIVE
L701379,C111399,Home Finance,3358100.0,13.77,180,44203.9,2026-03-24,0.1315,0,0,ACTIVE
L701380,C100485,Auto Finance,524600.0,20.47,60,14035.64,2025-10-29,0.4594,0,0,ACTIVE
L701381,C109403,Personal Loan,908600.0,22.8,36,35076.82,2027-06-17,0.6504,1,15,CLOSED
L701382,C101263,Credit Card,290900.0,19.8,12,26920.43,2026-09-28,0.4542,0,0,ACTIVE
L701383,C101066,Auto Finance,353200.0,15.39,60,8474.42,2024-08-15,0.148,0,15,ACTIVE
L701384,C109145,Credit Card,563600.0,17.77,12,51607.99,2025-12-23,0.5696,1,199,DEFAULT
L701385,C110910,Home Finance,5820800.0,13.84,180,76893.74,2026-07-03,0.6433,0,45,ACTIVE
L701386,C102017,Credit Card,105500.0,16.21,12,9580.98,2023-12-25,0.4006,0,0,ACTIVE
L701387,C109177,Home Finance,1958200.0,,180,31127.02,2024-03-22,0.4429,0,15,ACTIVE
L701388,C110508,Personal Loan,1049000.0,21.54,36,39813.75,2022-07-28,0.115,0,7,ACTIVE
L701389,C106153,Personal Loan,407200.0,13.7,36,13858.29,2023-11-11,0.5838,0,15,ACTIVE
L701390,C104860,Credit Card,240900.0,14.75,12,21712.99,2023-03-24,0.3285,1,0,ACTIVE
L701391,C102882,Credit Card,75700.0,20.67,12,7041.16,2022-12-26,0.3143,2,7,ACTIVE
L701392,C106096,Auto Finance,391400.0,17.76,60,9887.42,2022-09-04,0.7891,0,15,ACTIVE
L701393,C111684,Auto Finance,775600.0,27.29,60,23818.84,2023-08-27,0.4525,2,0,ACTIVE
L701394,C108069,Home Finance,1439800.0,17.66,180,22834.77,2022-07-09,0.488,0,30,CLOSED
L701395,C110909,Home Finance,1719200.0,21.13,180,31639.44,2023-09-02,0.147,2,45,CLOSED
L701396,C106344,Credit Card,382300.0,20.59,12,35525.72,2025-02-13,0.685,0,30,ACTIVE
L701397,C103777,Auto Finance,1169200.0,21.71,60,32099.72,2022-02-05,0.2486,1,0,ACTIVE
L701398,C103973,Auto Finance,1379100.0,20.48,60,36906.24,2025-04-29,0.5579,1,223,DEFAULT
L701399,C100585,Credit Card,273800.0,19.08,12,25241.86,2023-06-02,0.3946,1,45,ACTIVE
L701400,C105739,Home Finance,5628700.0,18.63,180,93208.18,2026-02-17,0.4889,0,45,ACTIVE
L701401,C111977,Auto Finance,884200.0,22.13,60,24484.7,2024-07-23,0.3988,0,15,CLOSED
L701402,C111542,Home Finance,1555100.0,24.12,180,32152.06,2027-03-22,0.3905,3,30,ACTIVE
L701403,C103630,Credit Card,81400.0,25.36,12,7750.46,2024-07-21,0.3694,0,15,CLOSED
L701404,C111091,Personal Loan,363900.0,14.85,36,12589.47,2022-06-19,0.4063,0,0,CLOSED
L701405,C110792,Credit Card,532600.0,23.41,12,50207.84,2024-02-11,0.2864,1,15,ACTIVE
L701406,C101460,Auto Finance,846500.0,19.36,60,22127.02,2025-02-02,0.1332,1,7,ACTIVE
L701407,C102744,Auto Finance,394500.0,10.34,60,8448.89,2025-10-03,0.2321,0,257,DEFAULT
L701408,C105723,Personal Loan,603100.0,19.77,36,22342.99,2023-09-24,0.4078,0,45,ACTIVE
L701409,C111318,Credit Card,427400.0,26.13,12,40859.79,2025-12-11,0.3481,0,45,ACTIVE
L701410,C105633,Personal Loan,445900.0,,36,16063.69,2026-12-02,0.602,0,0,ACTIVE
L701411,C107748,Credit Card,200500.0,,12,18586.49,2025-11-16,0.5404,0,45,ACTIVE
L701412,C105637,Home Finance,1404800.0,15.61,180,20252.11,2027-01-05,0.3122,0,0,ACTIVE
L701413,C108057,Credit Card,58700.0,20.13,12,5436.93,2022-04-05,0.4681,0,0,ACTIVE
L701414,C100245,Personal Loan,1359900.0,18.2,36,49301.67,2025-07-24,0.0,0,175,DEFAULT
L701415,C111254,Personal Loan,2243600.0,26.22,36,90657.86,2025-07-22,0.4519,0,45,ACTIVE
L701416,C111393,Credit Card,139500.0,13.98,12,12525.8,2025-08-21,0.2263,0,15,CLOSED
L701417,C108159,Auto Finance,930600.0,21.68,60,25533.34,2025-03-28,0.6554,0,0,CLOSED
L701418,C105608,Auto Finance,933600.0,20.91,60,25208.44,2023-08-21,0.3451,0,7,ACTIVE
L701419,C103339,Auto Finance,1566200.0,21.02,60,42389.64,2022-08-17,0.3002,0,0,CLOSED
L701420,C110344,Auto Finance,1851700.0,21.56,60,50678.87,2025-10-14,0.5823,0,45,ACTIVE
L701421,C108374,Credit Card,188100.0,17.34,12,17183.68,2026-02-20,0.1579,0,0,ACTIVE
L701422,C103641,Home Finance,1393400.0,,180,25414.62,2025-12-09,0.1701,0,30,CLOSED
L701423,C110741,Home Finance,885600.0,18.96,180,14876.93,2024-01-31,0.3966,0,7,ACTIVE
L701424,C107356,Auto Finance,1478200.0,19.71,60,38925.67,2022-05-27,0.6196,2,0,ACTIVE
L701425,C108812,Credit Card,95800.0,,12,8894.57,2024-08-05,0.3191,0,30,ACTIVE
L701426,C102023,Credit Card,49400.0,20.39,12,4586.82,2025-03-14,0.6698,0,30,ACTIVE
L701427,C103838,Credit Card,204000.0,23.33,12,19221.01,2025-04-29,0.4414,2,0,ACTIVE
L701428,C100643,Credit Card,74500.0,21.07,12,6943.65,2023-11-03,0.6725,0,15,ACTIVE
L701429,C103965,Personal Loan,748800.0,13.54,36,25425.06,2023-04-25,0.1271,0,45,ACTIVE
L701430,C109465,Home Finance,1791000.0,18.37,180,29321.41,2026-01-18,0.2425,0,0,ACTIVE
L701431,C105316,Auto Finance,194800.0,15.95,60,4731.66,2023-06-18,0.1532,0,0,ACTIVE
L701432,C101722,Credit Card,230000.0,25.03,12,21863.53,2025-07-01,0.2457,0,0,ACTIVE
L701433,C100667,Personal Loan,1444500.0,19.54,36,53344.86,2023-09-12,0.3262,0,0,ACTIVE
L701434,C100717,Auto Finance,239300.0,25.46,60,7089.45,2023-04-28,0.1419,0,0,ACTIVE
L701435,C106441,Personal Loan,143700.0,19.5,36,5304.5,2024-09-15,0.332,0,0,CLOSED
L701436,C109379,Personal Loan,1070700.0,19.69,36,39620.82,2022-08-25,0.2844,0,30,ACTIVE
L701437,C111943,Auto Finance,1008300.0,17.14,60,25135.93,2023-07-09,0.2097,1,0,CLOSED
L701438,C101687,Auto Finance,4833600.0,18.46,60,123953.79,2025-08-13,0.3146,1,0,ACTIVE
L701439,C104316,Home Finance,1596700.0,19.57,180,27537.04,2025-04-28,0.2342,0,15,ACTIVE
L701440,C108709,Home Finance,325100.0,16.97,180,4996.52,2024-01-17,0.5399,0,7,ACTIVE
L701441,C105944,Personal Loan,874600.0,22.37,36,33569.41,2024-05-26,0.4584,0,7,ACTIVE
L701442,C105275,Auto Finance,1830600.0,18.28,60,46764.72,2024-04-06,0.7971,0,30,ACTIVE
L701443,C100423,Auto Finance,323900.0,18.45,60,8305.17,2026-10-25,0.5083,0,7,ACTIVE
L701444,C106129,Auto Finance,824300.0,15.98,60,20036.74,2026-04-20,0.4157,0,15,CLOSED
L701445,C104786,Personal Loan,1054600.0,18.65,36,38469.46,2026-02-17,0.5466,0,0,CLOSED
L701446,C105369,Auto Finance,751300.0,21.11,60,20371.77,2025-04-15,0.6194,0,318,DEFAULT
L701447,C110471,Personal Loan,232000.0,24.78,36,9195.79,2025-03-04,0.2814,0,7,ACTIVE
L701448,C100699,Auto Finance,3209700.0,15.2,60,76695.5,2025-05-05,0.5185,1,7,CLOSED
L701449,C102229,Personal Loan,267100.0,21.19,36,10087.72,2025-08-26,0.8544,0,30,CLOSED
L701450,C100019,Personal Loan,494900.0,15.13,36,17186.1,2023-05-24,0.4994,0,0,ACTIVE
L701451,C100145,Credit Card,158300.0,23.24,12,14912.23,2024-11-20,0.6717,1,7,ACTIVE
L701452,C110157,Personal Loan,1338700.0,26.84,36,54539.62,2024-05-25,0.4282,1,0,ACTIVE
L701453,C104891,Personal Loan,208000.0,15.69,36,7279.67,2027-07-26,0.3806,0,15,ACTIVE
L701454,C102757,Personal Loan,208100.0,,36,7342.15,2024-05-04,0.2607,0,7,ACTIVE
L701455,C108251,Credit Card,235900.0,17.03,12,21518.33,2025-04-13,0.4894,1,30,ACTIVE
L701456,C110246,Personal Loan,433000.0,22.2,36,16582.3,2024-02-06,0.2837,0,0,CLOSED
L701457,C102595,Auto Finance,284000.0,17.27,60,7099.97,2025-01-08,0.5459,0,7,ACTIVE
L701458,C102453,Credit Card,132100.0,22.17,12,12372.29,2023-08-30,0.6824,1,30,CLOSED
L701459,C108981,Auto Finance,242900.0,21.85,60,6688.04,2025-10-07,0.3948,0,0,ACTIVE
L701460,C109351,Personal Loan,2267300.0,22.43,36,87092.93,2023-07-05,0.1339,0,7,ACTIVE
L701461,C110735,Home Finance,1100600.0,20.16,180,19459.3,2026-06-12,0.3233,0,0,ACTIVE
L701462,C102478,Credit Card,557200.0,12.89,12,49738.11,2025-09-04,0.3326,0,0,ACTIVE
L701463,C106695,Personal Loan,455000.0,28.64,36,18976.19,2025-05-12,0.4157,0,0,ACTIVE
L701464,C105304,Personal Loan,1886100.0,19.92,36,70017.18,2024-08-27,0.5226,0,352,DEFAULT
L701465,C107393,Credit Card,164500.0,16.92,12,14998.04,2024-06-21,0.5637,0,0,ACTIVE
L701466,C109873,Personal Loan,181300.0,19.97,36,6736.53,2023-09-02,0.6002,1,135,DEFAULT
L701467,C104518,Auto Finance,1061300.0,22.27,60,29476.03,2024-08-23,0.2912,0,0,ACTIVE
L701468,C111783,Auto Finance,245400.0,23.32,60,6963.3,2025-03-14,0.3303,0,7,ACTIVE
L701469,C105848,Auto Finance,1147900.0,24.79,60,33550.46,2024-03-12,0.1642,1,0,ACTIVE
L701470,C104103,Credit Card,258500.0,17.41,12,23630.6,2024-07-18,0.3274,0,45,ACTIVE
L701471,C107774,Home Finance,1241700.0,21.53,180,23223.48,2024-07-12,0.4985,0,0,ACTIVE
L701472,C108857,Personal Loan,204300.0,19.44,36,7532.81,2025-04-30,0.0565,0,30,ACTIVE
L701473,C106601,Home Finance,908900.0,19.75,180,15794.79,2026-09-19,0.0625,0,15,CLOSED
L701474,C105490,Credit Card,205000.0,15.58,12,18561.71,2022-11-27,0.839,0,45,ACTIVE
L701475,C110483,Home Finance,1469300.0,,180,20362.97,2023-06-14,0.5514,0,30,ACTIVE
L701476,C106275,Auto Finance,1517000.0,16.77,60,37513.2,2026-08-28,0.0846,0,7,ACTIVE
L701477,C104170,Personal Loan,473900.0,18.62,36,17280.96,2027-02-21,0.0805,0,45,CLOSED
L701478,C104337,Credit Card,485000.0,21.05,12,45168.79,2026-07-12,0.441,0,15,ACTIVE
L701479,C103291,Auto Finance,248400.0,17.62,60,6257.28,2024-02-20,0.2326,2,0,ACTIVE
L701480,C105102,Auto Finance,1364600.0,17.71,60,34436.24,2024-05-19,0.7646,1,30,ACTIVE
L701481,C109377,Personal Loan,998900.0,21.63,36,37957.35,2025-09-26,0.4669,0,0,ACTIVE
L701482,C111075,Personal Loan,537100.0,24.48,36,21208.34,2023-01-26,0.1688,1,0,ACTIVE
L701483,C102265,Personal Loan,358200.0,22.71,36,13811.04,2026-06-17,0.1681,1,7,ACTIVE
L701484,C111755,Auto Finance,1098300.0,18.37,60,28110.28,2025-01-03,0.5047,0,45,ACTIVE
L701485,C108745,Personal Loan,993700.0,13.71,36,33823.9,2027-11-02,0.227,0,30,CLOSED
L701486,C101612,Auto Finance,556500.0,19.86,60,14701.77,2023-07-05,0.0,0,7,ACTIVE
L701487,C101880,Auto Finance,455300.0,19.13,60,11843.64,2024-04-22,0.0678,0,30,ACTIVE
L701488,C111113,Auto Finance,1125700.0,13.95,60,26164.47,2025-07-17,0.5608,2,0,ACTIVE
L701489,C109947,Personal Loan,755300.0,17.73,36,27202.56,2024-05-16,0.801,2,0,ACTIVE
L701490,C102559,Personal Loan,546600.0,23.38,36,21267.49,2026-05-12,0.627,0,0,CLOSED
L701491,C104455,Personal Loan,544400.0,21.88,36,20756.36,2023-08-25,0.5476,2,7,ACTIVE
L701492,C101692,Credit Card,106200.0,22.66,12,9973.44,2024-03-30,0.5486,0,0,ACTIVE
L701493,C101891,Personal Loan,216300.0,18.0,36,7821.52,2026-03-13,0.3203,0,30,CLOSED
L701494,C110299,Home Finance,6615500.0,19.03,180,111475.27,2023-06-24,0.4848,0,0,ACTIVE
L701495,C102412,Credit Card,175600.0,13.79,12,15752.98,2024-03-04,0.4699,0,0,CLOSED
L701496,C107775,Auto Finance,433800.0,25.71,60,12912.71,2023-10-25,0.4548,0,0,ACTIVE
L701497,C105715,Home Finance,2238400.0,17.6,180,35405.85,2024-07-22,0.3154,0,0,ACTIVE
L701498,C108530,Home Finance,1067200.0,18.41,180,17501.33,2026-10-16,0.5672,0,45,ACTIVE
L701499,C104012,Auto Finance,1636200.0,,60,45321.17,2024-08-27,0.512,2,30,CLOSED
L701500,C109773,Credit Card,416800.0,13.64,12,37353.67,2026-06-28,0.682,1,7,ACTIVE
L701501,C100031,Home Finance,248800.0,18.31,180,4062.86,2025-02-04,0.2425,0,15,ACTIVE
L701502,C110727,Home Finance,5022500.0,17.21,180,78045.87,2024-05-04,0.254,0,45,CLOSED
L701503,C106518,Personal Loan,426200.0,25.39,36,17031.68,2024-11-22,0.5419,1,0,CLOSED
L701504,C102520,Personal Loan,298300.0,9.0,36,9486.46,2026-03-10,0.1541,0,0,CLOSED
L701505,C108291,Personal Loan,218400.0,21.18,36,8247.49,2023-03-30,0.3952,1,0,ACTIVE
L701506,C106053,Auto Finance,967400.0,16.67,60,23871.52,2022-09-28,0.4125,0,0,ACTIVE
L701507,C108497,Credit Card,141300.0,20.68,12,13135.16,2022-08-10,0.1645,0,30,ACTIVE
L701508,C110753,Personal Loan,1132200.0,23.39,36,44057.55,2024-09-17,0.5983,0,0,ACTIVE
L701509,C110683,Personal Loan,465300.0,13.45,36,15779.14,2023-07-15,0.0638,1,0,CLOSED
L701510,C107447,Home Finance,2351400.0,19.22,180,39949.74,2026-07-12,0.265,1,0,ACTIVE
L701511,C105217,Personal Loan,276900.0,17.67,36,9965.42,2024-03-27,0.5899,0,0,ACTIVE
L701512,C111691,Auto Finance,402400.0,21.28,60,10949.01,2023-11-22,0.4726,0,0,ACTIVE
L701513,C108043,Personal Loan,1127600.0,20.84,36,42390.93,2026-10-06,0.2999,0,15,ACTIVE
L701514,C101591,Auto Finance,1683500.0,13.24,60,38511.36,2023-08-19,0.5868,0,15,CLOSED
L701515,C103996,Personal Loan,368900.0,17.95,36,13325.64,2025-06-19,0.1247,0,0,CLOSED
L701516,C107578,Personal Loan,394400.0,23.36,36,15342.17,2026-07-18,0.2452,0,0,CLOSED
L701517,C106400,Home Finance,4324100.0,21.03,180,79253.66,2026-02-15,0.1819,1,0,ACTIVE
L701518,C100363,Auto Finance,2639000.0,14.56,60,62174.25,2025-03-03,0.6529,0,45,ACTIVE
L701519,C104973,Personal Loan,960100.0,19.24,36,35309.05,2022-10-13,0.4248,0,0,ACTIVE
L701520,C111098,Auto Finance,497100.0,25.02,60,14595.8,2025-12-10,0.0667,0,15,ACTIVE
L701521,C105488,Auto Finance,609200.0,20.0,60,16139.81,2025-03-25,0.0365,0,15,ACTIVE
L701522,C110582,Personal Loan,135900.0,20.87,36,5110.31,2023-10-08,0.2561,0,0,ACTIVE
L701523,C109738,Personal Loan,496000.0,21.8,36,18890.27,2026-08-15,0.2066,0,0,ACTIVE
L701524,C109390,Personal Loan,52000.0,19.13,36,1908.59,2025-11-01,0.5272,0,0,ACTIVE
L701525,C103552,Auto Finance,658000.0,17.52,60,16538.43,2025-12-10,0.3803,0,15,ACTIVE
L701526,C107346,Auto Finance,1056000.0,21.92,60,29116.59,2024-07-11,0.1949,0,0,ACTIVE
L701527,C102211,Credit Card,221100.0,19.75,12,20456.15,2026-04-03,0.657,0,15,ACTIVE
L701528,C103922,Personal Loan,1324900.0,19.15,36,48666.95,2022-07-27,0.6354,1,30,ACTIVE
L701529,C101590,Personal Loan,2201000.0,19.4,36,81124.03,2022-05-02,0.3502,1,0,CLOSED
L701530,C108751,Credit Card,481200.0,18.01,12,44118.62,2026-01-05,0.0815,0,0,ACTIVE
L701531,C106414,Home Finance,682400.0,19.27,180,11618.06,2024-12-11,0.0459,0,0,ACTIVE
L701532,C109336,Personal Loan,138400.0,22.86,36,5348.46,2024-10-04,0.34,0,0,ACTIVE
L701533,C105525,Credit Card,192200.0,20.07,12,17810.89,2025-04-29,0.2808,0,0,ACTIVE
L701534,C102220,Personal Loan,1553400.0,10.86,36,50753.72,2026-11-12,0.4618,0,0,CLOSED
L701535,C105182,Credit Card,69700.0,18.94,12,6421.02,2023-01-16,0.0721,0,0,CLOSED
L701536,C103220,Personal Loan,335100.0,19.81,36,12419.83,2022-07-01,0.2505,0,0,ACTIVE
L701537,C104080,Personal Loan,242800.0,18.78,36,8872.6,2023-09-13,0.4695,0,0,ACTIVE
L701538,C102404,Credit Card,269200.0,22.62,12,25279.67,2025-07-18,0.0048,1,0,ACTIVE
L701539,C107025,Credit Card,200800.0,14.26,12,18052.41,2024-02-25,0.1614,0,15,ACTIVE
L701540,C109839,Home Finance,260300.0,19.93,180,4558.01,2025-12-12,0.0321,0,0,ACTIVE
L701541,C103330,Auto Finance,153800.0,22.5,60,4291.28,2024-04-28,0.663,0,45,ACTIVE
L701542,C108540,Auto Finance,311500.0,17.87,60,7888.56,2024-03-26,0.3638,0,0,CLOSED
L701543,C102380,Home Finance,234200.0,16.14,180,3462.02,2025-02-03,0.5441,0,15,ACTIVE
L701544,C103547,Credit Card,358100.0,16.56,12,32587.43,2026-07-16,0.8382,2,296,DEFAULT
L701545,C101373,Home Finance,4680200.0,20.71,180,84662.81,2024-01-15,0.659,0,0,ACTIVE
L701546,C104661,Home Finance,688300.0,22.01,180,13122.39,2023-10-26,0.3489,0,7,CLOSED
L701547,C107859,Credit Card,952700.0,24.62,12,90373.24,2023-10-31,0.5935,1,314,DEFAULT
L701548,C103067,Credit Card,595100.0,21.11,12,55439.27,2023-12-11,0.6492,0,0,ACTIVE
L701549,C110700,Auto Finance,1441800.0,15.55,60,34717.16,2025-09-04,0.547,0,45,CLOSED
L701550,C111853,Credit Card,184200.0,20.65,12,17119.39,2024-09-26,0.2834,1,0,ACTIVE
L701551,C101156,Credit Card,85500.0,19.55,12,7903.59,2025-04-06,0.2744,0,0,CLOSED
L701552,C100669,Personal Loan,575400.0,20.07,36,21404.37,2027-06-29,0.2931,0,217,DEFAULT
L701553,C110802,Credit Card,215500.0,18.57,12,19812.58,2024-10-30,0.5746,0,45,ACTIVE
L701554,C109022,Credit Card,399800.0,12.3,12,35579.79,2024-06-07,0.4201,2,15,ACTIVE
L701555,C100188,Home Finance,1004400.0,24.24,180,20859.73,2023-11-04,0.6381,1,0,ACTIVE
L701556,C102722,Personal Loan,169400.0,24.62,36,6700.28,2026-08-23,0.4764,1,15,ACTIVE
L701557,C107414,Credit Card,61300.0,19.39,12,5664.4,2023-05-27,0.1164,2,45,ACTIVE
L701558,C107450,Home Finance,135000.0,18.97,180,2269.25,2026-06-17,0.1916,0,7,CLOSED
L701559,C105376,Auto Finance,746300.0,21.37,60,20345.93,2024-02-24,0.2084,1,0,ACTIVE
L701560,C111535,Home Finance,1806000.0,17.37,180,28268.67,2025-02-05,0.6847,1,7,ACTIVE
L701561,C100237,Auto Finance,693400.0,15.49,60,16674.63,2024-12-23,0.7977,0,7,CLOSED
L701562,C104608,Personal Loan,208300.0,23.1,36,8075.06,2024-12-24,0.3453,0,7,CLOSED
L701563,C108606,Credit Card,496900.0,14.55,12,44742.79,2024-01-11,0.1672,0,45,ACTIVE
L701564,C106981,Auto Finance,777900.0,17.11,60,19379.42,2026-01-22,0.4921,0,45,ACTIVE
L701565,C104242,Auto Finance,1031200.0,17.02,60,25638.44,2026-03-30,0.4056,0,7,ACTIVE
L701566,C111885,Auto Finance,909000.0,22.9,60,25572.44,2025-02-04,0.2361,1,7,ACTIVE
L701567,C106052,Credit Card,343500.0,14.0,12,30846.09,2025-07-03,0.5765,0,0,CLOSED
L701568,C103296,Credit Card,367800.0,21.95,12,34410.69,2024-11-17,0.3706,0,15,ACTIVE
L701569,C102480,Credit Card,312300.0,16.48,12,28404.86,2024-09-04,0.473,0,0,CLOSED
L701570,C102886,Home Finance,1344200.0,21.6,180,25212.37,2023-11-05,0.506,0,0,ACTIVE
L701571,C105287,Credit Card,123200.0,18.85,12,11341.67,2024-01-10,0.4827,0,30,ACTIVE
L701572,C107685,Credit Card,47600.0,21.8,12,4453.79,2026-03-12,0.1872,0,199,DEFAULT
L701573,C111208,Personal Loan,109900.0,19.24,36,4041.49,2025-03-07,0.727,0,0,CLOSED
L701574,C102611,Auto Finance,493000.0,20.75,60,13267.69,2026-08-19,0.7519,1,194,DEFAULT
L701575,C108639,Personal Loan,427700.0,23.38,36,16642.81,2025-06-15,0.2088,0,0,ACTIVE
L701576,C109606,Personal Loan,313100.0,21.1,36,11813.69,2025-12-25,0.2693,0,0,CLOSED
L701577,C106916,Auto Finance,833700.0,19.51,60,21860.52,2024-08-27,0.3498,1,0,ACTIVE
L701578,C104136,Auto Finance,1545600.0,19.65,60,40648.08,2024-02-27,0.6343,0,45,ACTIVE
L701579,C104883,Personal Loan,1623900.0,18.82,36,59379.6,2023-12-26,0.3811,0,0,ACTIVE
L701580,C101402,Auto Finance,1522200.0,18.59,60,39143.64,2024-12-02,0.4083,0,30,ACTIVE
L701581,C100761,Credit Card,152700.0,16.79,12,13912.33,2023-10-18,0.4853,0,0,ACTIVE
L701582,C100112,Credit Card,833300.0,,12,77273.83,2024-03-03,0.3814,1,30,ACTIVE
L701583,C103451,Credit Card,275000.0,22.51,12,25809.92,2023-06-27,0.2409,0,0,CLOSED
L701584,C111124,Credit Card,228200.0,15.76,12,20680.79,2026-04-17,0.2377,1,0,ACTIVE
L701585,C102319,Auto Finance,1921700.0,20.58,60,51534.34,2026-10-15,0.1397,0,131,DEFAULT
L701586,C107154,Auto Finance,2258500.0,22.56,60,63099.53,2025-02-18,0.3479,1,278,DEFAULT
L701587,C110188,Credit Card,251300.0,15.86,12,22785.73,2025-05-26,0.6648,0,45,CLOSED
L701588,C102172,Home Finance,1169100.0,22.49,180,22713.82,2025-09-27,0.216,0,15,ACTIVE
L701589,C108936,Credit Card,795600.0,18.22,12,73027.28,2027-06-16,0.6045,2,0,CLOSED
L701590,C105254,Auto Finance,336400.0,21.92,60,9276.54,2025-04-26,0.4829,0,45,ACTIVE
L701591,C106289,Personal Loan,904000.0,20.02,36,33603.53,2023-10-28,0.297,0,0,ACTIVE
L701592,C109827,Credit Card,1113600.0,16.94,12,101534.03,2025-10-13,0.5436,0,329,DEFAULT
L701593,C104668,Auto Finance,1951000.0,18.04,60,49583.89,2025-12-30,0.4737,0,0,ACTIVE
L701594,C111111,Credit Card,658600.0,22.84,12,61903.85,2025-06-23,0.1127,0,30,ACTIVE
L701595,C109180,Auto Finance,141600.0,,60,4189.36,2027-01-13,0.418,0,0,ACTIVE
L701596,C104159,Credit Card,167200.0,,12,15317.48,2026-05-12,0.0284,1,0,ACTIVE
L701597,C102926,Auto Finance,882700.0,18.91,60,22855.21,2024-02-09,0.2655,0,0,ACTIVE
L701598,C106654,Personal Loan,1496000.0,20.64,36,56084.68,2025-03-18,0.4742,0,0,CLOSED
L701599,C103680,Personal Loan,608100.0,21.98,36,23218.9,2023-07-24,0.2117,0,0,ACTIVE
L701600,C111484,Auto Finance,1396600.0,16.37,60,34238.6,2024-07-26,0.5429,1,45,ACTIVE
L701601,C108001,Home Finance,1352200.0,,180,26683.33,2023-05-01,0.7889,0,0,ACTIVE
L701602,C107504,Personal Loan,592100.0,19.03,36,21711.51,2026-09-16,0.553,0,45,ACTIVE
L701603,C102442,Home Finance,851000.0,18.06,180,13742.1,2023-01-03,0.3413,0,45,ACTIVE
L701604,C108271,Personal Loan,188800.0,21.06,36,7120.73,2025-05-26,0.2102,0,0,ACTIVE
L701605,C103072,Auto Finance,325900.0,16.49,60,8009.74,2026-07-09,0.4803,0,15,CLOSED
L701606,C108618,Personal Loan,247700.0,18.75,36,9050.01,2025-04-28,0.1131,1,0,ACTIVE
L701607,C110519,Credit Card,127800.0,14.73,12,11522.26,2023-02-07,0.6523,0,0,ACTIVE
L701608,C110110,Credit Card,37800.0,17.37,12,3450.78,2024-03-04,0.0803,0,45,ACTIVE
L701609,C111972,Credit Card,101400.0,22.99,12,9535.65,2025-12-20,0.2606,0,0,ACTIVE
L701610,C108414,Personal Loan,1381400.0,23.16,36,53590.51,2022-09-14,0.2383,0,45,ACTIVE
L701611,C101033,Personal Loan,726100.0,18.24,36,26337.31,2025-11-06,0.1396,1,0,ACTIVE
L701612,C102077,Credit Card,1228400.0,18.56,12,112947.24,2025-02-10,0.5729,0,0,ACTIVE
L701613,C108929,Personal Loan,561700.0,23.21,36,21804.47,2026-05-02,0.3812,0,245,DEFAULT
L701614,C109672,Auto Finance,4453700.0,25.34,60,131611.14,2023-06-12,0.1178,0,45,ACTIVE
L701615,C103584,Credit Card,304800.0,20.48,12,28305.11,2024-06-10,0.4721,1,0,ACTIVE
L701616,C105560,Credit Card,633100.0,19.0,12,58347.85,2025-04-12,0.3355,0,0,ACTIVE
L701617,C109530,Personal Loan,369000.0,23.9,36,14457.57,2023-12-03,0.4235,1,0,CLOSED
L701618,C107142,Personal Loan,855300.0,23.34,36,33260.93,2023-04-09,0.7483,0,30,CLOSED
L701619,C100978,Auto Finance,640800.0,16.45,60,15737.15,2025-05-05,0.1668,0,30,ACTIVE
L701620,C108422,Auto Finance,249500.0,20.91,60,6737.95,2027-05-21,0.4223,0,0,CLOSED
L701621,C105531,Home Finance,769700.0,21.44,180,14343.53,2025-12-08,0.2461,0,0,ACTIVE
L701622,C106412,Credit Card,242000.0,17.46,12,22121.29,2026-05-26,0.2069,0,0,ACTIVE
L701623,C103868,Personal Loan,779600.0,17.25,36,27891.78,2026-03-11,0.3184,1,45,ACTIVE
L701624,C107270,Credit Card,51900.0,20.53,12,4821.21,2024-07-03,0.1462,1,0,CLOSED
L701625,C110878,Auto Finance,977000.0,19.99,60,25878.15,2024-01-29,0.3426,0,0,ACTIVE
L701626,C109657,Personal Loan,1496900.0,18.8,36,54718.05,2027-03-29,0.5277,0,0,ACTIVE
L701627,C104545,Personal Loan,1795500.0,18.56,36,65417.77,2023-03-12,0.5087,1,219,DEFAULT
L701628,C109884,Credit Card,693400.0,21.94,12,64879.47,2025-03-01,0.2586,0,7,ACTIVE
L701629,C100452,Home Finance,1134600.0,24.56,180,23842.7,2025-09-20,0.5709,0,45,ACTIVE
L701630,C108888,Auto Finance,1022900.0,17.12,60,25487.83,2026-05-10,0.0691,0,15,ACTIVE
L701631,C105873,Auto Finance,410100.0,18.29,60,10479.54,2023-06-29,0.3494,0,0,ACTIVE
L701632,C101348,Credit Card,283000.0,18.25,12,25980.15,2025-05-28,0.4137,0,0,ACTIVE
L701633,C110667,Personal Loan,953300.0,25.06,36,37934.83,2027-05-26,0.2973,0,30,ACTIVE
L701634,C101992,Credit Card,31200.0,16.7,12,2841.74,2023-12-19,0.3476,0,0,ACTIVE
L701635,C104394,Auto Finance,509600.0,23.12,60,14400.61,2026-06-02,0.3227,0,0,ACTIVE
L701636,C106607,Personal Loan,726300.0,15.81,36,25466.81,2022-02-06,0.613,0,0,ACTIVE
L701637,C100992,Credit Card,58600.0,20.29,12,5440.5,2024-06-24,0.3232,0,7,ACTIVE
L701638,C105336,Personal Loan,222200.0,21.55,36,8433.12,2024-07-01,0.602,0,7,ACTIVE
L701639,C106940,Home Finance,269800.0,26.82,180,6146.01,2023-05-25,0.1056,1,7,ACTIVE
L701640,C111622,Auto Finance,155000.0,15.48,60,3726.54,2024-05-31,0.3925,0,0,ACTIVE
L701641,C100561,Auto Finance,1516500.0,16.68,60,37428.78,2024-03-18,0.7979,0,15,CLOSED
L701642,C107375,Personal Loan,1063100.0,20.04,36,39529.53,2023-12-10,0.643,0,7,ACTIVE
L701643,C110089,Credit Card,942400.0,21.81,12,88117.16,2024-08-21,0.6494,2,45,ACTIVE
L701644,C100976,Credit Card,342600.0,16.43,12,31151.93,2024-12-27,0.7481,0,30,ACTIVE
L701645,C103899,Auto Finance,46200.0,23.19,60,1306.12,2025-06-18,0.2327,0,45,CLOSED
L701646,C102728,Personal Loan,639100.0,15.71,36,22377.08,2025-02-20,0.6117,1,15,ACTIVE
L701647,C100827,Credit Card,58600.0,18.58,12,5389.28,2025-08-15,0.461,1,30,CLOSED
L701648,C107214,Personal Loan,116800.0,16.57,36,4137.96,2025-06-03,0.2897,0,30,ACTIVE
L701649,C106554,Credit Card,678100.0,19.15,12,62539.15,2025-09-18,0.593,0,0,ACTIVE
L701650,C108065,Personal Loan,114100.0,22.92,36,4413.73,2024-02-28,0.2375,1,0,ACTIVE
L701651,C109867,Personal Loan,884700.0,19.38,36,32598.98,2025-06-09,0.8072,0,0,ACTIVE
L701652,C107172,Auto Finance,2225600.0,15.95,60,54063.86,2024-04-15,0.3243,3,0,CLOSED
L701653,C101195,Personal Loan,252200.0,20.15,36,9391.11,2024-03-08,0.6055,0,7,ACTIVE
L701654,C109232,Personal Loan,265600.0,18.41,36,9657.77,2025-05-25,0.3322,0,45,ACTIVE
L701655,C102186,Personal Loan,472600.0,18.39,36,17176.66,2023-08-14,0.4403,0,0,ACTIVE
L701656,C101445,Credit Card,206800.0,13.66,12,18531.26,2026-11-30,0.2384,0,0,CLOSED
L701657,C105709,Credit Card,222600.0,18.21,12,20427.91,2026-06-05,0.2055,1,15,ACTIVE
L701658,C100657,Personal Loan,2975600.0,,36,107529.29,2025-12-18,0.5785,0,0,ACTIVE
L701659,C108877,Credit Card,216500.0,16.64,12,19710.95,2024-04-14,0.5379,0,45,CLOSED
L701660,C104604,Personal Loan,646900.0,15.23,36,22496.95,2024-02-03,0.2997,1,0,ACTIVE
L701661,C108377,Credit Card,346100.0,20.71,12,32179.54,2023-12-01,0.6247,0,0,ACTIVE
L701662,C109043,Auto Finance,403800.0,19.54,60,10595.89,2024-08-20,0.2235,0,0,CLOSED
L701663,C103545,Auto Finance,1071200.0,21.57,60,29323.38,2025-11-13,0.668,0,0,ACTIVE
L701664,C105455,Auto Finance,2232900.0,18.47,60,57274.3,2024-11-05,0.2729,1,0,ACTIVE
L701665,C100530,Auto Finance,793200.0,17.31,60,19844.7,2025-01-13,0.7927,0,0,ACTIVE
L701666,C108806,Auto Finance,154300.0,17.08,60,3840.55,2024-01-20,0.3697,1,0,ACTIVE
L701667,C105442,Auto Finance,1551500.0,17.09,60,38634.56,2025-06-11,0.4562,1,0,ACTIVE
L701668,C101135,Credit Card,344400.0,19.27,12,31784.03,2022-06-21,0.3181,1,0,CLOSED
L701669,C107274,Personal Loan,629200.0,16.85,36,22384.94,2024-10-19,0.3911,0,30,ACTIVE
L701670,C100556,Personal Loan,1103600.0,21.89,36,42085.21,2025-04-19,0.4402,0,15,ACTIVE
L701671,C106659,Auto Finance,396000.0,24.2,60,11438.89,2023-11-22,0.0112,0,0,ACTIVE
L701672,C111434,Auto Finance,287200.0,20.54,60,7695.42,2022-08-10,0.2657,0,30,CLOSED
L701673,C110995,Auto Finance,399600.0,22.53,60,11157.44,2026-06-16,0.6438,0,30,ACTIVE
L701674,C104420,Auto Finance,450300.0,21.72,60,12366.1,2023-01-26,0.5039,1,45,ACTIVE
L701675,C102916,Personal Loan,2183700.0,19.42,36,80509.05,2024-06-27,0.4703,0,30,ACTIVE
L701676,C107622,Credit Card,442800.0,15.65,12,40099.89,2026-08-03,0.6664,0,0,ACTIVE
L701677,C103141,Personal Loan,1387100.0,24.81,36,55011.52,2025-05-10,0.8218,0,0,ACTIVE
L701678,C108798,Auto Finance,1641800.0,22.38,60,45700.53,2024-08-23,0.4612,0,0,CLOSED
L701679,C107879,Home Finance,1190300.0,20.93,180,21727.36,2026-06-15,0.1519,3,30,ACTIVE
L701680,C101784,Credit Card,237100.0,19.78,12,21937.74,2025-10-30,0.4039,1,0,ACTIVE
L701681,C106677,Auto Finance,196900.0,22.41,60,5483.68,2026-08-04,0.4102,0,45,CLOSED
L701682,C102206,Personal Loan,681700.0,20.98,36,25677.81,2026-07-15,0.1667,0,45,ACTIVE
L701683,C111313,Credit Card,334800.0,15.86,12,30350.57,2024-05-29,0.1093,0,99,DEFAULT
L701684,C110879,Auto Finance,946600.0,18.33,60,24206.66,2025-07-02,0.3796,0,15,ACTIVE
L701685,C106663,Credit Card,121100.0,15.12,12,10933.52,2026-02-12,0.1878,0,0,CLOSED
L701686,C105257,Personal Loan,783100.0,20.79,36,29418.78,2026-10-12,0.5272,0,0,ACTIVE
L701687,C103309,Personal Loan,114000.0,19.48,36,4206.57,2024-01-28,0.5534,0,0,ACTIVE
L701688,C105371,Credit Card,144200.0,21.69,12,13476.32,2024-06-02,0.235,0,15,ACTIVE
L701689,C102101,Personal Loan,536000.0,20.23,36,19981.58,2024-06-17,0.3948,0,0,ACTIVE
L701690,C100932,Auto Finance,1610200.0,14.38,60,37783.67,2026-09-19,0.1805,0,45,ACTIVE
L701691,C100803,Personal Loan,343700.0,17.04,36,12260.39,2026-08-11,0.3774,0,45,ACTIVE
L701692,C109874,Personal Loan,1590200.0,28.13,36,65888.44,2023-04-15,0.1935,1,30,ACTIVE
L701693,C110002,Credit Card,283000.0,23.66,12,26711.39,2024-02-05,0.0823,0,7,ACTIVE
L701694,C100552,Personal Loan,62100.0,13.43,36,2104.19,2024-05-06,0.4202,0,15,ACTIVE
L701695,C104584,Auto Finance,1542500.0,14.32,60,36147.78,2025-10-26,0.6568,0,0,ACTIVE
L701696,C111942,Home Finance,648000.0,21.67,180,12187.49,2025-07-23,0.6471,0,15,ACTIVE
L701697,C109103,Auto Finance,825100.0,21.61,60,22604.47,2025-03-16,0.2263,0,30,ACTIVE
L701698,C101270,Credit Card,31200.0,20.02,12,2893.57,2023-01-07,0.298,0,0,CLOSED
L701699,C111144,Auto Finance,275700.0,21.02,60,7460.87,2024-04-09,0.5387,0,0,CLOSED
L701700,C102830,Home Finance,615800.0,18.47,180,10125.57,2023-08-06,0.0263,0,0,CLOSED
L701701,C108038,Auto Finance,2289900.0,16.67,60,56503.92,2025-02-25,0.4441,0,7,ACTIVE
L701702,C103690,Personal Loan,379300.0,21.81,36,14448.58,2025-02-14,0.8303,0,0,ACTIVE
L701703,C103008,Auto Finance,273300.0,17.14,60,6811.61,2026-03-08,0.5629,0,0,ACTIVE
L701704,C110390,Personal Loan,305300.0,24.35,36,12032.13,2022-03-29,0.4031,0,0,ACTIVE
L701705,C110184,Auto Finance,582900.0,13.78,60,13496.55,2023-04-22,0.0559,0,253,DEFAULT
L701706,C103736,Personal Loan,1591100.0,23.43,36,61948.98,2026-09-18,0.5055,0,0,CLOSED
L701707,C105120,Home Finance,3062200.0,16.15,180,45295.52,2025-04-21,0.2766,1,0,ACTIVE
L701708,C108141,Personal Loan,2780400.0,23.08,36,107745.0,2025-07-03,0.3798,2,7,ACTIVE
L701709,C107133,Credit Card,318600.0,14.89,12,28740.52,2024-02-21,0.6908,0,0,ACTIVE
L701710,C101206,Auto Finance,756600.0,17.65,60,19068.61,2024-03-16,0.6167,3,0,ACTIVE
L701711,C106472,Credit Card,709900.0,21.38,12,66228.81,2027-01-03,0.6007,0,15,ACTIVE
L701712,C104038,Auto Finance,1090000.0,18.7,60,28096.67,2025-10-24,0.4498,1,0,ACTIVE
L701713,C111103,Personal Loan,351900.0,,36,13020.79,2025-10-19,0.0195,0,0,ACTIVE
L701714,C109633,Personal Loan,1076100.0,21.61,36,40881.77,2025-09-02,0.5305,0,7,ACTIVE
L701715,C101248,Personal Loan,816300.0,19.35,36,30067.49,2026-05-21,0.2602,1,7,ACTIVE
L701716,C104619,Personal Loan,1345200.0,14.92,36,46579.95,2024-03-09,0.2314,4,15,ACTIVE
L701717,C107144,Home Finance,1233500.0,15.33,180,17543.63,2025-09-30,0.2353,0,45,ACTIVE
L701718,C104521,Personal Loan,271500.0,11.21,36,8917.13,2024-06-13,0.105,0,0,ACTIVE
L701719,C109294,Auto Finance,1156400.0,22.23,60,32090.07,2025-08-31,0.3557,0,0,CLOSED
L701720,C101653,Personal Loan,312400.0,20.41,36,11673.8,2024-07-14,0.36,0,0,ACTIVE
L701721,C100928,Home Finance,251400.0,24.74,180,5318.96,2023-08-26,0.1037,0,0,ACTIVE
L701722,C108026,Personal Loan,536700.0,21.03,36,20229.5,2026-02-09,0.4355,0,7,ACTIVE
L701723,C110881,Auto Finance,389300.0,17.58,60,9797.69,2023-03-16,0.298,0,0,CLOSED
L701724,C108288,Credit Card,193800.0,15.16,12,17508.65,2024-08-09,0.3532,0,0,ACTIVE
L701725,C110111,Auto Finance,1847300.0,18.14,60,47048.93,2026-12-18,0.2661,1,45,CLOSED
L701726,C104372,Personal Loan,296700.0,19.67,36,10974.89,2025-07-17,0.0355,0,15,ACTIVE
L701727,C109855,Auto Finance,1121200.0,22.85,60,31509.22,2026-11-14,0.4193,1,0,ACTIVE
L701728,C104160,Personal Loan,275100.0,20.12,36,10239.81,2025-11-27,0.6012,0,7,ACTIVE
L701729,C102233,Home Finance,1162400.0,22.29,180,22408.26,2024-12-02,0.4799,0,7,ACTIVE
L701730,C101686,Credit Card,186100.0,17.13,12,16980.83,2026-04-16,0.1279,0,30,CLOSED
L701731,C105559,Credit Card,197400.0,16.76,12,17978.87,2025-01-01,0.2505,0,15,CLOSED
L701732,C103484,Credit Card,116200.0,14.75,12,10477.51,2023-05-27,0.4103,0,0,ACTIVE
L701733,C111545,Personal Loan,999100.0,24.23,36,39317.53,2024-04-22,0.014,0,30,ACTIVE
L701734,C106864,Personal Loan,715600.0,23.45,36,27867.8,2026-01-25,0.2003,0,0,ACTIVE
L701735,C106415,Personal Loan,728000.0,16.08,36,25623.12,2022-12-21,0.7161,0,30,ACTIVE
L701736,C104645,Credit Card,496900.0,16.55,12,45214.2,2026-08-18,0.6053,0,7,ACTIVE
L701737,C103861,Credit Card,782900.0,20.55,12,72731.79,2025-02-26,0.281,1,166,DEFAULT
L701738,C109293,Credit Card,399800.0,19.15,12,36875.29,2025-12-09,0.7896,0,0,CLOSED
L701739,C105180,Personal Loan,2031100.0,17.58,36,73000.4,2023-11-15,0.3226,1,15,ACTIVE
L701740,C107190,Auto Finance,880200.0,24.39,60,25520.06,2023-10-06,0.2847,0,0,ACTIVE
L701741,C110865,Personal Loan,99200.0,20.39,36,3705.22,2027-05-13,0.2316,1,0,ACTIVE
L701742,C105379,Credit Card,32300.0,21.86,12,3024.53,2024-05-08,0.3474,0,0,ACTIVE
L701743,C109136,Personal Loan,922200.0,18.33,36,33492.32,2026-01-27,0.466,0,15,ACTIVE
L701744,C107838,Personal Loan,584000.0,20.91,36,21976.16,2022-12-03,0.4441,0,0,CLOSED
L701745,C102130,Personal Loan,320100.0,16.97,36,11408.72,2026-02-24,0.265,0,0,ACTIVE
L701746,C100424,Auto Finance,291800.0,13.76,60,6753.8,2025-12-26,0.6504,0,30,CLOSED
L701747,C102063,Personal Loan,96700.0,21.43,36,3662.89,2024-06-26,0.1302,0,0,ACTIVE
L701748,C105128,Credit Card,1429000.0,19.57,12,132076.95,2025-08-10,0.1549,2,45,ACTIVE
L701749,C109178,Home Finance,1131800.0,23.95,180,23252.35,2025-09-11,0.2929,2,0,ACTIVE
L701750,C109267,Personal Loan,181600.0,18.44,36,6605.76,2025-09-17,0.2084,0,45,CLOSED
L701751,C102007,Personal Loan,605700.0,18.14,36,21939.68,2023-11-10,0.7767,0,0,ACTIVE
L701752,C102031,Auto Finance,1365100.0,17.41,60,34228.02,2025-04-15,0.1199,0,272,DEFAULT
L701753,C102506,Credit Card,535700.0,23.58,12,50548.25,2025-07-19,0.2505,0,0,ACTIVE
L701754,C101910,Personal Loan,380200.0,15.69,36,13308.54,2024-11-11,0.4063,0,0,CLOSED
L701755,C100991,Auto Finance,813400.0,16.06,60,19805.59,2025-02-26,0.4246,0,15,ACTIVE
L701756,C102498,Auto Finance,234700.0,23.0,60,6617.38,2024-06-03,0.7466,0,7,ACTIVE
L701757,C110675,Auto Finance,6029700.0,17.16,60,150372.03,2025-04-01,0.4671,0,0,ACTIVE
L701758,C105279,Personal Loan,1495000.0,18.4,36,54347.51,2023-09-04,0.5463,0,0,ACTIVE
L701759,C101362,Personal Loan,1377800.0,15.0,36,47762.18,2025-02-19,0.4996,1,7,CLOSED
L701760,C111140,Personal Loan,2005600.0,11.83,36,66452.58,2025-01-20,0.5987,0,0,ACTIVE
L701761,C104269,Credit Card,158900.0,17.28,12,14510.58,2024-02-04,0.4547,0,0,ACTIVE
L701762,C106587,Personal Loan,245500.0,12.01,36,8155.45,2024-05-09,0.3394,0,30,ACTIVE
L701763,C111234,Personal Loan,2638100.0,17.59,36,94831.32,2023-07-15,0.7172,0,254,DEFAULT
L701764,C105543,Credit Card,707600.0,17.35,12,64652.52,2026-05-05,0.4915,1,7,CLOSED
L701765,C103050,Auto Finance,2364100.0,16.0,60,57490.03,2024-01-12,0.2301,1,15,ACTIVE
L701766,C106942,Auto Finance,623700.0,18.75,60,16092.64,2026-03-11,0.3453,0,30,ACTIVE
L701767,C106320,Personal Loan,1256400.0,18.52,36,45751.42,2025-03-31,0.4749,1,15,ACTIVE
L701768,C108777,Personal Loan,341700.0,25.76,36,13722.64,2025-03-15,0.477,0,7,ACTIVE
L701769,C108228,Personal Loan,927600.0,18.74,36,33880.29,2025-06-05,0.3401,0,7,ACTIVE
L701770,C107302,Auto Finance,988300.0,15.95,60,24007.51,2023-12-29,0.3161,0,30,CLOSED
L701771,C105887,Personal Loan,303100.0,16.83,36,10781.33,2024-04-16,0.5313,0,0,ACTIVE
L701772,C110601,Personal Loan,739200.0,23.28,36,28721.38,2025-10-09,0.3155,0,0,ACTIVE
L701773,C104507,Auto Finance,9269400.0,17.45,60,232618.02,2026-05-14,0.2228,0,0,ACTIVE
L701774,C107252,Personal Loan,802900.0,18.56,36,29253.89,2025-06-18,0.348,0,7,ACTIVE
L701775,C107815,Personal Loan,752800.0,15.49,36,26277.39,2025-03-05,0.3235,0,0,CLOSED
L701776,C100290,Auto Finance,970500.0,20.58,60,26025.71,2024-11-01,0.3909,0,7,ACTIVE
L701777,C106648,Auto Finance,614500.0,15.38,60,14741.72,2024-07-20,0.4514,0,15,ACTIVE
L701778,C105708,Auto Finance,419300.0,24.08,60,12082.05,2025-06-16,0.4163,0,0,ACTIVE
L701779,C103081,Credit Card,181400.0,14.94,12,16364.23,2027-01-22,0.1051,0,0,ACTIVE
L701780,C103284,Home Finance,558600.0,21.77,180,10548.19,2025-01-06,0.1325,0,0,ACTIVE
L701781,C103844,Credit Card,213400.0,18.72,12,19635.34,2024-12-12,0.4049,0,0,CLOSED
L701782,C109556,Credit Card,366800.0,17.52,12,33540.53,2023-08-12,0.1687,1,15,CLOSED
L701783,C110926,Credit Card,1261600.0,,12,117001.62,2027-04-13,0.5763,1,15,CLOSED
L701784,C104277,Credit Card,141500.0,,12,13293.66,2024-05-22,0.3083,0,0,ACTIVE
L701785,C100752,Auto Finance,171900.0,20.94,60,4644.3,2024-03-17,0.026,0,0,ACTIVE
L701786,C100248,Auto Finance,1011900.0,18.5,60,25972.16,2025-12-20,0.6034,0,0,ACTIVE
L701787,C104191,Credit Card,53200.0,20.78,12,4948.39,2025-03-25,0.1398,0,0,ACTIVE
L701788,C103166,Personal Loan,292100.0,19.7,36,10809.52,2023-05-19,0.6029,0,45,ACTIVE
L701789,C106079,Credit Card,355600.0,19.69,12,32889.03,2025-12-28,0.2487,1,0,ACTIVE
L701790,C111255,Auto Finance,1923300.0,15.64,60,46403.91,2024-11-03,0.2979,1,7,ACTIVE
L701791,C108858,Personal Loan,651800.0,18.34,36,23675.22,2026-03-09,0.6707,0,0,ACTIVE
L701792,C102400,Auto Finance,649500.0,,60,14924.66,2023-07-24,0.2856,0,180,DEFAULT
L701793,C109971,Personal Loan,144600.0,19.91,36,5366.62,2022-12-31,0.6007,0,45,ACTIVE
L701794,C107700,Home Finance,550400.0,18.05,180,8884.23,2023-05-31,0.5349,0,45,ACTIVE
L701795,C108499,Personal Loan,1816300.0,23.0,36,70309.51,2023-11-28,0.4849,1,0,ACTIVE
L701796,C111407,Home Finance,1120400.0,13.08,180,14235.12,2024-11-19,0.3466,2,30,ACTIVE
L701797,C111978,Auto Finance,1397300.0,18.82,60,36108.27,2025-08-31,0.6839,0,0,ACTIVE
L701798,C104803,Personal Loan,212500.0,15.73,36,7444.03,2024-01-01,0.2425,0,0,CLOSED
L701799,C109108,Credit Card,524800.0,23.28,12,49438.88,2023-10-29,0.6222,1,235,DEFAULT
L701800,C106949,Credit Card,345600.0,16.05,12,31368.92,2025-07-05,0.114,1,15,ACTIVE
L701801,C102583,Personal Loan,248800.0,21.06,36,9379.49,2023-12-15,0.4336,0,7,ACTIVE
L701802,C107072,Auto Finance,319700.0,25.94,60,9562.0,2025-11-18,0.293,3,7,ACTIVE
L701803,C102700,Personal Loan,2090200.0,12.25,36,69674.51,2025-10-27,0.3188,2,0,ACTIVE
L701804,C111584,Personal Loan,610100.0,18.89,36,22330.22,2024-11-07,0.6044,0,0,CLOSED
L701805,C104928,Auto Finance,809100.0,17.36,60,20265.0,2024-02-07,0.5853,0,0,CLOSED
L701806,C104089,Home Finance,994700.0,12.51,180,12266.3,2025-06-02,0.3174,1,0,ACTIVE
L701807,C110202,Auto Finance,96900.0,14.42,60,2276.08,2024-10-18,0.5966,0,0,ACTIVE
L701808,C110469,Credit Card,301800.0,15.17,12,27261.06,2026-01-26,0.6324,0,7,ACTIVE
L701809,C105188,Personal Loan,2171100.0,22.55,36,83532.79,2027-04-11,0.4136,0,0,ACTIVE
L701810,C107430,Auto Finance,533400.0,27.01,60,16291.44,2024-11-15,0.1963,0,30,ACTIVE
L701811,C106541,Auto Finance,295400.0,20.82,60,7960.73,2025-01-30,0.2623,1,15,CLOSED
L701812,C108644,Auto Finance,2982100.0,17.2,60,74433.0,2026-10-13,0.5299,0,45,ACTIVE
L701813,C105378,Personal Loan,452300.0,19.35,36,16661.31,2022-06-23,0.4528,3,30,ACTIVE
L701814,C102749,Auto Finance,233400.0,23.62,60,6663.6,2026-06-27,0.0425,0,7,ACTIVE
L701815,C100777,Credit Card,111900.0,12.01,12,9945.16,2023-12-27,0.1018,0,0,ACTIVE
L701816,C104387,Personal Loan,427700.0,20.36,36,15974.46,2026-03-01,0.0447,0,0,ACTIVE
L701817,C106013,Auto Finance,798400.0,18.22,60,20370.13,2026-05-03,0.2885,1,30,ACTIVE
L701818,C105895,Personal Loan,1143700.0,16.92,36,40729.91,2024-03-19,0.3505,0,0,CLOSED
L701819,C104234,Auto Finance,2403900.0,25.07,60,70656.67,2025-04-18,0.0342,0,45,ACTIVE
L701820,C101950,Credit Card,107800.0,15.42,12,9752.35,2025-03-28,0.7173,0,0,ACTIVE
L701821,C111773,Credit Card,214800.0,19.03,12,19794.7,2022-08-09,0.15,2,0,ACTIVE
L701822,C110267,Personal Loan,174200.0,14.11,36,5961.84,2024-01-17,0.3025,0,15,ACTIVE
L701823,C111802,Credit Card,187900.0,15.13,12,16969.66,2025-09-09,0.2514,1,15,ACTIVE
L701824,C102557,Auto Finance,761200.0,15.55,60,18328.43,2024-07-13,0.2329,0,45,ACTIVE
L701825,C109008,Credit Card,404400.0,15.95,12,36682.28,2024-10-30,0.7745,0,0,ACTIVE
L701826,C106474,Auto Finance,721100.0,19.51,60,18907.81,2025-01-11,0.449,0,7,ACTIVE
L701827,C110076,Personal Loan,531500.0,18.15,36,19256.02,2026-10-06,0.3339,0,45,CLOSED
L701828,C104417,Auto Finance,218300.0,,60,5895.55,2026-07-25,0.9201,0,15,ACTIVE
L701829,C107427,Personal Loan,278600.0,,36,10487.63,2023-12-04,0.2645,0,0,ACTIVE
L701830,C104685,Auto Finance,6022100.0,21.49,60,164583.44,2024-10-23,0.1448,1,15,ACTIVE
L701831,C105554,Personal Loan,356100.0,13.02,36,12002.12,2024-11-13,0.2072,0,30,ACTIVE
L701832,C101045,Personal Loan,331000.0,25.34,36,13219.91,2023-02-14,0.286,0,7,ACTIVE
L701833,C107928,Personal Loan,319600.0,23.43,36,12445.06,2022-11-30,0.5476,0,15,ACTIVE
L701834,C111764,Personal Loan,276800.0,19.36,36,10197.66,2024-12-09,0.6457,0,0,ACTIVE
L701835,C105471,Auto Finance,133700.0,19.6,60,3513.83,2024-10-26,0.7261,0,0,ACTIVE
L701836,C107352,Personal Loan,1040200.0,17.09,36,37132.31,2024-06-06,0.2719,0,0,ACTIVE
L701837,C104627,Personal Loan,931600.0,13.73,36,31716.61,2024-06-21,0.5814,0,0,ACTIVE
L701838,C109722,Auto Finance,1479900.0,18.87,60,38283.89,2024-02-19,0.2367,0,0,ACTIVE
L701839,C106196,Personal Loan,323700.0,19.7,36,11980.33,2022-09-04,0.0515,0,45,CLOSED
L701840,C104114,Home Finance,841400.0,18.26,180,13707.67,2024-06-27,0.5414,0,30,ACTIVE
L701841,C110560,Credit Card,176400.0,19.94,12,16335.92,2023-08-05,0.546,0,7,ACTIVE
L701842,C102049,Credit Card,124000.0,16.32,12,11266.71,2023-12-11,0.1781,0,0,ACTIVE
L701843,C101643,Auto Finance,683300.0,23.47,60,19446.44,2026-11-08,0.4594,1,0,CLOSED
L701844,C106713,Personal Loan,1728500.0,,36,64370.78,2024-03-18,0.2406,0,0,ACTIVE
L701845,C100263,Personal Loan,470700.0,13.47,36,15964.87,2022-08-27,0.2444,0,0,ACTIVE
L701846,C110672,Credit Card,375300.0,14.42,12,33773.74,2026-06-19,0.5327,0,0,ACTIVE
L701847,C105306,Home Finance,751600.0,18.99,180,12642.93,2025-08-24,0.5212,1,45,ACTIVE
L701848,C101035,Credit Card,426200.0,19.34,12,39345.85,2023-09-05,0.371,1,0,ACTIVE
L701849,C108738,Personal Loan,1241300.0,21.13,36,46848.17,2024-09-01,0.26,1,370,DEFAULT
L701850,C101129,Auto Finance,613700.0,19.13,60,15963.04,2026-06-22,0.142,0,15,CLOSED
L701851,C101791,Personal Loan,458500.0,19.42,36,16902.78,2026-01-26,0.8034,0,7,CLOSED
L701852,C103747,Home Finance,1463000.0,18.65,180,24248.11,2022-05-05,0.2125,1,30,ACTIVE
L701853,C103895,Auto Finance,251600.0,23.35,60,7144.56,2024-01-01,0.3674,0,0,ACTIVE
L701854,C100647,Auto Finance,1858200.0,17.73,60,46914.32,2024-05-22,0.1719,0,0,ACTIVE
L701855,C111660,Personal Loan,1705700.0,17.28,36,61051.35,2025-07-28,0.5175,0,7,CLOSED
L701856,C106286,Personal Loan,1020500.0,25.37,36,40774.54,2025-03-30,0.3772,1,0,ACTIVE
L701857,C100730,Personal Loan,855600.0,20.77,36,32134.03,2025-03-05,0.5058,0,0,ACTIVE
L701858,C103532,Credit Card,29800.0,14.17,12,2675.42,2023-11-02,0.3359,0,0,CLOSED
L701859,C102773,Auto Finance,320300.0,12.78,60,7251.95,2024-08-24,0.5377,0,0,CLOSED
L701860,C105523,Credit Card,221500.0,20.02,12,20520.19,2025-01-27,0.2328,1,0,ACTIVE
L701861,C102986,Credit Card,553100.0,17.59,12,50599.74,2024-08-15,0.3087,1,0,CLOSED
L701862,C106901,Auto Finance,1259500.0,20.14,60,33467.08,2024-01-01,0.271,0,0,ACTIVE
L701863,C100008,Auto Finance,1285900.0,17.03,60,31977.88,2024-10-25,0.1934,0,0,ACTIVE
L701864,C101057,Personal Loan,428400.0,18.84,36,15667.59,2022-12-26,0.4419,0,30,ACTIVE
L701865,C101359,Auto Finance,1090200.0,21.51,60,29806.06,2023-05-21,0.466,0,45,ACTIVE
L701866,C104764,Home Finance,742700.0,20.94,180,13563.46,2025-12-31,0.0303,0,0,ACTIVE
L701867,C103196,Personal Loan,424000.0,20.74,36,15918.3,2024-02-29,0.2649,0,0,ACTIVE
L701868,C109919,Personal Loan,520100.0,16.16,36,18324.54,2023-02-10,0.411,0,30,ACTIVE
L701869,C103104,Personal Loan,1577500.0,,36,56322.12,2025-08-09,0.7442,0,30,ACTIVE
L701870,C108677,Auto Finance,873800.0,23.33,60,24799.21,2026-01-05,0.2702,0,0,ACTIVE
L701871,C104892,Personal Loan,180200.0,23.84,36,7055.1,2024-08-13,0.2412,2,15,ACTIVE
L701872,C101272,Personal Loan,777300.0,16.87,36,27661.21,2027-02-17,0.0518,0,0,ACTIVE
L701873,C106715,Auto Finance,413200.0,16.32,60,10118.59,2023-08-10,0.6702,0,7,ACTIVE
L701874,C104755,Personal Loan,358000.0,21.5,36,13578.44,2023-02-15,0.5706,1,0,ACTIVE
L701875,C102835,Auto Finance,487700.0,12.39,60,10944.17,2022-07-28,0.255,0,45,ACTIVE
L701876,C105145,Auto Finance,461900.0,14.24,60,10805.91,2024-03-19,0.525,1,30,CLOSED
L701877,C109463,Personal Loan,505900.0,22.95,36,19571.93,2024-05-18,0.8628,0,0,CLOSED
L701878,C100213,Personal Loan,448800.0,18.83,36,16411.78,2025-10-23,0.4026,0,45,ACTIVE
L701879,C100905,Credit Card,483400.0,19.44,12,44650.5,2026-08-23,0.0423,0,0,ACTIVE
L701880,C103405,Credit Card,282500.0,22.08,12,26455.88,2025-12-22,0.3653,1,30,ACTIVE
L701881,C103260,Auto Finance,1319700.0,19.18,60,34363.58,2025-09-30,0.5425,1,0,ACTIVE
L701882,C100615,Personal Loan,1189000.0,22.18,36,45518.79,2023-11-02,0.1488,0,30,ACTIVE
L701883,C103077,Auto Finance,1415000.0,18.12,60,36023.51,2023-08-14,0.6755,0,0,ACTIVE
L701884,C111667,Auto Finance,434600.0,19.01,60,11276.92,2023-04-09,0.0695,0,219,DEFAULT
L701885,C111458,Credit Card,472000.0,16.65,12,42968.39,2026-03-18,0.5272,1,15,ACTIVE
L701886,C102418,Auto Finance,1651500.0,17.2,60,41221.33,2024-01-14,0.4115,1,30,CLOSED
L701887,C102768,Credit Card,210400.0,20.24,12,19515.17,2022-09-07,0.562,0,0,ACTIVE
L701888,C109039,Auto Finance,1803000.0,,60,46979.41,2025-08-16,0.6648,2,0,ACTIVE
L701889,C106811,Personal Loan,185700.0,23.87,36,7271.6,2024-10-05,0.2456,0,168,DEFAULT
L701890,C107827,Auto Finance,1328000.0,18.0,60,33722.78,2026-08-15,0.5067,0,0,CLOSED
L701891,C100941,Credit Card,138000.0,18.78,12,12701.05,2023-10-30,0.2219,0,0,ACTIVE
L701892,C110771,Auto Finance,339600.0,26.28,60,10223.28,2024-06-17,0.6373,0,15,ACTIVE
L701893,C105711,Home Finance,2435800.0,17.88,180,39017.29,2026-01-21,0.3878,0,0,ACTIVE
L701894,C108646,Home Finance,689000.0,14.34,180,9333.66,2024-02-02,0.5882,1,30,ACTIVE
L701895,C111360,Auto Finance,452500.0,25.73,60,13476.39,2023-02-20,0.3215,0,0,ACTIVE
L701896,C104416,Personal Loan,218900.0,18.49,36,7967.88,2024-01-17,0.2342,0,328,DEFAULT
L701897,C102973,Credit Card,299500.0,20.47,12,27809.11,2025-08-01,0.1308,0,15,CLOSED
L701898,C111372,Auto Finance,299400.0,21.84,60,8241.17,2024-07-30,0.3597,0,0,ACTIVE
L701899,C106837,Credit Card,183600.0,13.89,12,16475.71,2024-07-05,0.2705,0,0,ACTIVE
L701900,C101846,Auto Finance,848100.0,17.67,60,21383.6,2025-12-10,0.0015,1,0,ACTIVE
L701901,C100491,Auto Finance,1222000.0,15.26,60,29238.11,2024-06-23,0.7236,0,30,ACTIVE
L701902,C101746,Home Finance,218100.0,22.2,180,4189.24,2025-11-05,0.6036,0,0,ACTIVE
L701903,C106161,Personal Loan,165000.0,19.25,36,6068.97,2025-03-08,0.5693,1,285,DEFAULT
L701904,C104295,Personal Loan,948900.0,17.43,36,34033.01,2023-11-16,0.4399,0,0,ACTIVE
L701905,C103970,Auto Finance,311700.0,14.52,60,7336.06,2024-04-19,0.4374,0,15,ACTIVE
L701906,C105414,Auto Finance,2031100.0,18.2,60,51798.89,2026-05-05,0.3558,1,0,ACTIVE
L701907,C110918,Home Finance,321800.0,18.66,180,5335.15,2024-09-13,0.8268,0,7,ACTIVE
L701908,C100071,Auto Finance,763300.0,21.15,60,20715.18,2025-09-23,0.3684,0,398,DEFAULT
L701909,C107363,Credit Card,404100.0,19.06,12,37256.02,2025-05-24,0.3082,0,344,DEFAULT
L701910,C104303,Credit Card,66000.0,15.04,12,5959.75,2024-01-24,0.4535,0,0,ACTIVE
L701911,C101249,Home Finance,10659200.0,19.91,180,186499.32,2022-10-11,0.3324,0,45,ACTIVE
L701912,C103642,Personal Loan,680700.0,19.89,36,25258.16,2026-03-19,0.2249,0,30,ACTIVE
L701913,C107986,Credit Card,191400.0,20.45,12,17769.0,2026-05-19,0.405,0,0,ACTIVE
L701914,C111147,Credit Card,290600.0,19.17,12,26808.51,2024-01-17,0.2884,0,0,CLOSED
L701915,C103203,Personal Loan,607500.0,20.42,36,22705.46,2024-07-28,0.1642,0,197,DEFAULT
L701916,C108545,Credit Card,81300.0,17.28,12,7424.08,2024-11-15,0.5244,0,0,ACTIVE
L701917,C104574,Personal Loan,113300.0,16.76,36,4027.03,2023-05-25,0.587,0,0,ACTIVE
L701918,C108788,Personal Loan,423300.0,,36,16275.57,2024-05-25,0.5443,0,0,ACTIVE
L701919,C106636,Credit Card,59900.0,21.52,12,5592.58,2025-02-10,0.5444,0,0,CLOSED
L701920,C105940,Credit Card,41700.0,19.76,12,3856.17,2024-09-14,0.1408,0,0,ACTIVE
L701921,C107110,Personal Loan,1019800.0,16.32,36,36014.9,2024-05-26,0.0546,1,45,CLOSED
L701922,C109327,Credit Card,285600.0,15.67,12,25870.45,2023-01-06,0.3701,0,15,ACTIVE
L701923,C101054,Auto Finance,1926200.0,22.05,60,53254.05,2023-04-13,0.0854,0,0,ACTIVE
L701924,C107355,Credit Card,85500.0,,12,7916.95,2025-02-12,0.6886,0,30,ACTIVE
L701925,C101677,Personal Loan,1926300.0,21.13,36,72703.81,2024-06-20,0.3201,1,15,CLOSED
L701926,C105175,Personal Loan,222500.0,19.31,36,8189.33,2024-08-12,0.2916,1,0,CLOSED
L701927,C105670,Home Finance,3111300.0,23.31,180,62391.22,2023-07-20,0.3017,0,0,ACTIVE
L701928,C104385,Auto Finance,546700.0,16.08,60,13317.55,2026-12-17,0.9106,1,7,CLOSED
L701929,C110027,Auto Finance,589100.0,21.92,60,16244.66,2023-10-04,0.5858,0,30,ACTIVE
L701930,C100235,Auto Finance,710000.0,14.77,60,16804.23,2023-06-25,0.2038,0,0,CLOSED
L701931,C105004,Personal Loan,718800.0,17.84,36,25927.1,2024-06-11,0.1246,0,0,CLOSED
L701932,C106818,Personal Loan,253100.0,16.96,36,9019.23,2025-05-20,0.3771,0,15,ACTIVE
L701933,C100348,Credit Card,598400.0,15.64,12,54187.27,2024-08-28,0.6207,0,349,DEFAULT
L701934,C101647,Personal Loan,460900.0,20.4,36,17221.69,2025-07-10,0.2157,0,30,ACTIVE
L701935,C111314,Home Finance,844100.0,21.7,180,15895.26,2026-02-27,0.46,0,45,CLOSED
L701936,C100580,Credit Card,582600.0,16.29,12,52939.38,2025-02-03,0.4393,0,15,ACTIVE
L701937,C102391,Personal Loan,425400.0,18.42,36,15468.24,2023-08-28,0.6089,0,15,ACTIVE
L701938,C111233,Personal Loan,648200.0,20.56,36,24273.44,2024-05-29,0.5638,1,30,CLOSED
L701939,C111506,Credit Card,164100.0,19.18,12,15134.67,2025-10-02,0.7327,1,30,ACTIVE
L701940,C102566,Auto Finance,792300.0,20.54,60,21230.67,2024-08-23,0.272,0,15,ACTIVE
L701941,C102704,Credit Card,195300.0,15.73,12,17695.21,2022-12-02,0.4913,0,0,ACTIVE
L701942,C104457,Personal Loan,935400.0,15.7,36,32747.4,2023-08-18,0.2747,0,0,ACTIVE
L701943,C111012,Personal Loan,470400.0,19.89,36,17455.97,2026-05-18,0.1038,0,0,ACTIVE
L701944,C103474,Personal Loan,294000.0,20.57,36,11012.3,2025-12-17,0.4017,0,0,ACTIVE
L701945,C106362,Credit Card,88900.0,22.89,12,8359.8,2024-12-17,0.6164,2,201,DEFAULT
L701946,C107548,Personal Loan,517100.0,25.99,36,20831.93,2027-06-24,0.6745,0,0,ACTIVE
L701947,C102033,Personal Loan,210700.0,18.94,36,7717.24,2024-03-27,0.3445,1,7,ACTIVE
L701948,C101253,Credit Card,805400.0,18.72,12,74111.22,2025-03-10,0.0526,0,45,ACTIVE
L701949,C109917,Credit Card,616800.0,23.05,12,58036.78,2026-05-06,0.4419,0,15,ACTIVE
L701950,C103496,Auto Finance,908100.0,21.13,60,24634.02,2025-06-10,0.3071,0,45,ACTIVE
L701951,C100933,Personal Loan,208300.0,16.11,36,7335.38,2023-02-22,0.355,0,0,ACTIVE
L701952,C101128,Credit Card,658900.0,17.03,12,60105.24,2026-11-08,0.7126,0,45,ACTIVE
L701953,C111647,Personal Loan,936800.0,20.48,36,35046.11,2025-08-29,0.3653,0,0,ACTIVE
L701954,C111559,Auto Finance,363800.0,16.9,60,9021.96,2022-11-26,0.627,1,7,ACTIVE
L701955,C100748,Home Finance,1878000.0,18.59,180,31043.67,2022-05-15,0.6565,0,0,CLOSED
L701956,C105061,Credit Card,342300.0,21.82,12,32007.81,2022-12-17,0.4622,2,0,ACTIVE
L701957,C101766,Auto Finance,2736400.0,17.38,60,68566.72,2023-04-11,0.5648,1,30,ACTIVE
L701958,C109004,Auto Finance,390900.0,19.21,60,10184.28,2025-01-17,0.7216,0,0,ACTIVE
L701959,C107073,Credit Card,232000.0,16.42,12,21095.26,2025-06-23,0.5621,0,45,ACTIVE
L701960,C109543,Personal Loan,706100.0,18.65,36,25758.3,2027-02-12,0.6943,0,15,ACTIVE
L701961,C103047,Personal Loan,885900.0,16.54,36,31382.85,2027-07-05,0.2915,0,30,ACTIVE
L701962,C106735,Home Finance,1171200.0,18.98,180,19691.98,2025-01-01,0.2347,0,0,ACTIVE
L701963,C102193,Personal Loan,474700.0,17.56,36,17056.52,2023-11-09,0.4262,0,7,ACTIVE
L701964,C102911,Auto Finance,403600.0,18.91,60,10449.86,2025-08-17,0.6375,0,0,CLOSED
L701965,C104379,Auto Finance,662500.0,22.98,60,18667.7,2024-12-15,0.3802,0,0,ACTIVE
L701966,C101997,Personal Loan,607100.0,20.01,36,22566.9,2023-07-14,0.3442,0,30,ACTIVE
L701967,C111043,Auto Finance,1288100.0,12.65,60,29078.04,2026-04-17,0.7897,0,30,CLOSED
L701968,C102407,Credit Card,49100.0,21.05,12,4568.73,2024-08-05,0.2764,0,7,CLOSED
L701969,C106738,Auto Finance,260800.0,23.73,60,7462.0,2023-07-25,0.0616,0,0,CLOSED
L701970,C110925,Home Finance,1205300.0,17.44,180,18927.55,2026-06-17,0.0562,0,0,ACTIVE
L701971,C110916,Personal Loan,404000.0,13.69,36,13746.61,2022-09-24,0.4111,1,0,CLOSED
L701972,C106825,Credit Card,75700.0,20.86,12,7046.31,2026-03-15,0.1561,0,7,ACTIVE
L701973,C108844,Personal Loan,273500.0,,36,10124.88,2026-07-13,0.3516,0,7,CLOSED
L701974,C100625,Personal Loan,141200.0,19.57,36,5215.18,2025-06-24,0.0816,0,0,ACTIVE
L701975,C106148,Personal Loan,413600.0,18.1,36,14972.75,2027-10-15,0.4358,0,0,ACTIVE
L701976,C109330,Personal Loan,1616700.0,17.67,36,58179.9,2024-12-29,0.2207,1,0,ACTIVE
L701977,C103409,Credit Card,200600.0,16.34,12,18236.12,2025-05-10,0.0909,1,0,ACTIVE
L701978,C111902,Home Finance,1126000.0,,180,20587.44,2024-12-26,0.0987,0,30,ACTIVE
L701979,C100124,Credit Card,21900.0,15.98,12,1987.6,2024-11-05,0.0352,0,0,ACTIVE
L701980,C105842,Credit Card,143000.0,22.83,12,13436.84,2025-08-12,0.6351,0,129,DEFAULT
L701981,C102185,Personal Loan,1764400.0,21.25,36,66702.43,2026-02-26,0.388,0,45,ACTIVE
L701982,C104111,Credit Card,226100.0,19.2,12,20859.64,2025-08-30,0.5912,0,30,ACTIVE
L701983,C106560,Credit Card,352800.0,23.96,12,33351.88,2023-06-02,0.7348,1,15,ACTIVE
L701984,C107895,Home Finance,453400.0,17.76,180,7223.24,2023-10-08,0.4191,0,7,CLOSED
L701985,C101689,Personal Loan,1542100.0,18.55,36,56175.78,2027-02-15,0.5072,0,0,ACTIVE
L701986,C108255,Personal Loan,637700.0,16.15,36,22467.13,2023-08-23,0.4666,1,30,ACTIVE
L701987,C110551,Personal Loan,904900.0,,36,34282.78,2024-07-12,0.3492,0,45,ACTIVE
L701988,C110151,Home Finance,1143800.0,18.06,180,18469.92,2025-01-15,0.2306,1,45,CLOSED
L701989,C106620,Personal Loan,2095000.0,20.83,36,78747.1,2026-01-16,0.3917,0,45,ACTIVE
L701990,C104034,Credit Card,992700.0,22.32,12,93067.17,2025-08-26,0.1617,0,0,ACTIVE
L701991,C102746,Home Finance,1410500.0,11.9,180,16837.26,2024-11-19,0.4467,1,0,ACTIVE
L701992,C100085,Personal Loan,431400.0,16.62,36,15298.43,2026-11-17,0.1682,0,0,ACTIVE
L701993,C111062,Auto Finance,2488300.0,18.48,60,63837.26,2025-12-10,0.4709,0,45,ACTIVE
L701994,C109378,Personal Loan,994900.0,16.38,36,35164.27,2026-01-01,0.0304,0,0,ACTIVE
L701995,C110597,Personal Loan,378200.0,15.5,36,13203.19,2023-07-08,0.253,1,0,ACTIVE
L701996,C102673,Personal Loan,404800.0,17.75,36,14584.27,2023-07-28,0.3456,0,45,CLOSED
L701997,C111834,Auto Finance,947700.0,20.39,60,25314.72,2026-09-12,0.0249,0,45,ACTIVE
L701998,C106351,Personal Loan,870800.0,21.15,36,32876.26,2023-03-02,0.5116,0,0,ACTIVE
L701999,C108769,Personal Loan,1474600.0,18.99,36,54044.41,2024-05-21,0.7017,0,0,ACTIVE
L702000,C103725,Home Finance,1721700.0,11.16,180,19741.66,2023-10-09,0.3839,0,30,ACTIVE
L702001,C109255,Credit Card,329200.0,14.86,12,29689.47,2024-01-14,0.2894,0,45,ACTIVE
L702002,C102072,Credit Card,153900.0,22.43,12,14437.96,2022-09-25,0.3058,0,30,CLOSED
L702003,C108834,Credit Card,238300.0,25.04,12,22651.2,2027-01-13,0.3322,0,0,ACTIVE
L702004,C110893,Credit Card,599300.0,18.41,12,55060.46,2025-02-14,0.2775,0,0,ACTIVE
L702005,C101519,Credit Card,67800.0,23.49,12,6390.45,2025-03-09,0.2746,0,45,ACTIVE
L702006,C108459,Credit Card,102200.0,25.23,12,9723.45,2025-02-05,0.6236,0,45,ACTIVE
L702007,C109946,Personal Loan,1062600.0,21.99,36,40576.72,2024-05-09,0.2479,0,15,ACTIVE
L702008,C106524,Personal Loan,528500.0,25.79,36,21233.25,2024-05-15,0.6059,0,0,CLOSED
L702009,C104392,Personal Loan,331300.0,19.25,36,12184.38,2024-10-12,0.5116,1,0,CLOSED
L702010,C108776,Credit Card,1326700.0,19.22,12,122407.82,2025-09-17,0.5319,1,45,ACTIVE
L702011,C105618,Auto Finance,2035700.0,22.17,60,56420.57,2024-05-23,0.3323,0,0,ACTIVE
L702012,C108018,Personal Loan,1094700.0,,36,35838.37,2023-04-05,0.4137,0,0,ACTIVE
L702013,C106265,Personal Loan,255300.0,15.6,36,8926.55,2023-03-18,0.4662,0,30,ACTIVE
L702014,C107165,Credit Card,123700.0,21.05,12,11524.45,2023-10-24,0.6376,1,30,ACTIVE
L702015,C102841,Credit Card,90300.0,18.01,12,8282.92,2024-10-28,0.6459,1,0,ACTIVE
L702016,C110499,Credit Card,219100.0,23.93,12,20710.54,2026-05-19,0.0087,0,0,ACTIVE
L702017,C103811,Personal Loan,2558000.0,19.37,36,94245.2,2024-05-18,0.4999,1,0,ACTIVE
L702018,C106671,Auto Finance,990800.0,22.27,60,27516.48,2026-01-08,0.2218,0,0,ACTIVE
L702019,C104066,Credit Card,740900.0,18.13,12,67976.13,2024-04-28,0.6502,0,0,ACTIVE
L702020,C106720,Personal Loan,1360300.0,14.79,36,47014.81,2023-11-27,0.7779,0,0,ACTIVE
L702021,C105314,Auto Finance,175100.0,19.38,60,4578.24,2024-01-30,0.0469,1,342,DEFAULT
L702022,C104911,Auto Finance,164200.0,20.98,60,4440.83,2024-06-12,0.6435,0,0,ACTIVE
L702023,C106865,Personal Loan,519900.0,19.72,36,19249.03,2026-01-06,0.1192,0,7,ACTIVE
L702024,C110124,Home Finance,892600.0,19.5,180,15347.9,2026-07-20,0.4444,0,0,ACTIVE
L702025,C110044,Credit Card,109100.0,14.07,12,9799.7,2026-11-13,0.6223,0,30,ACTIVE
L702026,C106294,Auto Finance,487800.0,19.79,60,12865.89,2024-05-12,0.2804,0,15,ACTIVE
L702027,C110902,Personal Loan,323700.0,19.96,36,12022.76,2023-08-28,0.4538,0,7,ACTIVE
L702028,C110997,Credit Card,194200.0,19.8,12,17974.1,2025-07-03,0.3447,0,15,ACTIVE
L702029,C110169,Auto Finance,2172300.0,19.63,60,57106.64,2024-11-28,0.3066,2,15,ACTIVE
L702030,C101459,Home Finance,2073100.0,21.23,180,38307.66,2022-06-14,0.2559,0,7,ACTIVE
L702031,C104046,Home Finance,1831900.0,17.56,180,28922.55,2022-09-06,0.1699,0,30,ACTIVE
L702032,C110128,Credit Card,8300.0,17.15,12,760.08,2025-11-04,0.1633,0,0,ACTIVE
L702033,C101157,Personal Loan,469600.0,16.38,36,16596.47,2025-08-27,0.297,0,0,CLOSED
L702034,C107809,Personal Loan,548700.0,13.69,36,18671.4,2026-02-10,0.7844,1,7,ACTIVE
L702035,C102766,Home Finance,713900.0,15.37,180,10172.89,2026-07-02,0.1956,0,45,ACTIVE
L702036,C110905,Home Finance,2131000.0,21.99,180,40595.85,2026-02-02,0.495,1,7,ACTIVE
L702037,C102322,Auto Finance,1432400.0,21.77,60,39373.73,2026-09-29,0.0896,0,30,ACTIVE
L702038,C100223,Personal Loan,633400.0,23.49,36,24679.13,2026-12-18,0.4263,1,45,ACTIVE
L702039,C104204,Personal Loan,249700.0,20.21,36,9305.39,2023-12-02,0.8694,2,0,ACTIVE
L702040,C102666,Personal Loan,511600.0,23.3,36,19884.79,2023-07-06,0.2339,0,0,ACTIVE
L702041,C109025,Credit Card,113000.0,18.5,12,10387.66,2027-04-20,0.0443,0,15,ACTIVE
L702042,C110584,Personal Loan,139400.0,20.75,36,5235.56,2025-10-20,0.2657,0,45,CLOSED
L702043,C108874,Auto Finance,119600.0,25.22,60,3526.83,2024-09-30,0.2809,0,0,ACTIVE
L702044,C104404,Auto Finance,780200.0,26.04,60,23376.9,2025-10-22,0.368,0,0,ACTIVE
L702045,C108626,Home Finance,3206400.0,19.48,180,55086.66,2024-07-09,0.4395,0,0,ACTIVE
L702046,C105958,Credit Card,398900.0,,12,35444.7,2026-07-12,0.7784,1,15,ACTIVE
L702047,C107795,Credit Card,461000.0,,12,43938.34,2022-12-03,0.5421,1,0,CLOSED
L702048,C101819,Credit Card,18900.0,13.84,12,1699.43,2023-07-09,0.3081,0,30,ACTIVE
L702049,C108608,Personal Loan,1506900.0,19.02,36,55253.69,2024-02-20,0.3383,1,45,ACTIVE
L702050,C102159,Credit Card,105000.0,18.94,12,9669.01,2026-07-23,0.5317,2,0,ACTIVE
L702051,C105861,Personal Loan,2767200.0,23.86,36,108360.41,2025-09-10,0.5683,5,7,ACTIVE
L702052,C106439,Personal Loan,1239200.0,13.65,36,42141.64,2025-12-03,0.2265,0,15,ACTIVE
L702053,C101900,Credit Card,341400.0,17.61,12,31236.85,2026-01-07,0.0086,0,30,ACTIVE
L702054,C105342,Personal Loan,107300.0,21.85,36,4089.24,2023-02-08,0.5559,0,45,ACTIVE
L702055,C101973,Personal Loan,502700.0,12.51,36,16818.27,2024-03-20,0.342,0,0,ACTIVE
L702056,C107376,Credit Card,326000.0,20.9,12,30337.06,2022-12-03,0.137,0,0,ACTIVE
L702057,C107385,Home Finance,3505600.0,22.75,180,68802.16,2025-05-21,0.3841,1,0,ACTIVE
L702058,C107360,Home Finance,98300.0,25.54,180,2139.78,2023-06-30,0.799,1,0,ACTIVE
L702059,C106032,Credit Card,133000.0,19.96,12,12315.18,2025-04-09,0.1579,0,45,ACTIVE
L702060,C103710,Home Finance,449800.0,20.87,180,8191.03,2023-12-23,0.3126,0,30,CLOSED
L702061,C101036,Personal Loan,87000.0,18.44,36,3164.07,2025-12-10,0.1613,0,0,ACTIVE
L702062,C100272,Home Finance,1406100.0,16.49,180,21133.2,2025-02-01,0.0496,1,15,ACTIVE
L702063,C111471,Personal Loan,232000.0,22.01,36,8861.9,2026-04-05,0.0794,1,30,ACTIVE
L702064,C104388,Personal Loan,846300.0,21.32,36,32023.79,2027-02-28,0.1405,0,45,CLOSED
L702065,C104651,Auto Finance,571100.0,14.86,60,13545.63,2023-12-11,0.1099,0,0,CLOSED
L702066,C100077,Personal Loan,77900.0,22.67,36,3003.29,2025-11-17,0.5751,0,0,ACTIVE
L702067,C105012,Credit Card,169000.0,17.24,12,15435.23,2023-07-17,0.8018,0,30,ACTIVE
L702068,C100791,Personal Loan,459800.0,18.94,36,16842.22,2023-04-06,0.3385,0,0,CLOSED
L702069,C108650,Auto Finance,1913900.0,18.84,60,49480.02,2024-06-08,0.2929,1,45,ACTIVE
L702070,C105333,Credit Card,144400.0,18.66,12,13287.6,2026-11-20,0.0554,0,7,ACTIVE
L702071,C101831,Personal Loan,909500.0,19.65,36,33637.52,2026-04-10,0.4523,0,7,CLOSED
L702072,C107335,Auto Finance,2025200.0,14.7,60,47861.14,2022-02-24,0.3662,1,0,ACTIVE
L702073,C111758,Personal Loan,173300.0,17.64,36,6233.57,2025-11-21,0.5255,0,281,DEFAULT
L702074,C109948,Personal Loan,599000.0,14.56,36,20636.9,2025-03-29,0.4135,0,0,ACTIVE
L702075,C103676,Credit Card,408400.0,13.64,12,36597.18,2026-10-01,0.3638,0,0,CLOSED
L702076,C106971,Credit Card,274600.0,18.55,12,25245.19,2023-03-26,0.2349,0,0,CLOSED
L702077,C103124,Personal Loan,260600.0,21.49,36,9884.25,2025-02-06,0.0168,0,0,ACTIVE
L702078,C105794,Home Finance,5148100.0,23.02,180,102096.43,2025-05-08,0.0812,0,0,CLOSED
L702079,C100457,Home Finance,1543900.0,18.85,180,25813.28,2025-10-05,0.4092,0,0,ACTIVE
L702080,C106238,Auto Finance,1115800.0,18.55,60,28669.86,2026-03-12,0.2945,1,0,CLOSED
L702081,C104360,Home Finance,850500.0,19.63,180,14704.94,2024-11-12,0.3255,0,15,CLOSED
L702082,C103893,Credit Card,126400.0,21.66,12,11813.23,2023-07-13,0.1645,0,15,ACTIVE
L702083,C102854,Credit Card,833900.0,,12,78679.89,2023-12-22,0.1697,0,0,ACTIVE
L702084,C111781,Auto Finance,445900.0,16.46,60,10953.85,2025-03-13,0.2813,0,0,ACTIVE
L702085,C107731,Personal Loan,1322700.0,23.95,36,51859.25,2025-05-26,0.5388,0,0,CLOSED
L702086,C107629,Personal Loan,940700.0,22.3,36,36073.55,2025-01-03,0.2609,0,30,ACTIVE
L702087,C106869,Credit Card,73900.0,,12,6922.94,2025-05-10,0.2333,0,0,CLOSED
L702088,C101554,Auto Finance,643800.0,17.98,60,16340.62,2024-09-06,0.6512,0,210,DEFAULT
L702089,C110632,Auto Finance,494400.0,19.36,60,12922.59,2024-04-16,0.4893,0,15,ACTIVE
L702090,C102580,Personal Loan,609600.0,18.36,36,22148.74,2025-08-25,0.5578,0,7,ACTIVE
L702091,C100057,Personal Loan,307900.0,21.8,36,11725.78,2024-12-09,0.6398,1,0,ACTIVE
L702092,C102365,Personal Loan,1065600.0,18.1,36,38579.17,2023-02-26,0.4598,1,0,ACTIVE
L702093,C108051,Home Finance,2904300.0,23.0,180,57554.14,2026-07-10,0.5029,1,45,CLOSED
L702094,C105302,Home Finance,3199100.0,18.41,180,52466.2,2024-11-28,0.0669,0,0,ACTIVE
L702095,C111205,Auto Finance,150600.0,15.56,60,3626.48,2025-06-15,0.0495,0,15,ACTIVE
L702096,C105514,Auto Finance,447300.0,19.42,60,11705.7,2026-08-25,0.6142,0,354,DEFAULT
L702097,C107614,Personal Loan,390100.0,18.12,36,14125.33,2025-07-19,0.378,0,45,ACTIVE
L702098,C111375,Credit Card,144500.0,20.47,12,13420.85,2023-07-10,0.6902,1,0,ACTIVE
L702099,C111682,Home Finance,1360900.0,,180,28357.95,2024-01-22,0.2904,0,0,ACTIVE
L702100,C107006,Credit Card,406400.0,17.99,12,37259.64,2024-12-22,0.53,0,0,ACTIVE
L702101,C106937,Auto Finance,2658000.0,20.53,60,71206.15,2023-02-05,0.2412,0,0,CLOSED
L702102,C111841,Personal Loan,645500.0,17.55,36,23192.26,2024-12-07,0.5898,0,7,ACTIVE
L702103,C106478,Auto Finance,154000.0,16.41,60,3779.68,2023-05-20,0.7496,0,45,ACTIVE
L702104,C104672,Personal Loan,563500.0,23.1,36,21842.31,2026-08-07,0.4138,1,0,ACTIVE
L702105,C101063,Personal Loan,1234700.0,23.21,36,47928.54,2027-06-28,0.8945,1,7,ACTIVE
L702106,C101575,Personal Loan,1194700.0,14.53,36,41139.1,2027-04-27,0.0723,0,0,ACTIVE
L702107,C104960,Auto Finance,720400.0,18.13,60,18345.67,2025-10-12,0.3817,1,30,ACTIVE
L702108,C104670,Personal Loan,1192900.0,16.17,36,42038.11,2023-11-20,0.4158,0,15,ACTIVE
L702109,C110105,Auto Finance,731400.0,18.58,60,18804.74,2026-01-22,0.3212,0,0,ACTIVE
L702110,C103613,Auto Finance,485200.0,19.16,60,12628.69,2026-11-19,0.0167,0,15,CLOSED
L702111,C109838,Auto Finance,200700.0,19.44,60,5255.22,2026-04-15,0.5765,0,15,ACTIVE
L702112,C107551,Home Finance,2259700.0,21.56,180,42314.66,2023-10-14,0.1501,1,15,ACTIVE
L702113,C110535,Credit Card,156400.0,18.17,12,14355.58,2024-04-12,0.4887,0,30,ACTIVE
L702114,C106149,Home Finance,802800.0,,180,12190.39,2023-07-12,0.4886,0,15,CLOSED
L702115,C102889,Personal Loan,1116900.0,16.74,36,39677.87,2025-11-15,0.4669,0,0,ACTIVE
L702116,C100366,Credit Card,107900.0,22.85,12,10138.64,2024-07-20,0.2517,1,7,ACTIVE
L702117,C102883,Personal Loan,4975200.0,16.51,36,176168.95,2024-11-25,0.6506,0,45,CLOSED
L702118,C104016,Auto Finance,535200.0,23.23,60,15157.15,2023-06-10,0.4878,1,30,ACTIVE
L702119,C110690,Auto Finance,596000.0,21.84,60,16407.81,2024-02-15,0.1705,0,0,ACTIVE
L702120,C108710,Auto Finance,348700.0,20.26,60,9289.47,2026-01-31,0.2835,0,0,ACTIVE
L702121,C101441,Credit Card,256900.0,17.63,12,23504.37,2023-12-19,0.1561,0,0,CLOSED
L702122,C103591,Auto Finance,343000.0,16.05,60,8349.0,2025-08-05,0.2496,0,0,ACTIVE
L702123,C109414,Home Finance,861400.0,18.35,180,14089.79,2026-01-05,0.4654,0,0,CLOSED
L702124,C108270,Credit Card,161400.0,17.55,12,14761.56,2023-12-29,0.41,0,30,CLOSED
L702125,C108463,Personal Loan,1102900.0,16.13,36,38845.08,2023-01-30,0.7396,0,30,ACTIVE
L702126,C111423,Personal Loan,159200.0,12.95,36,5361.5,2023-06-13,0.2181,0,15,ACTIVE
L702127,C110884,Credit Card,71000.0,,12,6584.89,2022-10-21,0.1281,0,45,CLOSED
L702128,C111715,Personal Loan,406100.0,18.78,36,14840.67,2025-12-24,0.0361,0,15,ACTIVE
L702129,C101330,Personal Loan,302900.0,16.04,36,10653.46,2022-11-06,0.0925,0,0,ACTIVE
L702130,C107873,Personal Loan,68300.0,17.11,36,2440.14,2023-11-27,0.0754,1,0,ACTIVE
L702131,C107807,Auto Finance,662500.0,18.64,60,17053.67,2023-09-13,0.7124,0,0,ACTIVE
L702132,C110695,Auto Finance,261500.0,17.88,60,6622.27,2026-02-17,0.1439,0,15,ACTIVE
L702133,C101040,Personal Loan,586000.0,,36,22069.17,2026-11-23,0.3528,0,0,ACTIVE
L702134,C110072,Auto Finance,706000.0,26.01,60,21141.47,2026-06-13,0.0951,0,45,ACTIVE
L702135,C101342,Auto Finance,485300.0,21.89,60,13374.11,2025-09-08,0.1845,0,0,ACTIVE
L702136,C109006,Auto Finance,857900.0,20.06,60,22758.72,2027-03-28,0.3732,0,30,ACTIVE
L702137,C107891,Home Finance,1561800.0,21.76,180,29481.95,2024-09-06,0.0727,1,0,CLOSED
L702138,C110205,Personal Loan,1182100.0,,36,39734.1,2025-09-02,0.5047,0,15,ACTIVE
L702139,C109209,Personal Loan,443600.0,23.2,36,17216.75,2025-08-01,0.4199,0,0,ACTIVE
L702140,C108426,Auto Finance,192800.0,18.27,60,4923.47,2024-09-18,0.0927,1,0,ACTIVE
L702141,C102719,Credit Card,183200.0,17.35,12,16743.16,2025-07-29,0.7709,1,0,ACTIVE
L702142,C108621,Personal Loan,511700.0,27.04,36,20899.67,2023-05-21,0.6816,0,0,ACTIVE
L702143,C106515,Auto Finance,616200.0,19.48,60,16148.05,2025-06-21,0.5683,0,15,ACTIVE
L702144,C102944,Credit Card,63800.0,19.79,12,5900.62,2025-10-16,0.15,0,0,ACTIVE
L702145,C109650,Home Finance,330100.0,17.72,180,5248.96,2024-08-01,0.0337,0,15,ACTIVE
L702146,C107386,Credit Card,39100.0,16.98,12,3569.76,2025-06-22,0.3464,0,7,ACTIVE
L702147,C101587,Auto Finance,1146100.0,14.06,60,26702.35,2026-06-15,0.4078,0,7,CLOSED
L702148,C106739,Personal Loan,686500.0,17.5,36,24645.2,2024-09-24,0.3396,1,45,ACTIVE
L702149,C106152,Auto Finance,258700.0,19.43,60,6772.16,2025-11-15,0.3669,2,45,CLOSED
L702150,C107850,Auto Finance,493200.0,17.45,60,12376.57,2022-03-21,0.0098,1,30,ACTIVE
L702151,C107662,Credit Card,327500.0,20.51,12,30418.81,2027-04-23,0.421,0,45,ACTIVE
L702152,C100745,Credit Card,738600.0,23.06,12,69501.49,2027-02-01,0.2475,0,45,ACTIVE
L702153,C100414,Credit Card,289400.0,18.53,12,26609.17,2026-04-02,0.502,0,0,ACTIVE
L702154,C109353,Personal Loan,262700.0,15.28,36,9141.9,2024-03-14,0.1321,0,45,CLOSED
L702155,C108956,Auto Finance,901600.0,22.41,60,25112.77,2024-06-28,0.51,0,45,ACTIVE
L702156,C105151,Credit Card,306900.0,19.55,12,28365.15,2024-08-04,0.4114,2,7,CLOSED
L702157,C104807,Personal Loan,806400.0,19.15,36,29622.12,2023-12-01,0.5331,0,0,ACTIVE
L702158,C101953,Personal Loan,1282100.0,20.48,36,47960.6,2023-09-19,0.1877,1,0,ACTIVE
L702159,C109360,Personal Loan,1355300.0,19.83,36,50251.3,2023-05-11,0.307,0,0,ACTIVE
L702160,C107882,Auto Finance,848600.0,24.48,60,24648.11,2024-09-21,0.3835,0,15,CLOSED
L702161,C106684,Auto Finance,1842600.0,,60,45536.06,2024-10-22,0.2705,1,15,CLOSED
L702162,C110714,Credit Card,355000.0,19.82,12,32859.02,2024-06-21,0.4248,0,0,ACTIVE
L702163,C105631,Home Finance,1494500.0,20.12,180,26379.91,2025-03-06,0.2934,0,0,ACTIVE
L702164,C107203,Credit Card,228900.0,19.7,12,21170.63,2026-01-13,0.0058,0,0,ACTIVE
L702165,C101458,Credit Card,408100.0,21.79,12,38152.65,2025-01-14,0.7197,0,30,ACTIVE
L702166,C106530,Personal Loan,151400.0,22.81,36,5847.59,2024-07-21,0.4803,0,30,ACTIVE
L702167,C101023,Home Finance,5437100.0,17.57,180,85882.98,2024-01-13,0.6006,2,0,ACTIVE
L702168,C100801,Credit Card,535600.0,22.01,12,50130.2,2023-08-09,0.7,0,0,ACTIVE
L702169,C108811,Auto Finance,3730900.0,21.53,60,102049.67,2025-12-02,0.2613,1,0,ACTIVE
L702170,C105926,Personal Loan,202600.0,20.11,36,7539.87,2022-05-10,0.6868,0,0,ACTIVE
L702171,C109352,Personal Loan,766100.0,22.69,36,29532.13,2026-03-06,0.1966,1,0,ACTIVE
L702172,C101176,Auto Finance,1738700.0,17.23,60,43427.21,2025-02-08,0.3607,1,0,CLOSED
L702173,C104870,Home Finance,770900.0,18.44,180,12660.26,2022-07-28,0.5849,0,45,ACTIVE
L702174,C108914,Auto Finance,831000.0,24.46,60,24127.17,2025-01-08,0.1024,0,30,ACTIVE
L702175,C105346,Auto Finance,1406300.0,14.99,60,33449.27,2027-07-14,0.4508,0,7,CLOSED
L702176,C106160,Home Finance,1375100.0,15.57,180,19784.79,2022-05-24,0.353,0,0,ACTIVE
L702177,C109713,Personal Loan,445000.0,22.03,36,17000.58,2026-01-13,0.3342,1,0,ACTIVE
L702178,C106680,Credit Card,293400.0,19.4,12,27091.42,2024-09-05,0.3775,0,0,CLOSED
L702179,C108963,Auto Finance,257800.0,20.25,60,6866.97,2025-02-06,0.2918,1,149,DEFAULT
L702180,C102357,Auto Finance,953100.0,19.14,60,24797.04,2023-11-08,0.2297,2,0,ACTIVE
L702181,C104148,Credit Card,305700.0,12.56,12,27242.41,2025-10-10,0.3916,1,7,ACTIVE
L702182,C102860,Personal Loan,478100.0,22.04,36,18269.08,2024-04-06,0.1607,0,15,ACTIVE
L702183,C107900,Auto Finance,798100.0,12.95,60,18139.5,2026-09-07,0.1527,1,15,CLOSED
L702184,C106597,Auto Finance,408200.0,20.9,60,11019.05,2025-01-31,0.0706,1,30,ACTIVE
L702185,C107527,Auto Finance,456000.0,20.09,60,12103.67,2024-08-30,0.298,1,0,ACTIVE
L702186,C100545,Auto Finance,491900.0,11.09,60,10716.55,2023-10-06,0.1626,0,7,ACTIVE
L702187,C106945,Auto Finance,1759900.0,24.15,60,50780.82,2024-01-06,0.3898,0,0,ACTIVE
L702188,C110190,Auto Finance,540700.0,,60,13949.39,2025-07-02,0.1921,0,0,ACTIVE
L702189,C103469,Credit Card,175000.0,22.48,12,16421.71,2023-07-14,0.3638,0,15,ACTIVE
L702190,C104617,Credit Card,111500.0,16.88,12,10165.4,2024-07-20,0.2873,0,45,ACTIVE
L702191,C106192,Credit Card,266400.0,19.26,12,24587.08,2023-12-24,0.2977,0,30,ACTIVE
L702192,C106157,Personal Loan,111300.0,22.31,36,4267.06,2023-02-02,0.1246,1,0,ACTIVE
L702193,C104812,Credit Card,121200.0,22.98,12,11399.42,2026-01-06,0.6767,2,276,DEFAULT
L702194,C101162,Personal Loan,655500.0,21.65,36,24917.19,2025-06-26,0.3576,0,0,ACTIVE
L702195,C106990,Home Finance,2106400.0,21.28,180,39001.99,2026-11-07,0.2667,1,30,ACTIVE
L702196,C109225,Personal Loan,462300.0,24.33,36,18219.26,2026-08-04,0.2048,2,7,ACTIVE
L702197,C109044,Auto Finance,646000.0,17.86,60,16355.08,2024-07-23,0.0734,0,0,CLOSED
L702198,C111670,Auto Finance,1572200.0,16.31,60,38492.2,2026-09-22,0.2438,1,7,CLOSED
L702199,C105008,Personal Loan,2249000.0,17.68,36,80945.9,2024-09-11,0.6253,0,0,ACTIVE
L702200,C110749,Auto Finance,729900.0,16.07,60,17776.95,2025-04-12,0.5085,0,0,ACTIVE
L702201,C108348,Personal Loan,547700.0,20.53,36,20502.37,2025-04-03,0.3473,0,15,ACTIVE
L702202,C107306,Personal Loan,1981300.0,23.21,36,76910.88,2026-07-09,0.4451,1,7,ACTIVE
L702203,C103122,Personal Loan,1804400.0,16.6,36,63971.91,2023-12-08,0.0836,0,0,ACTIVE
L702204,C111645,Auto Finance,904900.0,15.19,60,21617.3,2026-02-15,0.4446,0,0,ACTIVE
L702205,C101509,Personal Loan,2348900.0,16.74,36,83440.9,2023-06-15,0.6219,0,0,CLOSED
L702206,C103338,Home Finance,4728200.0,20.22,180,83810.07,2023-07-06,0.2197,0,0,ACTIVE
L702207,C109120,Personal Loan,946200.0,24.29,36,37265.89,2026-09-27,0.4643,0,15,CLOSED
L702208,C103046,Home Finance,413200.0,23.68,180,8402.49,2024-03-22,0.1813,1,15,ACTIVE
L702209,C104398,Personal Loan,942700.0,19.52,36,34802.88,2026-02-10,0.5352,1,0,ACTIVE
L702210,C109012,Personal Loan,673700.0,20.07,36,25060.04,2023-11-23,0.3027,2,45,ACTIVE
L702211,C102326,Home Finance,969500.0,19.41,180,16606.99,2023-09-28,0.2974,0,15,ACTIVE
L702212,C105167,Credit Card,49900.0,13.67,12,4469.78,2024-06-07,0.8036,0,0,ACTIVE
L702213,C102497,Credit Card,477400.0,18.28,12,43834.32,2027-03-01,0.4323,0,7,ACTIVE
L702214,C109625,Personal Loan,846700.0,16.76,36,30087.57,2024-02-18,0.7228,0,0,ACTIVE
L702215,C103065,Home Finance,953000.0,21.42,180,17746.2,2023-08-25,0.1327,0,7,ACTIVE
L702216,C105092,Auto Finance,1269500.0,19.95,60,33599.58,2027-03-13,0.3624,0,15,CLOSED
L702217,C108993,Personal Loan,261300.0,,36,9966.59,2025-08-07,0.4248,0,270,DEFAULT
L702218,C108150,Personal Loan,2480500.0,18.51,36,90311.34,2025-11-06,0.2187,2,30,ACTIVE
L702219,C101948,Home Finance,682200.0,21.47,180,12728.99,2026-11-30,0.6945,2,0,CLOSED
L702220,C100529,Auto Finance,311600.0,23.96,60,8955.87,2026-11-15,0.5616,0,30,ACTIVE
L702221,C111427,Personal Loan,433800.0,24.24,36,17072.53,2024-11-22,0.5411,0,0,ACTIVE
L702222,C103767,Auto Finance,717700.0,29.31,60,22916.21,2023-09-08,0.1248,0,0,ACTIVE
L702223,C110806,Personal Loan,422200.0,18.8,36,15433.57,2024-03-19,0.1851,0,0,ACTIVE
L702224,C105976,Personal Loan,474300.0,21.41,36,17968.68,2024-09-10,0.2974,1,0,ACTIVE
L702225,C101822,Credit Card,1150800.0,17.79,12,105390.07,2023-11-18,0.831,0,0,ACTIVE
L702226,C107644,Credit Card,276400.0,13.89,12,24806.1,2024-11-05,0.1251,0,0,ACTIVE
L702227,C108599,Credit Card,555000.0,25.56,12,52904.16,2023-07-14,0.6038,2,0,ACTIVE
L702228,C101981,Personal Loan,256700.0,20.09,36,9552.37,2026-02-06,0.4631,0,0,ACTIVE
L702229,C105968,Personal Loan,609500.0,18.48,36,22183.15,2025-11-30,0.375,0,15,ACTIVE
L702230,C102755,Personal Loan,1613200.0,17.49,36,57908.36,2024-12-14,0.5398,0,30,CLOSED
L702231,C108613,Auto Finance,1390900.0,19.2,60,36233.92,2025-06-27,0.3396,2,0,ACTIVE
L702232,C105186,Auto Finance,710600.0,,60,18630.71,2025-10-14,0.3672,0,7,ACTIVE
L702233,C111191,Credit Card,488600.0,21.11,12,45518.96,2024-08-10,0.534,1,370,DEFAULT
L702234,C106341,Personal Loan,749400.0,14.62,36,25838.96,2024-01-04,0.2218,1,121,DEFAULT
L702235,C104724,Personal Loan,134500.0,21.23,36,5082.85,2023-02-23,0.3827,0,0,ACTIVE
L702236,C107398,Credit Card,153800.0,20.63,12,14293.61,2026-03-19,0.3047,0,0,ACTIVE
L702237,C100299,Personal Loan,1026400.0,17.66,36,36932.32,2024-11-27,0.2736,1,0,CLOSED
L702238,C110516,Personal Loan,826800.0,17.26,36,29583.78,2023-10-22,0.3692,0,0,ACTIVE
L702239,C100251,Personal Loan,575500.0,19.15,36,21137.46,2025-06-08,0.6796,0,0,ACTIVE
L702240,C101542,Home Finance,2208800.0,9.0,180,22402.63,2024-11-05,0.5322,2,127,DEFAULT
L702241,C103932,Auto Finance,289500.0,18.01,60,7352.74,2023-12-19,0.2377,0,15,CLOSED
L702242,C102816,Credit Card,670700.0,20.55,12,62303.96,2022-08-26,0.2506,0,7,ACTIVE
L702243,C100731,Personal Loan,691200.0,17.32,36,24753.27,2023-11-12,0.6099,2,15,ACTIVE
L702244,C105721,Credit Card,166300.0,15.88,12,15077.12,2023-10-31,0.4974,0,0,ACTIVE
L702245,C102632,Auto Finance,1222800.0,23.01,60,34478.31,2025-05-07,0.4163,0,0,ACTIVE
L702246,C108397,Personal Loan,257300.0,11.64,36,8501.8,2022-05-30,0.1932,0,0,ACTIVE
L702247,C111840,Home Finance,2504000.0,19.59,180,43220.68,2026-04-12,0.1489,0,0,ACTIVE
L702248,C105646,Home Finance,1985600.0,19.69,180,34419.06,2026-07-01,0.6818,0,0,CLOSED
L702249,C103832,Auto Finance,437300.0,23.47,60,12447.42,2023-09-01,0.2399,1,7,CLOSED
L702250,C105497,Credit Card,206800.0,22.81,12,19433.89,2022-12-18,0.4822,0,0,ACTIVE
L702251,C100512,Auto Finance,536300.0,15.62,60,12933.68,2025-03-15,0.1445,0,45,ACTIVE
L702252,C105586,Personal Loan,704500.0,16.25,36,24856.25,2025-06-22,0.5615,0,7,ACTIVE
L702253,C106075,Personal Loan,391700.0,18.68,36,14295.87,2026-01-14,0.1381,0,45,ACTIVE
L702254,C100629,Credit Card,282400.0,22.22,12,26458.51,2026-07-20,0.0542,1,278,DEFAULT
L702255,C108185,Personal Loan,760100.0,15.91,36,26688.87,2023-01-28,0.644,0,0,ACTIVE
L702256,C100739,Personal Loan,116000.0,23.58,36,4525.96,2026-08-19,0.4222,2,30,ACTIVE
L702257,C109069,Credit Card,125800.0,22.7,12,11811.93,2023-12-28,0.5012,0,0,ACTIVE
L702258,C100665,Auto Finance,500600.0,21.12,60,13576.38,2025-12-14,0.3125,0,0,ACTIVE
L702259,C102088,Home Finance,1471300.0,19.72,180,25536.61,2025-02-13,0.3994,0,7,ACTIVE
L702260,C102296,Auto Finance,244700.0,19.82,60,6458.87,2023-03-20,0.7218,1,0,ACTIVE
L702261,C100600,Auto Finance,281600.0,22.0,60,7776.13,2024-08-17,0.2437,0,15,ACTIVE
L702262,C110497,Personal Loan,698700.0,18.45,36,25418.38,2023-06-13,0.3821,1,30,ACTIVE
L702263,C111090,Personal Loan,481100.0,15.07,36,16692.61,2023-09-01,0.2751,0,45,ACTIVE
L702264,C100072,Personal Loan,259700.0,18.41,36,9440.87,2024-07-23,0.5681,0,45,ACTIVE
L702265,C109868,Credit Card,228800.0,18.2,12,21000.17,2022-04-28,0.5799,0,30,CLOSED
L702266,C110610,Personal Loan,924200.0,25.42,36,36952.3,2024-05-07,0.5193,0,258,DEFAULT
L702267,C106184,Credit Card,68500.0,12.0,12,6084.29,2024-06-22,0.2568,0,7,ACTIVE
L702268,C105202,Home Finance,685900.0,13.9,180,9088.8,2023-09-27,0.1428,1,30,ACTIVE
L702269,C111273,Credit Card,207400.0,17.92,12,19005.47,2024-07-14,0.1096,0,15,ACTIVE
L702270,C109943,Auto Finance,1968400.0,19.29,60,51376.65,2025-04-11,0.1717,1,0,ACTIVE
L702271,C101747,Home Finance,1090400.0,16.33,180,16266.75,2025-01-27,0.27,0,0,ACTIVE
L702272,C111776,Personal Loan,576600.0,,36,21845.89,2024-10-15,0.3224,1,7,ACTIVE
L702273,C101419,Auto Finance,408600.0,19.64,60,10743.84,2024-03-18,0.1509,0,271,DEFAULT
L702274,C107424,Auto Finance,2268900.0,18.2,60,57862.94,2025-10-11,0.7795,2,0,CLOSED
L702275,C105877,Auto Finance,659300.0,11.33,60,14444.57,2023-07-04,0.3613,0,0,ACTIVE
L702276,C102958,Auto Finance,730000.0,16.45,60,17928.01,2023-08-27,0.1659,0,45,ACTIVE
L702277,C104084,Personal Loan,628100.0,21.46,36,23813.71,2025-02-13,0.4659,0,45,ACTIVE
L702278,C104278,Credit Card,316200.0,21.5,12,29514.38,2022-08-15,0.3804,0,0,ACTIVE
L702279,C101827,Personal Loan,505600.0,19.75,36,18726.37,2023-08-31,0.3497,0,15,ACTIVE
L702280,C109694,Credit Card,423300.0,20.85,12,39385.38,2026-12-04,0.63,0,7,ACTIVE
L702281,C107977,Home Finance,437700.0,22.89,180,8637.88,2025-12-30,0.4302,1,15,CLOSED
L702282,C102723,Auto Finance,1370300.0,19.34,60,35801.96,2027-04-18,0.5803,1,0,ACTIVE
L702283,C101574,Credit Card,59600.0,20.66,12,5544.3,2024-08-13,0.4313,0,30,ACTIVE
L702284,C102398,Credit Card,83500.0,16.73,12,7606.68,2024-05-17,0.3572,0,0,ACTIVE
L702285,C108373,Home Finance,758500.0,20.24,180,13455.51,2023-02-18,0.4779,0,0,ACTIVE
L702286,C110586,Auto Finance,429000.0,18.27,60,10956.22,2026-02-01,0.205,0,7,ACTIVE
L702287,C110981,Personal Loan,130200.0,22.94,36,5035.09,2025-09-22,0.2095,0,0,ACTIVE
L702288,C101754,Auto Finance,391300.0,14.3,60,9165.4,2023-10-16,0.6212,0,45,CLOSED
L702289,C101086,Home Finance,1326900.0,19.01,180,22340.49,2025-10-28,0.4786,1,45,ACTIVE
L702290,C109961,Personal Loan,526500.0,20.8,36,19780.16,2024-10-01,0.1904,0,45,ACTIVE
L702291,C103827,Personal Loan,223100.0,,36,8449.57,2024-03-05,0.6306,0,126,DEFAULT
L702292,C110153,Auto Finance,336600.0,18.01,60,8548.67,2024-10-14,0.1227,0,45,ACTIVE
L702293,C107037,Auto Finance,4356600.0,19.01,60,113035.42,2027-01-11,0.2296,1,30,ACTIVE
L702294,C103120,Personal Loan,1241500.0,21.74,36,47248.12,2025-04-06,0.313,0,45,ACTIVE
L702295,C100109,Credit Card,15700.0,17.85,12,1433.81,2026-07-22,0.6428,0,0,ACTIVE
L702296,C109457,Auto Finance,649200.0,17.34,60,16254.26,2025-01-12,0.2965,2,0,ACTIVE
L702297,C106660,Auto Finance,882900.0,19.89,60,23338.24,2023-11-03,0.4816,0,7,ACTIVE
L702298,C108273,Home Finance,112700.0,17.14,180,1745.34,2025-06-06,0.22,0,0,ACTIVE
L702299,C102550,Credit Card,213600.0,22.76,12,20071.24,2024-07-21,0.08,1,0,CLOSED
L702300,C111297,Auto Finance,2016400.0,17.57,60,50731.74,2023-10-29,0.4202,0,0,ACTIVE
L702301,C100962,Personal Loan,344700.0,15.5,36,12033.92,2025-09-16,0.097,0,0,ACTIVE
L702302,C102250,Auto Finance,612000.0,24.53,60,17795.37,2025-10-17,0.6866,0,7,ACTIVE
L702303,C108620,Credit Card,338000.0,16.56,12,30760.28,2024-08-29,0.3365,0,0,CLOSED
L702304,C104932,Home Finance,1932500.0,17.89,180,30968.94,2025-10-16,0.5367,0,30,ACTIVE
L702305,C100139,Auto Finance,446300.0,19.27,60,11644.52,2026-02-07,0.2062,1,0,ACTIVE
L702306,C110764,Personal Loan,275200.0,19.27,36,10125.42,2024-10-17,0.5575,1,15,ACTIVE
L702307,C101029,Personal Loan,1175500.0,19.46,36,43363.69,2023-06-14,0.4295,1,15,ACTIVE
L702308,C108353,Home Finance,1005100.0,26.82,180,22891.55,2023-05-02,0.4941,0,15,ACTIVE
L702309,C100048,Credit Card,141200.0,23.01,12,13288.17,2025-06-21,0.6529,0,0,ACTIVE
L702310,C102549,Auto Finance,732900.0,24.69,60,21377.53,2025-01-12,0.2567,0,7,ACTIVE
L702311,C101790,Auto Finance,1316200.0,24.77,60,38456.26,2026-02-02,0.3824,0,0,ACTIVE
L702312,C101108,Home Finance,2993900.0,20.97,180,54738.96,2025-10-14,0.2724,0,0,CLOSED
L702313,C103421,Personal Loan,686600.0,20.29,36,25616.68,2022-09-22,0.3558,0,0,ACTIVE
L702314,C105688,Personal Loan,397100.0,23.77,36,15531.13,2026-09-28,0.3865,0,0,CLOSED
L702315,C103589,Auto Finance,737700.0,14.1,60,17202.9,2026-04-24,0.4357,0,0,CLOSED
L702316,C101082,Credit Card,981900.0,24.3,12,92993.1,2025-09-04,0.7216,0,360,DEFAULT
L702317,C108779,Credit Card,69500.0,23.65,12,6556.95,2023-09-06,0.2043,0,0,ACTIVE
L702318,C105796,Credit Card,658600.0,18.28,12,60467.41,2025-07-01,0.1432,2,45,ACTIVE
L702319,C100364,Personal Loan,1030000.0,16.74,36,36590.04,2026-02-16,0.3354,0,0,ACTIVE
L702320,C111957,Home Finance,1327000.0,21.28,180,24569.92,2025-05-02,0.2026,0,7,CLOSED
L702321,C107056,Home Finance,938200.0,13.18,180,11982.3,2026-01-13,0.8917,2,7,CLOSED
L702322,C106421,Auto Finance,302100.0,17.22,60,7543.47,2026-05-05,0.2682,0,30,ACTIVE
L702323,C106839,Auto Finance,612800.0,17.44,60,15375.71,2025-02-26,0.4709,0,0,ACTIVE
L702324,C105370,Home Finance,433300.0,23.64,180,8797.99,2026-07-20,0.4843,0,7,ACTIVE
L702325,C101105,Home Finance,2578000.0,14.69,180,35536.11,2026-01-01,0.2132,1,0,ACTIVE
L702326,C110337,Auto Finance,952400.0,24.93,60,27914.44,2026-12-10,0.4059,0,15,ACTIVE
L702327,C106107,Personal Loan,713500.0,17.49,36,25612.92,2025-10-20,0.1,1,45,CLOSED
L702328,C110529,Personal Loan,737900.0,15.17,36,25642.68,2025-12-30,0.6696,0,0,ACTIVE
L702329,C109622,Personal Loan,3099100.0,17.38,36,111079.75,2025-04-28,0.4018,1,0,ACTIVE
L702330,C110875,Credit Card,112300.0,21.38,12,10477.1,2024-10-03,0.2677,0,353,DEFAULT
L702331,C105747,Home Finance,2386100.0,12.11,180,28806.17,2022-07-03,0.1937,1,30,ACTIVE
L702332,C109273,Home Finance,525200.0,15.24,180,7437.24,2023-12-24,0.7965,1,7,CLOSED
L702333,C101627,Personal Loan,305000.0,26.77,36,12413.08,2026-01-20,0.0778,0,0,CLOSED
L702334,C107266,Personal Loan,2481700.0,19.67,36,91811.33,2022-10-15,0.0784,0,0,ACTIVE
L702335,C105361,Home Finance,449800.0,22.69,180,8807.61,2025-02-09,0.4619,0,0,ACTIVE
L702336,C111510,Home Finance,4430500.0,,180,57168.27,2022-09-13,0.3355,0,0,CLOSED
L702337,C107018,Personal Loan,491700.0,18.74,36,17958.36,2024-11-15,0.1785,1,0,ACTIVE
L702338,C102612,Auto Finance,1001000.0,19.47,60,26225.77,2023-09-22,0.2553,0,0,CLOSED
L702339,C100330,Auto Finance,574900.0,17.23,60,14359.45,2024-06-13,0.7596,0,45,ACTIVE
L702340,C100498,Auto Finance,1207600.0,18.03,60,30686.05,2025-04-05,0.7788,1,15,ACTIVE
L702341,C102617,Auto Finance,437100.0,20.95,60,11812.52,2025-03-25,0.299,0,0,CLOSED
L702342,C106912,Credit Card,600200.0,23.29,12,56548.58,2025-08-08,0.6192,1,0,CLOSED
L702343,C108781,Auto Finance,3875100.0,14.63,60,91436.45,2024-07-01,0.3068,1,0,ACTIVE
L702344,C104590,Credit Card,190200.0,18.01,12,17435.59,2022-09-26,0.3731,0,7,ACTIVE
L702345,C101944,Home Finance,3172500.0,20.35,180,56540.91,2022-06-04,0.0563,1,0,CLOSED
L702346,C104228,Credit Card,124200.0,19.19,12,11459.59,2025-04-07,0.1926,0,0,ACTIVE
L702347,C106167,Personal Loan,1173800.0,20.28,36,43790.43,2022-10-26,0.3753,0,0,ACTIVE
L702348,C105225,Credit Card,584600.0,14.68,12,52678.95,2025-04-19,0.1877,0,0,ACTIVE
L702349,C108586,Credit Card,62300.0,24.81,12,5918.74,2023-02-04,0.1631,0,0,ACTIVE
L702350,C101191,Auto Finance,2280200.0,29.08,60,72489.17,2024-05-26,0.2896,2,0,ACTIVE
L702351,C102493,Personal Loan,1710000.0,17.45,36,61349.65,2023-02-19,0.746,1,0,CLOSED
L702352,C108156,Personal Loan,159200.0,,36,5767.46,2024-12-30,0.8264,1,0,CLOSED
L702353,C105665,Personal Loan,706800.0,19.5,36,26087.6,2023-10-24,0.711,0,0,ACTIVE
L702354,C100555,Home Finance,2432800.0,16.95,180,37354.62,2024-08-28,0.2816,0,0,ACTIVE
L702355,C111587,Home Finance,1714000.0,20.03,180,30140.15,2025-05-31,0.4162,0,45,ACTIVE
L702356,C102374,Credit Card,59900.0,20.52,12,5559.56,2025-08-18,0.1034,0,0,ACTIVE
L702357,C109229,Credit Card,609500.0,15.86,12,55263.18,2024-02-13,0.5473,0,15,ACTIVE
L702358,C103538,Auto Finance,616400.0,24.91,60,18060.23,2026-08-13,0.0741,0,7,ACTIVE
L702359,C104263,Auto Finance,1052500.0,18.57,60,27054.36,2026-05-06,0.4346,0,0,CLOSED
L702360,C110185,Personal Loan,365600.0,21.59,36,13884.09,2024-01-30,0.579,0,0,ACTIVE
L702361,C107218,Personal Loan,589700.0,23.73,36,23052.51,2025-02-07,0.1365,0,45,ACTIVE
L702362,C102806,Personal Loan,2645300.0,18.2,36,95898.25,2027-03-20,0.3396,1,361,DEFAULT
L702363,C107560,Personal Loan,659700.0,16.11,36,23230.42,2022-10-08,0.2682,1,0,ACTIVE
L702364,C103976,Personal Loan,1132800.0,21.03,36,42694.49,2024-08-04,0.4681,1,373,DEFAULT
L702365,C100783,Auto Finance,146700.0,16.84,60,3633.42,2025-05-08,0.2686,0,15,ACTIVE
L702366,C105869,Auto Finance,931100.0,17.52,60,23402.29,2024-08-27,0.294,0,0,ACTIVE
L702367,C109265,Auto Finance,1087700.0,16.66,60,26834.38,2023-05-19,0.419,0,0,ACTIVE
L702368,C106365,Auto Finance,1012600.0,21.09,60,27445.93,2025-07-03,0.337,0,0,CLOSED
L702369,C100135,Personal Loan,1590500.0,18.27,36,57716.34,2026-06-15,0.4026,0,7,ACTIVE
L702370,C108137,Personal Loan,2184300.0,16.59,36,77430.48,2025-04-10,0.4592,0,30,ACTIVE
L702371,C110147,Credit Card,367100.0,19.93,12,33992.83,2022-11-27,0.2598,1,15,CLOSED
L702372,C101409,Credit Card,93900.0,19.68,12,8686.43,2023-11-11,0.5729,2,7,CLOSED
L702373,C105533,Personal Loan,971500.0,14.5,36,33441.58,2023-10-17,0.6149,1,7,ACTIVE
L702374,C105148,Home Finance,681200.0,24.66,180,14366.8,2025-08-16,0.4516,0,0,CLOSED
L702375,C105886,Personal Loan,658900.0,16.39,36,23291.11,2023-09-14,0.1956,0,0,ACTIVE
L702376,C104854,Credit Card,301500.0,26.51,12,28875.02,2025-10-18,0.459,0,45,ACTIVE
L702377,C111351,Credit Card,478200.0,22.32,12,44828.8,2023-06-17,0.3619,2,0,ACTIVE
L702378,C105049,Credit Card,385000.0,21.4,12,35921.05,2025-01-12,0.2858,1,0,ACTIVE
L702379,C107221,Credit Card,732600.0,,12,69186.86,2026-01-28,0.6565,1,168,DEFAULT
L702380,C104099,Credit Card,71900.0,20.57,12,6676.05,2023-07-25,0.1276,1,0,CLOSED
L702381,C105289,Personal Loan,415100.0,24.86,36,16474.59,2022-06-19,0.278,1,15,ACTIVE
L702382,C101646,Auto Finance,751500.0,17.16,60,18741.65,2023-11-01,0.369,1,7,CLOSED
L702383,C103248,Personal Loan,287100.0,20.59,36,10757.76,2026-10-25,0.6312,0,0,ACTIVE
L702384,C107439,Home Finance,1878400.0,17.41,180,29456.52,2023-08-25,0.4448,1,7,ACTIVE
L702385,C108778,Auto Finance,438700.0,20.49,60,11741.82,2026-01-22,0.538,0,0,ACTIVE
L702386,C107675,Auto Finance,637200.0,18.04,60,16193.83,2023-07-06,0.5081,0,7,ACTIVE
L702387,C101078,Credit Card,47000.0,,12,4464.72,2024-02-25,0.1791,0,0,ACTIVE
L702388,C110681,Personal Loan,799900.0,19.07,36,29348.53,2022-12-06,0.3011,0,7,ACTIVE
L702389,C108045,Credit Card,270900.0,14.25,12,24357.96,2025-01-15,0.2677,0,0,ACTIVE
L702390,C102136,Personal Loan,1636900.0,21.33,36,61947.37,2023-08-29,0.4687,1,0,ACTIVE
L702391,C111420,Credit Card,250200.0,16.03,12,22704.96,2023-08-05,0.1188,1,30,ACTIVE
L702392,C108311,Home Finance,529800.0,21.94,180,10072.72,2023-11-18,0.6911,0,0,ACTIVE
L702393,C101238,Credit Card,395100.0,20.16,12,36633.25,2025-05-05,0.6405,0,0,CLOSED
L702394,C101192,Credit Card,312000.0,18.79,12,28722.89,2023-12-25,0.259,1,394,DEFAULT
L702395,C109055,Home Finance,3120600.0,15.81,180,45420.05,2027-04-28,0.4561,0,30,ACTIVE
L702396,C109314,Personal Loan,219100.0,22.59,36,8435.27,2025-05-28,0.6779,0,45,CLOSED
L702397,C101702,Personal Loan,1054700.0,19.8,36,39088.83,2024-10-04,0.2578,0,0,CLOSED
L702398,C110314,Personal Loan,313800.0,18.86,36,11479.68,2023-11-30,0.2018,1,0,ACTIVE
L702399,C110859,Auto Finance,1459500.0,23.4,60,41480.07,2024-07-20,0.7556,0,131,DEFAULT
L702400,C106300,Home Finance,729600.0,21.1,180,13411.06,2025-04-08,0.3741,0,15,ACTIVE
L702401,C100119,Personal Loan,554900.0,15.04,36,19245.29,2026-11-07,0.1875,0,15,ACTIVE
L702402,C103522,Home Finance,2039600.0,20.07,180,35927.19,2026-07-19,0.328,0,30,ACTIVE
L702403,C103785,Personal Loan,787900.0,19.82,36,29208.11,2023-11-08,0.1971,1,15,ACTIVE
L702404,C107412,Credit Card,94100.0,18.64,12,8659.22,2027-04-17,0.6536,0,45,ACTIVE
L702405,C103274,Personal Loan,1477800.0,16.65,36,52431.21,2025-07-15,0.5207,1,45,ACTIVE
L702406,C111770,Auto Finance,628900.0,20.8,60,16944.13,2025-05-20,0.2371,0,0,ACTIVE
L702407,C102623,Auto Finance,654200.0,22.46,60,18239.93,2024-10-26,0.5274,0,7,ACTIVE
L702408,C100680,Credit Card,113600.0,19.36,12,10490.16,2022-03-17,0.0261,0,15,CLOSED
L702409,C106076,Auto Finance,1477200.0,22.71,60,41397.12,2024-08-02,0.1739,0,45,ACTIVE
L702410,C102513,Credit Card,347300.0,21.27,12,32378.79,2024-06-10,0.1687,0,0,ACTIVE
L702411,C110238,Auto Finance,745600.0,13.58,60,17186.0,2026-06-12,0.3868,0,30,ACTIVE
L702412,C107396,Personal Loan,291700.0,20.3,36,10884.1,2023-05-22,0.0,0,15,ACTIVE
L702413,C107147,Personal Loan,1162800.0,19.48,36,42906.93,2025-11-02,0.5046,1,7,ACTIVE
L702414,C101759,Personal Loan,548100.0,20.39,36,20476.78,2023-12-01,0.1944,0,0,ACTIVE
L702415,C103900,Personal Loan,175000.0,22.68,36,6746.25,2025-03-26,0.0645,0,0,ACTIVE
L702416,C102954,Auto Finance,477800.0,20.9,60,12898.93,2025-05-23,0.7699,0,30,ACTIVE
L702417,C101744,Credit Card,1003300.0,16.89,12,91452.07,2025-01-31,0.2164,1,0,ACTIVE
L702418,C100435,Personal Loan,791400.0,17.62,36,28462.12,2023-08-09,0.413,0,0,ACTIVE
L702419,C102572,Home Finance,715800.0,24.17,180,14827.26,2023-11-24,0.43,1,341,DEFAULT
L702420,C106045,Auto Finance,1222600.0,15.56,60,29446.29,2024-11-10,0.4789,0,15,ACTIVE
L702421,C106311,Auto Finance,2033100.0,15.72,60,49139.12,2024-05-28,0.3881,1,0,ACTIVE
L702422,C106404,Auto Finance,825900.0,21.32,60,22492.08,2025-02-05,0.3754,0,15,CLOSED
L702423,C110682,Personal Loan,613800.0,22.54,36,23613.24,2022-10-13,0.5723,0,45,ACTIVE
L702424,C103693,Home Finance,2007900.0,19.83,180,35013.27,2023-09-22,0.9247,2,0,ACTIVE
L702425,C100267,Home Finance,871000.0,18.51,180,14347.99,2026-09-21,0.6906,0,0,ACTIVE
L702426,C105168,Personal Loan,588000.0,18.81,36,21498.5,2023-06-11,0.1849,1,0,CLOSED
L702427,C102937,Home Finance,2528700.0,17.24,180,39347.04,2024-01-08,0.7094,0,382,DEFAULT
L702428,C101976,Personal Loan,512800.0,22.31,36,19666.62,2026-08-29,0.2985,1,45,ACTIVE
L702429,C103745,Personal Loan,825200.0,14.8,36,28524.18,2023-09-02,0.0337,0,15,ACTIVE
L702430,C102116,Personal Loan,292800.0,16.15,36,10315.47,2025-09-21,0.0763,0,15,ACTIVE
L702431,C104067,Credit Card,288400.0,23.28,12,27167.69,2023-06-15,0.5026,1,0,ACTIVE
L702432,C104214,Auto Finance,295100.0,18.53,60,7577.69,2024-07-29,0.1202,0,30,ACTIVE
L702433,C108420,Credit Card,891200.0,21.52,12,83201.77,2024-06-10,0.6512,2,363,DEFAULT
L702434,C109452,Personal Loan,1350600.0,20.64,36,50633.88,2023-12-28,0.2608,1,0,ACTIVE
L702435,C101986,Personal Loan,418300.0,16.16,36,14739.12,2023-11-12,0.1414,1,0,ACTIVE
L702436,C109741,Credit Card,206300.0,16.71,12,18789.55,2023-08-28,0.2817,1,0,ACTIVE
L702437,C108958,Auto Finance,3195700.0,,60,94869.9,2024-12-12,0.8247,2,0,CLOSED
L702438,C108195,Personal Loan,397700.0,22.76,36,15345.37,2026-07-31,0.653,1,45,CLOSED
L702439,C104023,Personal Loan,516000.0,17.94,36,18638.56,2024-12-06,0.3578,0,15,ACTIVE
L702440,C104469,Auto Finance,760900.0,16.27,60,18612.76,2023-05-18,0.3456,0,0,ACTIVE
L702441,C111877,Home Finance,563800.0,20.67,180,10182.47,2024-03-02,0.4544,1,15,ACTIVE
L702442,C108387,Credit Card,258500.0,17.55,12,23644.8,2024-05-15,0.3138,1,15,CLOSED
L702443,C109762,Home Finance,779500.0,20.11,180,13753.61,2022-12-09,0.3498,0,30,ACTIVE
L702444,C101645,Home Finance,128000.0,17.43,180,2009.06,2024-05-30,0.1026,0,0,ACTIVE
L702445,C105999,Credit Card,215400.0,17.35,12,19679.35,2026-03-07,0.2343,0,15,CLOSED
L702446,C110751,Credit Card,330500.0,24.17,12,31274.95,2026-07-30,0.4647,0,0,CLOSED
L702447,C103650,Credit Card,371500.0,14.5,12,33443.26,2024-09-16,0.4822,0,15,ACTIVE
L702448,C106239,Personal Loan,851800.0,19.96,36,31637.93,2022-04-20,0.1841,0,30,ACTIVE
L702449,C104629,Credit Card,235600.0,13.86,12,21141.68,2024-11-14,0.559,0,0,ACTIVE
L702450,C108948,Personal Loan,80100.0,16.17,36,2822.46,2023-09-30,0.4491,1,30,ACTIVE
L702451,C104957,Personal Loan,158400.0,22.6,36,6097.03,2023-02-16,0.237,0,256,DEFAULT
L702452,C108974,Personal Loan,1883200.0,21.48,36,71413.97,2022-03-30,0.4604,2,45,CLOSED
L702453,C104288,Credit Card,784600.0,17.71,12,71826.02,2025-08-03,0.4514,2,15,ACTIVE
L702454,C107828,Auto Finance,1168400.0,16.05,60,28444.61,2024-12-13,0.6731,0,181,DEFAULT
L702455,C101420,Credit Card,96700.0,24.14,12,9151.13,2025-02-27,0.3082,0,0,ACTIVE
L702456,C109681,Personal Loan,629400.0,17.75,36,22675.57,2022-12-31,0.0776,0,0,ACTIVE
L702457,C103378,Auto Finance,313700.0,20.54,60,8405.24,2024-03-31,0.5653,0,0,CLOSED
L702458,C110602,Credit Card,25700.0,20.81,12,2388.58,2024-09-16,0.3752,0,15,CLOSED
L702459,C100814,Personal Loan,1574200.0,14.8,36,54414.52,2025-04-24,0.4266,1,0,CLOSED
L702460,C107796,Credit Card,285600.0,22.35,12,26778.58,2026-03-29,0.7484,0,0,ACTIVE
L702461,C103301,Personal Loan,313700.0,18.72,36,11454.22,2023-05-19,0.381,2,0,CLOSED
L702462,C107857,Personal Loan,470100.0,22.93,36,18181.24,2025-01-26,0.2072,1,0,CLOSED
L702463,C101566,Auto Finance,243400.0,16.42,60,5973.99,2025-08-04,0.3389,0,30,ACTIVE
L702464,C111158,Credit Card,298500.0,22.5,12,28009.25,2027-05-24,0.2595,1,7,ACTIVE
L702465,C107128,Personal Loan,673200.0,17.74,36,24249.06,2026-01-26,0.2467,0,7,ACTIVE
L702466,C103448,Personal Loan,839400.0,,36,29302.58,2024-09-04,0.7675,1,30,ACTIVE
L702467,C110155,Credit Card,536800.0,14.14,12,48231.02,2023-05-14,0.7709,2,0,ACTIVE
L702468,C111959,Home Finance,8067400.0,20.31,180,143538.26,2023-11-13,0.6509,0,15,ACTIVE
L702469,C107145,Auto Finance,80400.0,16.75,60,1987.74,2024-04-16,0.3458,0,15,ACTIVE
L702470,C106123,Home Finance,627200.0,,180,11387.14,2026-03-15,0.1367,1,30,ACTIVE
L702471,C110375,Credit Card,969300.0,21.45,12,90468.46,2024-11-17,0.2509,1,7,CLOSED
L702472,C103601,Auto Finance,50200.0,16.41,60,1231.33,2024-01-16,0.3123,0,7,CLOSED
L702473,C101946,Personal Loan,116700.0,15.81,36,4091.25,2025-09-05,0.1388,0,96,DEFAULT
L702474,C107609,Personal Loan,1325300.0,20.36,36,49496.43,2024-06-20,0.3586,1,0,ACTIVE
L702475,C109536,Personal Loan,222300.0,20.63,36,8333.11,2026-03-25,0.0129,0,0,ACTIVE
L702476,C100938,Personal Loan,495500.0,23.37,36,19274.6,2025-03-28,0.3415,2,0,ACTIVE
L702477,C110619,Credit Card,109600.0,19.54,12,10128.56,2024-08-31,0.4729,0,7,ACTIVE
L702478,C100218,Auto Finance,1786400.0,23.05,60,50411.49,2025-03-30,0.1623,1,7,ACTIVE
L702479,C108695,Personal Loan,233400.0,17.87,36,8421.95,2024-04-07,0.5057,1,7,CLOSED
L702480,C100249,Credit Card,130400.0,20.91,12,12133.83,2024-03-21,0.192,0,15,ACTIVE
L702481,C105142,Personal Loan,1610100.0,17.97,36,58186.05,2025-08-20,0.4265,0,0,ACTIVE
L702482,C102243,Personal Loan,267700.0,19.96,36,9941.94,2023-12-08,0.6979,1,0,ACTIVE
L702483,C106588,Auto Finance,1043400.0,11.67,60,23036.88,2027-07-03,0.4007,0,45,ACTIVE
L702484,C104548,Auto Finance,397400.0,16.47,60,9762.96,2024-01-03,0.2857,0,45,ACTIVE
L702485,C104936,Credit Card,174400.0,19.08,12,16076.15,2023-10-14,0.2289,0,30,CLOSED
L702486,C102237,Personal Loan,1298800.0,,36,47307.68,2024-05-10,0.1031,0,0,CLOSED
L702487,C101257,Auto Finance,470900.0,21.05,60,12752.63,2025-01-02,0.29,0,0,ACTIVE
L702488,C108718,Credit Card,278200.0,21.31,12,25949.15,2025-10-02,0.7134,1,276,DEFAULT
L702489,C109689,Home Finance,4028900.0,16.9,180,61719.11,2023-11-14,0.3414,0,0,ACTIVE
L702490,C100691,Credit Card,476500.0,24.06,12,45069.19,2026-10-29,0.5912,0,7,ACTIVE
L702491,C108084,Personal Loan,492300.0,22.14,36,18836.99,2026-02-08,0.7018,0,0,ACTIVE
L702492,C111599,Auto Finance,653300.0,22.98,60,18407.98,2023-08-08,0.3739,0,0,ACTIVE
L702493,C100405,Credit Card,1387400.0,23.7,12,130992.11,2023-12-26,0.074,0,45,CLOSED
L702494,C108052,Auto Finance,977100.0,17.02,60,24293.2,2023-05-22,0.3663,1,0,CLOSED
L702495,C104250,Personal Loan,293600.0,20.52,36,10990.88,2025-01-09,0.3878,0,7,ACTIVE
L702496,C109675,Auto Finance,533200.0,15.07,60,12704.21,2025-08-20,0.1552,1,0,ACTIVE
L702497,C106059,Personal Loan,249800.0,21.15,36,9429.03,2026-10-07,0.4262,0,30,ACTIVE
L702498,C109836,Credit Card,853800.0,21.03,12,79509.39,2024-08-19,0.6192,0,0,ACTIVE
L702499,C100198,Auto Finance,343900.0,19.58,60,9030.0,2023-12-16,0.599,1,0,ACTIVE
L702500,C106533,Credit Card,621300.0,16.85,12,56623.8,2022-10-22,0.4628,0,0,ACTIVE
L702501,C110969,Credit Card,365500.0,16.72,12,33285.26,2023-04-22,0.3138,0,30,ACTIVE
L702502,C109576,Auto Finance,2821300.0,17.71,60,71197.91,2025-04-29,0.7365,1,45,CLOSED
L702503,C102874,Credit Card,101100.0,18.28,12,9278.56,2024-03-16,0.6488,0,15,ACTIVE
L702504,C104704,Personal Loan,607600.0,17.18,36,21716.22,2026-07-31,0.2804,0,30,ACTIVE
L702505,C101824,Auto Finance,1324000.0,17.82,60,33490.36,2023-11-09,0.065,1,0,ACTIVE
L702506,C107215,Personal Loan,757400.0,22.45,36,29102.99,2024-05-09,0.7526,1,30,ACTIVE
L702507,C100603,Credit Card,102900.0,15.22,12,9301.26,2026-03-14,0.5065,0,30,CLOSED
L702508,C105515,Auto Finance,1246400.0,24.07,60,35907.11,2025-01-23,0.1195,1,0,ACTIVE
L702509,C105045,Personal Loan,180700.0,21.21,36,6826.39,2023-12-16,0.2373,0,0,ACTIVE
L702510,C111368,Home Finance,761200.0,16.96,180,11693.08,2023-03-18,0.3607,0,15,ACTIVE
L702511,C109284,Personal Loan,665200.0,22.92,36,25722.0,2025-05-25,0.6952,0,30,ACTIVE
L702512,C108277,Auto Finance,1221200.0,24.93,60,35794.83,2022-11-29,0.2297,0,0,ACTIVE
L702513,C104989,Auto Finance,241400.0,14.71,60,5706.82,2024-12-19,0.377,0,109,DEFAULT
L702514,C108066,Credit Card,234200.0,18.78,12,21555.55,2027-02-05,0.0576,0,0,ACTIVE
L702515,C106930,Personal Loan,91900.0,19.04,36,3371.68,2025-06-03,0.1793,2,30,ACTIVE
L702516,C105909,Credit Card,117200.0,15.36,12,10593.92,2025-03-10,0.3439,0,7,ACTIVE
L702517,C106625,Personal Loan,836400.0,11.59,36,27617.17,2023-11-20,0.271,0,0,ACTIVE
L702518,C108244,Auto Finance,145600.0,20.35,60,3885.24,2025-03-23,0.6476,0,15,CLOSED
L702519,C100037,Home Finance,3034300.0,14.45,180,41330.63,2025-12-14,0.1993,0,30,CLOSED
L702520,C106879,Home Finance,3790900.0,13.79,180,49951.18,2024-08-26,0.2557,1,45,ACTIVE
L702521,C110228,Auto Finance,1182700.0,18.25,60,30194.39,2024-07-25,0.1108,2,30,ACTIVE
L702522,C107003,Auto Finance,767100.0,15.7,60,18531.41,2025-02-18,0.1358,0,30,ACTIVE
L702523,C108625,Personal Loan,2218000.0,14.26,36,76086.5,2027-07-21,0.1271,1,7,CLOSED
L702524,C108580,Auto Finance,2174700.0,18.73,60,56091.21,2027-04-06,0.222,0,0,ACTIVE
L702525,C101741,Home Finance,564900.0,22.43,180,10949.64,2024-01-09,0.2664,0,0,ACTIVE
L702526,C104529,Home Finance,1196800.0,20.81,180,21738.68,2025-04-13,0.0885,0,15,ACTIVE
L702527,C102222,Personal Loan,442500.0,22.24,36,16954.15,2026-12-24,0.0703,0,0,ACTIVE
L702528,C104051,Credit Card,107900.0,18.63,12,9928.94,2026-08-14,0.4444,0,0,ACTIVE
L702529,C105256,Personal Loan,5687600.0,20.41,36,212560.13,2024-05-06,0.7268,2,0,ACTIVE
L702530,C109654,Auto Finance,595400.0,18.39,60,15247.08,2025-12-17,0.5975,0,0,ACTIVE
L702531,C110163,Credit Card,115000.0,22.02,12,10764.28,2022-06-10,0.3036,0,15,CLOSED
L702532,C110052,Credit Card,69700.0,15.35,12,6299.53,2024-05-14,0.7279,0,0,CLOSED
L702533,C102876,Credit Card,390300.0,18.99,12,35964.97,2026-08-22,0.4105,0,7,ACTIVE
L702534,C104918,Personal Loan,475400.0,14.93,36,16464.91,2023-02-01,0.5867,0,0,ACTIVE
L702535,C111173,Credit Card,199300.0,18.32,12,18301.13,2023-10-19,0.5417,0,30,ACTIVE
L702536,C110493,Auto Finance,3892800.0,18.69,60,100318.38,2024-01-30,0.3725,0,0,ACTIVE
L702537,C102518,Personal Loan,349900.0,,36,11873.46,2025-09-02,0.3104,0,45,CLOSED
L702538,C106332,Auto Finance,1225900.0,19.54,60,32165.15,2023-02-04,0.4318,0,15,ACTIVE
L702539,C108542,Credit Card,200500.0,18.49,12,18428.2,2023-04-28,0.2062,0,0,ACTIVE
L702540,C103606,Auto Finance,3019900.0,19.69,60,79488.88,2024-08-12,0.1178,0,0,ACTIVE
L702541,C111678,Personal Loan,744400.0,17.95,36,26894.44,2025-05-17,0.2061,0,0,ACTIVE
L702542,C106455,Credit Card,380500.0,21.2,12,35465.18,2026-05-06,0.2111,1,45,ACTIVE
L702543,C104156,Auto Finance,3079800.0,18.32,60,78744.62,2022-11-16,0.4881,0,0,CLOSED
L702544,C101967,Personal Loan,540400.0,17.6,36,19427.79,2024-06-26,0.4121,0,0,ACTIVE
L702545,C100837,Personal Loan,272400.0,18.13,36,9864.56,2024-09-03,0.1673,0,0,ACTIVE
L702546,C106116,Credit Card,247600.0,16.1,12,22474.1,2024-03-24,0.401,0,15,ACTIVE
L702547,C100579,Auto Finance,700700.0,20.24,60,18658.46,2024-03-09,0.4614,0,0,ACTIVE
L702548,C102209,Auto Finance,303100.0,17.59,60,7628.19,2025-05-05,0.2247,0,45,CLOSED
L702549,C106760,Credit Card,514200.0,16.39,12,46750.36,2025-08-15,0.4388,1,0,CLOSED
L702550,C100431,Auto Finance,488800.0,21.82,60,13451.04,2027-01-16,0.5184,1,30,ACTIVE
L702551,C102390,Home Finance,1352700.0,22.87,180,26671.82,2022-11-30,0.8809,0,30,ACTIVE
L702552,C105322,Home Finance,760600.0,16.83,180,11613.69,2023-09-12,0.0674,1,7,ACTIVE
L702553,C106484,Home Finance,1795300.0,16.98,180,27603.85,2023-05-23,0.5435,0,45,CLOSED
L702554,C106947,Auto Finance,1573700.0,15.64,60,37969.86,2024-01-13,0.172,3,30,ACTIVE
L702555,C106581,Personal Loan,181600.0,12.81,36,6103.5,2024-10-30,0.424,0,0,CLOSED
L702556,C106786,Auto Finance,165200.0,20.05,60,4382.34,2023-06-24,0.4501,0,30,ACTIVE
L702557,C102501,Credit Card,308900.0,23.23,12,29091.38,2023-10-27,0.7517,0,0,CLOSED
L702558,C100177,Personal Loan,4508900.0,21.3,36,170568.05,2022-12-29,0.4444,1,0,ACTIVE
L702559,C104253,Credit Card,147000.0,20.44,12,13646.93,2024-06-24,0.6234,1,0,ACTIVE
L702560,C105429,Personal Loan,304900.0,21.37,36,11544.57,2026-02-11,0.1546,0,0,ACTIVE
L702561,C107948,Credit Card,137900.0,20.88,12,12830.58,2025-10-29,0.1188,0,7,ACTIVE
L702562,C100020,Home Finance,2083400.0,21.92,180,39577.89,2022-07-03,0.4809,0,0,ACTIVE
L702563,C105117,Auto Finance,1169800.0,17.25,60,29229.03,2026-12-22,0.5435,1,30,ACTIVE
L702564,C102979,Personal Loan,370500.0,25.03,36,14737.33,2022-12-02,0.377,0,15,ACTIVE
L702565,C100422,Credit Card,658900.0,19.62,12,60918.19,2024-03-23,0.416,0,30,ACTIVE
L702566,C101075,Auto Finance,1270200.0,19.38,60,33216.68,2023-09-26,0.2036,1,15,ACTIVE
L702567,C105422,Home Finance,253800.0,23.92,180,5208.17,2025-07-09,0.0442,0,7,CLOSED
L702568,C102808,Personal Loan,1097700.0,17.13,36,39207.82,2024-05-31,0.5129,2,0,ACTIVE
L702569,C101940,Home Finance,2011400.0,18.64,180,33321.71,2023-11-23,0.1174,0,0,ACTIVE
L702570,C110489,Personal Loan,1162700.0,16.04,36,40900.75,2024-05-08,0.6852,4,359,DEFAULT
L702571,C108360,Personal Loan,230800.0,14.36,36,7927.17,2026-01-08,0.3046,0,0,ACTIVE
L702572,C111477,Auto Finance,1052000.0,15.76,60,25448.78,2024-11-25,0.4404,0,7,CLOSED
L702573,C107577,Credit Card,242600.0,24.06,12,22948.12,2022-11-04,0.1453,0,15,ACTIVE
L702574,C109670,Home Finance,765200.0,13.93,180,10153.93,2022-12-09,0.1699,1,0,ACTIVE
L702575,C101974,Personal Loan,1376900.0,19.07,36,50520.4,2023-03-10,0.2334,0,0,CLOSED
L702576,C103977,Credit Card,118700.0,25.67,12,11321.6,2023-12-31,0.4147,0,7,CLOSED
L702577,C107818,Credit Card,164600.0,15.54,12,14895.52,2024-09-20,0.3779,2,0,ACTIVE
L702578,C106613,Home Finance,1404100.0,17.44,180,22047.87,2025-05-18,0.6031,0,30,ACTIVE
L702579,C106477,Personal Loan,647300.0,15.31,36,22535.76,2023-03-18,0.3445,0,0,ACTIVE
L702580,C110141,Credit Card,199500.0,18.84,12,18372.49,2024-07-26,0.1493,0,7,ACTIVE
L702581,C110784,Personal Loan,722700.0,20.42,36,27011.97,2024-06-22,0.411,0,7,ACTIVE
L702582,C106151,Personal Loan,1390400.0,16.6,36,49295.94,2026-11-11,0.4683,0,279,DEFAULT
L702583,C107773,Credit Card,110700.0,22.22,12,10368.16,2023-10-26,0.2976,1,30,CLOSED
L702584,C106113,Personal Loan,78500.0,21.07,36,2958.91,2025-01-06,0.6139,0,0,ACTIVE
L702585,C103512,Home Finance,3821000.0,,180,51039.9,2025-02-10,0.623,0,15,ACTIVE
L702586,C106996,Home Finance,2311000.0,20.37,180,41220.99,2023-07-15,0.2358,0,30,ACTIVE
L702587,C105115,Personal Loan,313900.0,22.42,36,12056.42,2023-05-30,0.5067,0,7,ACTIVE
L702588,C103198,Credit Card,617700.0,14.68,12,55655.92,2025-04-06,0.4661,2,0,ACTIVE
L702589,C110608,Personal Loan,1464900.0,22.95,36,56666.43,2026-01-12,0.6802,0,0,ACTIVE
L702590,C101947,Personal Loan,394900.0,21.29,36,14938.27,2024-09-12,0.2533,0,0,ACTIVE
L702591,C105789,Credit Card,144500.0,,12,13453.83,2024-06-26,0.2597,0,15,ACTIVE
L702592,C109236,Home Finance,3441000.0,21.57,180,64462.68,2024-03-22,0.0998,0,45,ACTIVE
L702593,C108473,Personal Loan,598000.0,19.0,36,21921.51,2026-08-18,0.4088,1,15,ACTIVE
L702594,C110418,Credit Card,459200.0,16.32,12,41732.28,2023-04-03,0.3832,1,30,ACTIVE
L702595,C102697,Home Finance,261900.0,23.76,180,5342.13,2024-12-22,0.2106,1,0,ACTIVE
L702596,C101911,Home Finance,2526300.0,15.29,180,35861.41,2025-06-16,0.7601,0,0,ACTIVE
L702597,C104209,Credit Card,566400.0,20.44,12,52588.64,2024-06-17,0.6527,0,0,ACTIVE
L702598,C103683,Home Finance,1547700.0,23.79,180,31605.92,2025-05-20,0.3503,2,0,ACTIVE
L702599,C106821,Credit Card,136800.0,19.59,12,12642.26,2023-08-15,0.6515,0,30,ACTIVE
L702600,C110856,Personal Loan,986500.0,18.84,36,36083.02,2026-03-13,0.658,1,0,ACTIVE
L702601,C100816,Personal Loan,737300.0,25.82,36,29636.77,2024-03-30,0.2612,0,0,CLOSED
L702602,C111659,Home Finance,2397300.0,17.85,180,38347.61,2025-01-04,0.4221,0,0,ACTIVE
L702603,C111004,Auto Finance,656900.0,,60,16844.74,2026-10-01,0.6185,0,45,ACTIVE
L702604,C101529,Credit Card,273000.0,22.59,12,25624.8,2024-02-02,0.4413,0,0,ACTIVE
L702605,C110206,Personal Loan,1457200.0,13.49,36,49443.42,2024-04-30,0.1842,0,7,ACTIVE
L702606,C103759,Auto Finance,961800.0,15.67,60,23221.44,2025-03-11,0.2683,0,30,ACTIVE
L702607,C104087,Auto Finance,322300.0,21.56,60,8821.29,2026-03-01,0.0601,0,30,ACTIVE
L702608,C108945,Auto Finance,1324400.0,19.21,60,34508.14,2024-10-15,0.7048,0,7,ACTIVE
L702609,C102000,Personal Loan,636900.0,21.42,36,24131.57,2026-09-30,0.2668,0,15,ACTIVE
L702610,C100371,Personal Loan,897500.0,,36,33497.61,2025-07-23,0.1213,1,45,ACTIVE
L702611,C103704,Auto Finance,18494700.0,19.85,60,488453.08,2025-03-22,0.7294,0,150,DEFAULT
L702612,C103399,Personal Loan,471900.0,16.85,36,16789.69,2023-12-22,0.5179,1,0,ACTIVE
L702613,C109153,Auto Finance,848500.0,16.29,60,20763.71,2026-10-11,0.5422,0,0,ACTIVE
L702614,C104547,Auto Finance,364400.0,24.41,60,10570.98,2025-06-13,0.4126,0,0,ACTIVE
L702615,C102140,Personal Loan,444200.0,20.62,36,16649.7,2022-11-03,0.4333,0,15,ACTIVE
L702616,C108410,Home Finance,419500.0,20.31,180,7463.35,2024-12-25,0.1151,1,0,ACTIVE
L702617,C106418,Credit Card,116200.0,19.04,12,10706.35,2024-07-02,0.0983,0,0,ACTIVE
L702618,C109561,Home Finance,1568500.0,,180,30283.65,2024-11-03,0.2802,1,0,CLOSED
L702619,C105238,Credit Card,295100.0,15.85,12,26750.16,2026-11-09,0.1302,0,0,ACTIVE
L702620,C111971,Home Finance,1872800.0,19.12,180,31680.84,2024-09-12,0.5871,1,7,ACTIVE
L702621,C110031,Personal Loan,1113300.0,22.44,36,42771.74,2024-12-17,0.2015,0,0,ACTIVE
L702622,C106199,Home Finance,291000.0,,180,5284.42,2022-09-10,0.2096,0,30,ACTIVE
L702623,C100830,Personal Loan,166100.0,18.69,36,6063.11,2023-03-14,0.7204,0,0,CLOSED
L702624,C106056,Auto Finance,1363900.0,,60,35156.36,2024-07-31,0.1426,0,7,ACTIVE
L702625,C109423,Home Finance,683300.0,14.64,180,9394.79,2024-05-04,0.6906,0,7,ACTIVE
L702626,C105195,Personal Loan,847700.0,17.02,36,30231.03,2025-06-08,0.4601,0,15,ACTIVE
L702627,C105760,Home Finance,2594400.0,16.52,180,39048.65,2025-08-03,0.4314,0,7,CLOSED
L702628,C105518,Auto Finance,3083300.0,18.33,60,78851.28,2026-07-02,0.3873,0,45,ACTIVE
L702629,C101685,Credit Card,42400.0,,12,3901.45,2025-08-15,0.675,0,0,ACTIVE
L702630,C103972,Auto Finance,152000.0,17.75,60,3838.87,2024-04-10,0.1661,0,45,ACTIVE
L702631,C111256,Auto Finance,2144400.0,14.14,60,50052.25,2025-11-04,0.2218,0,172,DEFAULT
L702632,C101767,Auto Finance,1753000.0,13.12,60,39993.37,2022-12-06,0.8174,0,0,CLOSED
L702633,C107672,Credit Card,391900.0,20.72,12,36435.03,2025-12-27,0.4857,0,0,ACTIVE
L702634,C102070,Home Finance,4827400.0,18.74,180,80325.66,2024-11-05,0.5044,1,0,ACTIVE
L702635,C106489,Personal Loan,553200.0,18.78,36,20215.81,2022-12-20,0.674,0,30,CLOSED
L702636,C100404,Personal Loan,372700.0,21.12,36,14065.88,2025-12-10,0.8005,0,15,ACTIVE
L702637,C106080,Auto Finance,590300.0,20.18,60,15697.3,2026-08-05,0.7289,0,0,CLOSED
L702638,C108368,Auto Finance,720300.0,15.08,60,17166.11,2023-11-22,0.4412,1,15,ACTIVE
L702639,C105260,Personal Loan,222200.0,20.62,36,8329.79,2025-09-10,0.5079,2,0,ACTIVE
L702640,C100943,Home Finance,651700.0,17.5,180,10261.06,2023-07-08,0.6045,0,0,CLOSED
L702641,C102092,Personal Loan,625600.0,22.51,36,24059.22,2025-07-22,0.4065,1,15,CLOSED
L702642,C103413,Personal Loan,581800.0,17.49,36,20883.56,2025-09-11,0.2385,0,0,ACTIVE
L702643,C109398,Auto Finance,797700.0,20.18,60,21214.77,2024-11-21,0.7026,1,0,CLOSED
L702644,C104579,Auto Finance,1044500.0,24.27,60,30211.66,2024-04-04,0.0925,0,7,ACTIVE
L702645,C109526,Auto Finance,370100.0,21.3,60,10074.22,2024-02-19,0.4555,0,7,ACTIVE
L702646,C101968,Personal Loan,208000.0,11.28,36,6838.15,2024-07-03,0.0418,2,0,CLOSED
L702647,C106584,Credit Card,182100.0,20.31,12,16898.95,2022-08-05,0.5875,0,383,DEFAULT
L702648,C102376,Auto Finance,730200.0,24.02,60,21015.96,2025-11-10,0.7407,0,30,ACTIVE
L702649,C109067,Credit Card,456000.0,20.81,12,42422.77,2024-09-29,0.776,2,0,ACTIVE
L702650,C104971,Credit Card,211300.0,18.99,12,19472.25,2026-11-06,0.6014,0,30,ACTIVE
L702651,C108996,Personal Loan,713500.0,,36,26857.84,2024-01-05,0.4567,1,0,ACTIVE
L702652,C108334,Credit Card,94400.0,19.93,12,8737.61,2026-01-25,0.3484,0,0,ACTIVE
L702653,C105246,Credit Card,113200.0,19.73,12,10474.21,2023-03-01,0.232,0,0,ACTIVE
L702654,C105839,Auto Finance,3212600.0,17.96,60,81508.38,2023-03-23,0.375,0,7,ACTIVE
L702655,C108707,Personal Loan,168400.0,24.62,36,6660.06,2025-04-23,0.1533,0,0,ACTIVE
L702656,C105262,Credit Card,356000.0,21.84,12,33292.39,2024-03-08,0.2688,0,30,ACTIVE
L702657,C100632,Personal Loan,653100.0,,36,23661.89,2024-03-23,0.1523,1,7,ACTIVE
L702658,C110810,Credit Card,112000.0,19.1,12,10325.65,2022-08-06,0.4602,0,45,ACTIVE
L702659,C109249,Credit Card,59200.0,18.74,12,5449.32,2024-02-22,0.5963,0,0,CLOSED
L702660,C111914,Personal Loan,589800.0,21.54,36,22384.17,2023-11-16,0.2094,0,7,ACTIVE
L702661,C100738,Home Finance,1933900.0,16.99,180,29749.44,2025-02-25,0.4488,1,7,CLOSED
L702662,C110170,Auto Finance,2857800.0,18.24,60,72942.3,2023-05-14,0.1353,1,0,ACTIVE
L702663,C108170,Personal Loan,255000.0,20.66,36,9562.47,2022-10-10,0.3179,0,197,DEFAULT
L702664,C100368,Auto Finance,165100.0,17.83,60,4177.12,2023-09-30,0.2304,1,0,ACTIVE
L702665,C109318,Auto Finance,3401100.0,,60,84818.32,2026-01-21,0.5618,1,45,CLOSED
L702666,C110530,Auto Finance,4540200.0,20.57,60,121733.04,2022-04-22,0.2877,0,30,ACTIVE
L702667,C108704,Auto Finance,620200.0,17.53,60,15591.72,2023-06-21,0.3617,0,30,ACTIVE
L702668,C110993,Auto Finance,1456500.0,19.8,60,38425.64,2026-05-01,0.6246,1,118,DEFAULT
L702669,C103697,Auto Finance,1424800.0,20.01,60,37757.3,2023-12-01,0.195,1,0,ACTIVE
L702670,C105499,Personal Loan,1849800.0,,36,67908.83,2022-12-21,0.0637,0,45,CLOSED
L702671,C103558,Auto Finance,520000.0,15.65,60,12547.86,2025-06-21,0.3156,0,45,ACTIVE
L702672,C103684,Auto Finance,3012000.0,19.26,60,78564.87,2026-06-20,0.5213,0,0,ACTIVE
L702673,C102117,Credit Card,208400.0,16.46,12,18951.72,2025-12-15,0.4969,0,0,ACTIVE
L702674,C109096,Auto Finance,502900.0,21.43,60,13727.04,2026-01-05,0.0669,1,30,CLOSED
L702675,C105816,Credit Card,465600.0,18.71,12,42840.07,2024-10-19,0.6626,0,7,ACTIVE
L702676,C108600,Auto Finance,836400.0,16.45,60,20539.67,2023-07-30,0.1102,0,7,ACTIVE
L702677,C105431,Personal Loan,607800.0,18.74,36,22200.04,2024-12-09,0.0795,0,0,ACTIVE
L702678,C101773,Credit Card,555700.0,18.96,12,51204.42,2023-11-19,0.4809,0,90,DEFAULT
L702679,C109854,Credit Card,584200.0,,12,54821.4,2025-06-19,0.549,0,0,ACTIVE
L702680,C109057,Personal Loan,748200.0,16.84,36,26614.83,2022-10-18,0.2765,3,30,ACTIVE
L702681,C108517,Credit Card,492500.0,26.58,12,47191.81,2023-04-10,0.742,2,0,CLOSED
L702682,C102301,Credit Card,389400.0,17.1,12,35532.15,2022-05-07,0.3045,1,293,DEFAULT
L702683,C104472,Credit Card,668500.0,17.58,12,61150.49,2024-09-13,0.3913,1,0,ACTIVE
L702684,C100856,Personal Loan,218600.0,20.83,36,8216.57,2025-03-20,0.3771,0,15,ACTIVE
L702685,C107720,Personal Loan,403300.0,19.94,36,14976.32,2026-03-14,0.4111,0,45,ACTIVE
L702686,C101321,Credit Card,288100.0,16.2,12,26166.62,2025-01-07,0.1219,0,7,ACTIVE
L702687,C100584,Home Finance,1630000.0,20.24,180,28917.56,2025-11-29,0.19,0,0,ACTIVE
L702688,C104169,Home Finance,2433100.0,18.19,180,39515.73,2023-06-28,0.1629,0,45,ACTIVE
L702689,C102273,Credit Card,618700.0,,12,58135.46,2025-06-17,0.446,0,0,ACTIVE
L702690,C109495,Credit Card,58600.0,26.37,12,5609.12,2023-11-23,0.0,0,0,ACTIVE
L702691,C106610,Auto Finance,1694100.0,19.18,60,44113.06,2024-12-01,0.335,3,0,ACTIVE
L702692,C111087,Auto Finance,651800.0,22.24,60,18090.57,2025-04-24,0.1888,0,30,ACTIVE
L702693,C101882,Auto Finance,732200.0,22.02,60,20230.34,2024-04-18,0.3493,0,0,ACTIVE
L702694,C105362,Personal Loan,136400.0,,36,5137.59,2024-08-21,0.4847,0,0,ACTIVE
L702695,C106870,Personal Loan,363200.0,16.16,36,12796.48,2026-02-26,0.4308,0,0,ACTIVE
L702696,C103806,Auto Finance,398100.0,20.62,60,10685.98,2024-03-14,0.6389,0,157,DEFAULT
L702697,C102425,Auto Finance,231600.0,16.4,60,5681.33,2024-11-29,0.0973,0,0,ACTIVE
L702698,C103604,Home Finance,3616700.0,19.38,180,61869.58,2024-11-06,0.1072,1,30,ACTIVE
L702699,C111740,Home Finance,4631700.0,16.15,180,68510.94,2024-05-11,0.3884,0,15,ACTIVE
L702700,C111516,Credit Card,460000.0,19.5,12,42497.86,2023-09-09,0.3199,1,45,CLOSED
L702701,C108851,Personal Loan,510800.0,16.62,36,18113.55,2025-09-01,0.2407,0,0,ACTIVE
L702702,C111362,Personal Loan,1518800.0,19.17,36,55804.81,2022-09-24,0.2404,1,45,CLOSED
L702703,C102189,Personal Loan,769900.0,28.68,36,32129.35,2027-05-10,0.184,0,0,ACTIVE
L702704,C102869,Personal Loan,886000.0,24.07,36,34792.41,2026-03-06,0.3453,1,7,ACTIVE
L702705,C100314,Auto Finance,957300.0,19.91,60,25314.87,2024-12-04,0.2511,2,45,ACTIVE
L702706,C107732,Home Finance,2026400.0,21.0,180,37096.17,2024-12-16,0.2827,0,0,CLOSED
L702707,C103277,Auto Finance,193600.0,20.68,60,5201.54,2025-06-01,0.5056,0,0,CLOSED
L702708,C102890,Credit Card,262700.0,22.73,12,24683.43,2026-02-13,0.0035,0,30,ACTIVE
L702709,C106948,Credit Card,224100.0,19.04,12,20660.09,2024-10-30,0.1321,1,45,ACTIVE
L702710,C109623,Credit Card,47400.0,,12,4463.89,2023-07-31,0.7595,1,285,DEFAULT
L702711,C105597,Auto Finance,553800.0,22.44,60,15433.78,2022-11-04,0.2411,0,45,ACTIVE
L702712,C111980,Home Finance,564300.0,18.37,180,9237.46,2025-05-01,0.0837,0,30,ACTIVE
L702713,C105676,Home Finance,809200.0,15.18,180,11425.47,2026-10-30,0.3861,0,7,ACTIVE
L702714,C101384,Credit Card,177800.0,16.53,12,16177.09,2024-08-12,0.6239,1,0,ACTIVE
L702715,C101668,Auto Finance,1310000.0,21.09,60,35507.29,2024-12-07,0.2808,1,0,ACTIVE
L702716,C100046,Credit Card,579100.0,25.84,12,55272.2,2025-08-12,0.4118,0,0,ACTIVE
L702717,C104390,Home Finance,2345400.0,18.74,180,39026.0,2025-06-30,0.4624,0,0,CLOSED
L702718,C108036,Personal Loan,1615500.0,16.09,36,56868.46,2024-05-17,0.6071,0,15,ACTIVE
L702719,C106210,Credit Card,50600.0,24.39,12,4793.86,2025-08-24,0.2988,0,7,ACTIVE
L702720,C108792,Auto Finance,793000.0,26.57,60,24011.61,2024-06-27,0.3506,1,0,ACTIVE
L702721,C105185,Personal Loan,37500.0,17.75,36,1349.94,2023-05-10,0.2282,0,0,ACTIVE
L702722,C101476,Home Finance,3617800.0,23.77,180,73824.87,2023-05-22,0.2677,0,0,CLOSED
L702723,C111797,Personal Loan,877400.0,22.16,36,33580.49,2026-08-06,0.2604,2,30,ACTIVE
L702724,C103929,Personal Loan,110000.0,11.2,36,3610.93,2024-02-21,0.4509,0,15,ACTIVE
L702725,C104850,Auto Finance,666800.0,23.66,60,19049.87,2024-05-09,0.2253,0,0,ACTIVE
L702726,C102906,Auto Finance,1726900.0,20.42,60,46156.46,2026-02-25,0.3748,0,7,ACTIVE
L702727,C103135,Auto Finance,970000.0,15.0,60,23075.39,2026-10-26,0.3694,1,30,ACTIVE
L702728,C103862,Personal Loan,589800.0,21.04,36,22231.28,2024-09-27,0.3602,1,7,ACTIVE
L702729,C109619,Credit Card,250400.0,15.95,12,22713.89,2026-03-10,0.2341,0,0,ACTIVE
L702730,C108485,Home Finance,753600.0,25.16,180,16187.73,2025-04-18,0.3005,1,15,CLOSED
L702731,C110858,Auto Finance,782600.0,18.88,60,20248.26,2024-07-11,0.4271,0,0,ACTIVE
L702732,C106163,Auto Finance,452600.0,16.94,60,11233.47,2025-11-05,0.1148,0,45,ACTIVE
L702733,C104115,Credit Card,250800.0,21.51,12,23417.47,2024-02-03,0.6673,1,335,DEFAULT
L702734,C108236,Auto Finance,467000.0,19.65,60,12282.76,2024-10-16,0.5266,2,7,ACTIVE
L702735,C101893,Personal Loan,1124300.0,14.68,36,38797.75,2023-09-14,0.5228,0,0,ACTIVE
L702736,C101457,Auto Finance,307400.0,21.44,60,8393.18,2025-06-01,0.1461,0,7,ACTIVE
L702737,C107982,Credit Card,255100.0,18.79,12,23484.02,2023-08-22,0.7614,2,0,ACTIVE
L702738,C103240,Credit Card,289900.0,21.34,12,27038.9,2025-08-24,0.2854,0,0,ACTIVE
L702739,C100083,Auto Finance,529700.0,21.4,60,14448.26,2024-12-24,0.5007,0,0,ACTIVE
L702740,C111197,Auto Finance,150400.0,25.63,60,4470.2,2024-09-19,0.7095,0,0,ACTIVE
L702741,C102915,Auto Finance,803600.0,16.66,60,19824.13,2024-12-15,0.4157,0,301,DEFAULT
L702742,C102571,Personal Loan,941200.0,17.19,36,33644.54,2023-02-27,0.2031,0,0,CLOSED
L702743,C108439,Credit Card,226900.0,23.46,12,21396.8,2026-07-07,0.5426,0,0,ACTIVE
L702744,C107556,Auto Finance,2071600.0,14.31,60,48535.78,2026-03-02,0.2,0,0,CLOSED
L702745,C104954,Credit Card,256900.0,20.7,12,23883.61,2025-10-04,0.5409,0,177,DEFAULT
L702746,C104205,Auto Finance,173900.0,17.21,60,4342.0,2026-04-09,0.1084,0,0,ACTIVE
L702747,C101606,Auto Finance,2594600.0,22.93,60,73038.18,2025-10-23,0.1311,2,0,ACTIVE
L702748,C102887,Credit Card,286800.0,23.8,12,27093.13,2024-03-23,0.4064,0,15,ACTIVE
L702749,C105415,Personal Loan,47400.0,18.51,36,1727.04,2024-08-02,0.2571,1,7,ACTIVE
L702750,C102075,Credit Card,192200.0,20.04,12,17808.13,2024-12-29,0.3128,1,0,ACTIVE
L702751,C101317,Credit Card,339400.0,18.26,12,31160.24,2023-07-01,0.6898,0,0,CLOSED
L702752,C111697,Personal Loan,4388700.0,16.8,36,156031.49,2026-10-23,0.129,0,0,ACTIVE
L702753,C103925,Personal Loan,429400.0,16.67,36,15239.74,2024-10-02,0.1881,0,45,ACTIVE
L702754,C106815,Auto Finance,935700.0,15.64,60,22575.79,2025-02-25,0.8083,0,0,ACTIVE
L702755,C111100,Credit Card,139500.0,17.22,12,12740.42,2024-05-22,0.1896,0,0,ACTIVE
L702756,C108096,Personal Loan,439800.0,25.85,36,17682.78,2025-06-03,0.528,0,0,CLOSED
L702757,C107509,Credit Card,81800.0,26.01,12,7816.71,2023-07-23,0.3297,0,45,ACTIVE
L702758,C104464,Personal Loan,469600.0,22.63,36,18088.51,2027-03-20,0.0372,0,0,ACTIVE
L702759,C108488,Home Finance,1586500.0,22.84,180,31245.12,2024-05-25,0.3961,0,0,ACTIVE
L702760,C100513,Personal Loan,214800.0,21.61,36,8160.99,2024-03-10,0.3109,1,7,CLOSED
L702761,C108280,Auto Finance,977400.0,19.17,60,25445.35,2026-07-08,0.6579,0,0,CLOSED
L702762,C109106,Personal Loan,624900.0,16.94,36,22260.25,2025-08-08,0.2949,0,0,ACTIVE
L702763,C110284,Credit Card,188700.0,22.57,12,17709.54,2023-04-16,0.2247,1,15,ACTIVE
L702764,C104810,Auto Finance,2918600.0,18.26,60,74527.67,2023-02-09,0.7509,0,0,ACTIVE
L702765,C110368,Home Finance,8411000.0,,180,128730.96,2024-01-22,0.2825,0,0,ACTIVE
L702766,C100402,Credit Card,202700.0,18.99,12,18681.29,2024-06-05,0.0941,1,45,ACTIVE
L702767,C102368,Home Finance,3591700.0,23.15,180,71585.6,2024-09-26,0.3974,0,0,ACTIVE
L702768,C103567,Personal Loan,338500.0,,36,12147.7,2023-07-17,0.5345,0,7,ACTIVE
L702769,C102624,Credit Card,367500.0,29.05,12,35656.2,2026-08-30,0.7985,0,15,ACTIVE
L702770,C106072,Credit Card,107600.0,18.3,12,9881.51,2024-07-22,0.2016,1,0,ACTIVE
L702771,C108659,Auto Finance,1110700.0,22.37,60,30910.81,2023-01-28,0.0411,2,0,ACTIVE
L702772,C107771,Auto Finance,329300.0,16.21,60,8044.37,2022-09-25,0.6062,1,45,ACTIVE
L702773,C103592,Personal Loan,859600.0,19.96,36,31929.63,2022-09-24,0.71,1,0,CLOSED
L702774,C104271,Personal Loan,1545200.0,19.84,36,57297.85,2024-08-06,0.1065,0,15,ACTIVE
L702775,C104060,Credit Card,44000.0,21.25,12,4098.17,2025-10-04,0.5178,1,7,CLOSED
L702776,C102946,Credit Card,134900.0,20.88,12,12550.43,2024-09-24,0.2201,0,0,ACTIVE
L702777,C105164,Auto Finance,1017000.0,24.8,60,29730.9,2026-03-02,0.3392,0,30,ACTIVE
L702778,C109598,Home Finance,230500.0,,180,4738.25,2024-10-22,0.2802,0,0,ACTIVE
L702779,C106851,Personal Loan,87000.0,21.77,36,3311.93,2024-05-26,0.5887,1,15,ACTIVE
L702780,C104195,Credit Card,250900.0,19.06,12,23133.8,2023-11-24,0.2229,1,305,DEFAULT
L702781,C108705,Auto Finance,345000.0,20.18,60,9174.06,2024-09-28,0.443,1,15,ACTIVE
L702782,C100195,Auto Finance,312300.0,19.53,60,8191.39,2025-01-22,0.3834,0,7,ACTIVE
L702783,C106891,Personal Loan,670800.0,15.65,36,23466.88,2026-05-28,0.3359,0,0,ACTIVE
L702784,C102821,Auto Finance,639800.0,23.0,60,18036.8,2023-04-25,0.4374,0,0,CLOSED
L702785,C100425,Auto Finance,2437600.0,15.9,60,59149.15,2024-06-21,0.2693,1,0,ACTIVE
L702786,C103218,Home Finance,1981000.0,14.72,180,27346.32,2025-07-30,0.5501,0,0,ACTIVE
L702787,C106229,Personal Loan,1733900.0,17.16,36,61956.74,2023-02-01,0.632,0,0,CLOSED
L702788,C102018,Auto Finance,570200.0,18.32,60,14578.66,2026-02-16,0.5077,0,30,CLOSED
L702789,C111741,Auto Finance,770600.0,19.35,60,20138.85,2024-04-21,0.0472,0,0,ACTIVE
L702790,C106438,Home Finance,2750300.0,17.0,180,42326.59,2026-07-29,0.5091,0,0,CLOSED
L702791,C105500,Home Finance,497100.0,21.5,180,9286.27,2023-11-15,0.3148,0,45,ACTIVE
L702792,C109583,Auto Finance,594200.0,20.13,60,15785.54,2023-04-05,0.4362,2,45,ACTIVE
L702793,C102179,Credit Card,1216900.0,19.61,12,112500.22,2025-06-28,0.2596,1,303,DEFAULT
L702794,C109581,Personal Loan,973000.0,14.19,36,33343.77,2024-12-09,0.1777,0,0,ACTIVE
L702795,C106885,Credit Card,467400.0,19.19,12,43112.84,2025-07-11,0.8263,1,15,ACTIVE
L702796,C100273,Personal Loan,441000.0,21.25,36,16670.29,2023-10-23,0.1972,1,0,CLOSED
L702797,C107130,Auto Finance,506900.0,21.29,60,13796.59,2024-03-25,0.4523,1,0,ACTIVE
L702798,C106868,Auto Finance,732200.0,17.51,60,18399.19,2023-10-12,0.4477,0,0,ACTIVE
L702799,C104924,Personal Loan,579100.0,15.65,36,20260.77,2023-02-10,0.0,0,0,ACTIVE
L702800,C111405,Auto Finance,1802100.0,22.88,60,50678.28,2025-02-16,0.7166,0,15,CLOSED
L702801,C106083,Personal Loan,1029300.0,23.43,36,40076.43,2025-12-21,0.0267,0,0,ACTIVE
L702802,C101808,Personal Loan,86100.0,17.46,36,3089.51,2024-11-14,0.2547,0,7,ACTIVE
L702803,C111006,Personal Loan,602000.0,21.69,36,22893.0,2023-08-02,0.3895,0,45,ACTIVE
L702804,C107898,Credit Card,654900.0,18.38,12,60163.97,2025-01-28,0.1491,0,0,ACTIVE
L702805,C106279,Auto Finance,1578700.0,15.23,60,37747.55,2024-05-07,0.3534,0,15,ACTIVE
L702806,C109139,Auto Finance,209100.0,17.73,60,5279.73,2026-01-16,0.5341,2,0,ACTIVE
L702807,C104298,Auto Finance,705200.0,22.05,60,19495.72,2024-03-08,0.4417,2,128,DEFAULT
L702808,C105957,Credit Card,203500.0,20.98,12,18945.74,2027-07-29,0.7921,1,0,ACTIVE
L702809,C111129,Credit Card,627700.0,17.89,12,57510.77,2026-08-02,0.4463,0,0,CLOSED
L702810,C105675,Home Finance,760700.0,13.78,180,10018.0,2024-07-17,0.4698,0,0,ACTIVE
L702811,C111300,Credit Card,85400.0,21.19,12,7956.79,2027-01-22,0.0779,0,15,CLOSED
L702812,C110366,Auto Finance,5800900.0,17.82,60,146736.97,2022-07-21,0.6171,2,0,CLOSED
L702813,C106822,Personal Loan,512100.0,17.78,36,18455.63,2023-04-06,0.2085,0,0,ACTIVE
L702814,C101335,Personal Loan,238200.0,19.39,36,8780.16,2023-10-07,0.7372,0,0,ACTIVE
L702815,C107389,Personal Loan,697200.0,19.31,36,25667.4,2023-05-16,0.4921,0,0,ACTIVE
L702816,C102741,Auto Finance,1704000.0,16.36,60,41765.42,2023-06-28,0.1995,1,7,ACTIVE
L702817,C101659,Auto Finance,773900.0,19.33,60,20216.98,2026-05-31,0.2874,0,0,ACTIVE
L702818,C101145,Auto Finance,878000.0,24.57,60,25549.35,2023-05-19,0.3936,0,0,ACTIVE
L702819,C109197,Personal Loan,638200.0,18.78,36,23322.89,2024-05-15,0.0839,0,45,CLOSED
L702820,C103189,Auto Finance,138100.0,19.04,60,3584.43,2023-09-25,0.803,0,45,ACTIVE
L702821,C105496,Personal Loan,1627000.0,,36,61606.52,2024-08-19,0.9475,1,0,ACTIVE
L702822,C102114,Personal Loan,2441000.0,17.27,36,87357.38,2023-01-29,0.7799,0,0,CLOSED
L702823,C109053,Auto Finance,204600.0,23.06,60,5775.26,2025-05-05,0.8112,0,30,ACTIVE
L702824,C102423,Auto Finance,954600.0,20.24,60,25418.84,2025-05-19,0.1448,1,15,CLOSED
L702825,C107238,Personal Loan,1888500.0,23.02,36,73124.74,2026-05-24,0.2023,0,30,CLOSED
L702826,C108259,Auto Finance,797100.0,25.82,60,23782.06,2025-10-27,0.2411,2,7,ACTIVE
L702827,C102333,Home Finance,7118700.0,20.24,180,126288.87,2026-03-09,0.1025,0,0,ACTIVE
L702828,C108821,Auto Finance,1837700.0,26.46,60,55521.97,2023-09-10,0.5947,0,15,ACTIVE
L702829,C111435,Personal Loan,327200.0,16.5,36,11582.93,2024-10-31,0.353,0,0,ACTIVE
L702830,C101185,Credit Card,188500.0,18.62,12,17335.46,2024-01-07,0.0602,0,0,ACTIVE
L702831,C111226,Personal Loan,475900.0,22.29,36,18244.64,2025-04-30,0.4285,0,0,ACTIVE
L702832,C108968,Personal Loan,27200.0,25.88,36,1093.39,2024-07-07,0.2945,0,0,ACTIVE
L702833,C105327,Auto Finance,426700.0,21.75,60,11725.5,2024-06-11,0.8106,1,30,ACTIVE
L702834,C100811,Personal Loan,1422800.0,21.18,36,53735.54,2024-02-11,0.1884,1,45,CLOSED
L702835,C104788,Credit Card,130900.0,20.52,12,12159.24,2024-08-13,0.4746,0,0,ACTIVE
L702836,C109173,Personal Loan,1200100.0,23.18,36,46569.87,2023-07-12,0.5974,1,0,ACTIVE
L702837,C107659,Personal Loan,1317100.0,20.17,36,49061.27,2024-04-11,0.4307,1,0,ACTIVE
L702838,C108676,Personal Loan,1227000.0,18.07,36,44402.25,2023-05-14,0.3339,0,7,CLOSED
L702839,C110707,Auto Finance,497700.0,24.18,60,14371.01,2023-05-13,0.3853,0,0,ACTIVE
L702840,C107974,Personal Loan,166600.0,20.73,36,6253.47,2026-08-05,0.0092,0,0,ACTIVE
L702841,C110912,Credit Card,38700.0,21.35,12,3608.53,2025-11-26,0.3013,0,7,ACTIVE
L702842,C101611,Auto Finance,481600.0,21.73,60,13226.81,2026-05-01,0.2306,0,0,CLOSED
L702843,C100333,Auto Finance,988600.0,17.13,60,24637.41,2023-09-14,0.5961,1,45,ACTIVE
L702844,C109848,Auto Finance,1060600.0,18.51,60,27228.19,2022-10-30,0.3298,0,7,CLOSED
L702845,C111818,Personal Loan,358200.0,22.45,36,13761.93,2024-11-29,0.3956,0,0,ACTIVE
L702846,C111762,Credit Card,218000.0,18.34,12,20025.64,2025-07-30,0.1947,0,45,ACTIVE
L702847,C107179,Credit Card,120400.0,19.92,12,11152.83,2023-11-22,0.3751,0,0,ACTIVE
L702848,C103974,Auto Finance,840200.0,27.74,60,26029.03,2023-03-13,0.5877,0,45,CLOSED
L702849,C108166,Auto Finance,2133900.0,17.93,60,54104.74,2026-06-28,0.2019,1,166,DEFAULT
L702850,C108685,Credit Card,740700.0,16.64,12,67429.61,2023-10-24,0.5427,0,0,ACTIVE
L702851,C100118,Home Finance,643000.0,15.52,180,9230.07,2023-08-16,0.3701,1,0,ACTIVE
L702852,C106030,Auto Finance,204000.0,21.44,60,5569.4,2023-09-17,0.1792,0,45,ACTIVE
L702853,C108713,Personal Loan,1698900.0,15.29,36,59135.5,2023-08-11,0.4976,0,45,CLOSED
L702854,C104025,Personal Loan,1419100.0,,36,49962.68,2024-11-22,0.364,2,0,ACTIVE
L702855,C104419,Personal Loan,812900.0,,36,28262.1,2025-11-27,0.4171,1,0,CLOSED
L702856,C108732,Personal Loan,304700.0,17.59,36,10951.74,2024-11-26,0.7755,1,7,CLOSED
L702857,C102669,Auto Finance,719700.0,25.17,60,21195.78,2023-01-26,0.2753,2,0,ACTIVE
L702858,C101567,Auto Finance,981100.0,21.77,60,26969.27,2025-04-26,0.1694,0,7,ACTIVE
L702859,C106693,Personal Loan,77100.0,24.82,36,3057.59,2025-07-29,0.0779,0,15,CLOSED
L702860,C101902,Credit Card,246500.0,17.62,12,22555.05,2025-10-15,0.0916,0,0,ACTIVE
L702861,C102569,Personal Loan,608100.0,20.61,36,22789.1,2025-09-09,0.2281,0,45,CLOSED
L702862,C101285,Auto Finance,1485100.0,21.69,60,40756.74,2025-08-02,0.5648,0,30,CLOSED
L702863,C106049,Auto Finance,181600.0,21.12,60,4925.35,2024-08-25,0.4951,0,122,DEFAULT
L702864,C111816,Personal Loan,588700.0,15.8,36,20638.84,2025-09-17,0.1284,0,30,ACTIVE
L702865,C105420,Credit Card,172100.0,17.42,12,15732.33,2027-05-17,0.2155,0,0,ACTIVE
L702866,C103010,Personal Loan,569400.0,21.95,36,21732.38,2023-06-28,0.1728,2,218,DEFAULT
L702867,C107836,Personal Loan,1328100.0,21.17,36,50150.9,2024-04-16,0.4927,1,15,ACTIVE
L702868,C105255,Personal Loan,273700.0,16.55,36,9698.47,2026-01-28,0.2469,0,0,ACTIVE
L702869,C107913,Personal Loan,941100.0,21.78,36,35835.77,2025-08-23,0.8286,1,0,ACTIVE
L702870,C109991,Personal Loan,434000.0,17.5,36,15582.81,2026-11-02,0.1619,0,7,CLOSED
L702871,C108632,Auto Finance,237600.0,18.87,60,6146.59,2023-11-27,0.2745,1,7,CLOSED
L702872,C109151,Credit Card,168500.0,18.3,12,15471.23,2024-09-19,0.4701,0,7,ACTIVE
L702873,C106136,Personal Loan,1330200.0,21.17,36,50230.91,2026-07-09,0.2009,0,30,ACTIVE
L702874,C109728,Home Finance,2080600.0,22.74,180,40819.16,2024-06-18,0.7451,1,0,ACTIVE
L702875,C104176,Auto Finance,3279300.0,22.46,60,91431.1,2022-07-25,0.4408,0,0,ACTIVE
L702876,C111998,Credit Card,45800.0,23.33,12,4317.36,2026-01-25,0.5003,0,45,ACTIVE
L702877,C109858,Home Finance,1427900.0,24.74,180,30205.84,2024-09-30,0.1413,0,7,ACTIVE
L702878,C106469,Home Finance,4053400.0,20.16,180,71668.58,2023-01-02,0.3754,0,0,CLOSED
L702879,C102655,Credit Card,70700.0,22.67,12,6639.09,2024-05-20,0.4716,2,0,ACTIVE
L702880,C111604,Personal Loan,374800.0,15.67,36,13117.08,2024-06-06,0.4891,0,0,ACTIVE
L702881,C109211,Auto Finance,1284800.0,15.55,60,30937.54,2025-11-06,0.4202,0,15,ACTIVE
L702882,C111063,Credit Card,844800.0,18.24,12,77544.66,2025-03-09,0.6132,0,0,ACTIVE
L702883,C103000,Personal Loan,1103900.0,20.64,36,41386.52,2025-10-12,0.3455,0,0,ACTIVE
L702884,C101365,Credit Card,449400.0,23.3,12,42342.53,2025-03-08,0.5054,0,7,ACTIVE
L702885,C109962,Auto Finance,517300.0,16.76,60,12788.78,2026-03-20,0.3424,1,0,ACTIVE
L702886,C103406,Home Finance,921700.0,21.9,180,17495.95,2026-01-05,0.1874,0,15,CLOSED
L702887,C108656,Auto Finance,1862200.0,20.71,60,50074.8,2025-09-27,0.7478,0,0,ACTIVE
L702888,C109430,Credit Card,137700.0,19.44,12,12718.02,2025-05-12,0.3722,1,7,ACTIVE
L702889,C109690,Personal Loan,118400.0,17.5,36,4251.01,2024-04-18,0.8372,0,45,ACTIVE
L702890,C110454,Credit Card,275900.0,,12,25780.37,2025-04-04,0.2983,0,30,ACTIVE
L702891,C100793,Credit Card,143500.0,14.78,12,12940.84,2024-12-16,0.3565,1,30,ACTIVE
L702892,C100189,Personal Loan,373700.0,19.83,36,13857.21,2023-11-02,0.2188,0,45,ACTIVE
L702893,C100011,Personal Loan,578300.0,20.04,36,21505.1,2026-12-31,0.3104,0,30,ACTIVE
L702894,C111025,Credit Card,278400.0,20.05,12,25792.21,2024-04-12,0.0945,0,0,CLOSED
L702895,C101710,Home Finance,643400.0,24.37,180,13427.24,2026-12-19,0.496,0,0,ACTIVE
L702896,C109372,Auto Finance,1409600.0,27.35,60,43338.35,2024-05-15,0.8106,4,15,CLOSED
L702897,C104927,Credit Card,340600.0,16.96,12,31055.06,2025-11-18,0.0251,0,0,ACTIVE
L702898,C105022,Personal Loan,810100.0,18.15,36,29349.33,2024-03-14,0.4279,0,0,ACTIVE
L702899,C100565,Credit Card,164800.0,18.7,12,15160.84,2024-07-12,0.4144,0,7,ACTIVE
L702900,C110108,Credit Card,268600.0,18.54,12,24690.95,2023-07-23,0.5946,0,45,CLOSED
L702901,C110131,Home Finance,448600.0,20.28,180,7971.66,2022-12-11,0.1629,0,45,ACTIVE
L702902,C108489,Credit Card,951900.0,20.36,12,88346.13,2022-10-10,0.4359,0,0,ACTIVE
L702903,C109011,Personal Loan,193000.0,16.07,36,6792.21,2023-10-24,0.303,0,0,ACTIVE
L702904,C110226,Auto Finance,881400.0,24.33,60,25524.65,2026-05-05,0.6881,0,0,ACTIVE
L702905,C106461,Auto Finance,1102400.0,13.31,60,25258.17,2023-12-16,0.5962,1,0,ACTIVE
L702906,C109098,Auto Finance,671300.0,25.39,60,19857.93,2023-12-13,0.6903,0,0,CLOSED
L702907,C111532,Personal Loan,646500.0,19.68,36,23921.8,2024-11-05,0.403,1,0,CLOSED
L702908,C105253,Auto Finance,467700.0,18.02,60,11882.55,2023-08-10,0.0627,1,30,ACTIVE
L702909,C106808,Home Finance,2266900.0,21.49,180,42330.75,2024-08-18,0.619,0,0,ACTIVE
L702910,C111567,Home Finance,1355400.0,14.81,180,18794.14,2026-04-22,0.0042,0,30,ACTIVE
L702911,C102053,Credit Card,507500.0,22.86,12,47709.73,2024-10-25,0.0956,1,7,ACTIVE
L702912,C108961,Personal Loan,401200.0,17.64,36,14433.66,2027-05-26,0.039,0,45,ACTIVE
L702913,C102131,Credit Card,204400.0,23.03,12,19230.42,2026-07-28,0.3815,0,30,CLOSED
L702914,C100970,Credit Card,93600.0,21.41,12,8735.94,2024-09-20,0.6201,0,0,ACTIVE
L702915,C109538,Auto Finance,1413000.0,18.56,60,36313.9,2026-11-24,0.2424,0,0,ACTIVE
L702916,C103232,Credit Card,163900.0,19.91,12,15179.47,2026-02-02,0.1892,1,0,ACTIVE
L702917,C105517,Personal Loan,81700.0,19.45,36,3013.88,2026-05-28,0.3466,0,7,ACTIVE
L702918,C100051,Personal Loan,993600.0,19.08,36,36463.25,2023-11-23,0.576,0,15,ACTIVE
L702919,C100931,Auto Finance,368300.0,23.8,60,10553.56,2023-03-03,0.4834,0,0,CLOSED
L702920,C105702,Credit Card,150300.0,23.05,12,14144.52,2023-04-10,0.4277,0,0,CLOSED
L702921,C104311,Auto Finance,653900.0,16.13,60,15946.59,2023-08-27,0.0767,0,15,ACTIVE
L702922,C104121,Personal Loan,233800.0,25.97,36,9417.92,2022-09-23,0.5695,0,15,ACTIVE
L702923,C104813,Credit Card,43600.0,21.53,12,4068.09,2024-06-19,0.376,0,7,ACTIVE
L702924,C109900,Auto Finance,1492600.0,20.64,60,40078.52,2023-09-05,0.1226,1,15,ACTIVE
L702925,C109515,Home Finance,641400.0,16.58,180,9681.14,2024-07-04,0.1516,0,0,ACTIVE
L702926,C102956,Credit Card,917300.0,17.68,12,83962.6,2027-02-07,0.6406,1,30,ACTIVE
L702927,C109083,Personal Loan,693400.0,15.25,36,24121.55,2025-08-06,0.1864,2,30,ACTIVE
L702928,C106806,Credit Card,1620000.0,14.12,12,145542.65,2026-10-10,0.4916,1,223,DEFAULT
L702929,C100430,Auto Finance,916200.0,17.9,60,23215.55,2024-09-21,0.5175,0,0,ACTIVE
L702930,C111453,Auto Finance,247300.0,21.6,60,6774.99,2025-03-01,0.354,1,363,DEFAULT
L702931,C107993,Personal Loan,1118800.0,20.0,36,41577.21,2024-07-16,0.6243,1,45,CLOSED
L702932,C107730,Credit Card,376600.0,20.66,12,35004.79,2024-12-31,0.0646,0,0,ACTIVE
L702933,C105680,Personal Loan,419200.0,14.49,36,14427.06,2023-06-15,0.8151,0,0,ACTIVE
L702934,C105013,Credit Card,83500.0,22.51,12,7839.85,2023-11-16,0.1778,0,30,ACTIVE
L702935,C106752,Credit Card,146800.0,,12,13747.73,2027-01-13,0.3045,0,0,ACTIVE
L702936,C101515,Auto Finance,518200.0,22.11,60,14345.07,2022-05-26,0.2406,0,45,ACTIVE
L702937,C102820,Personal Loan,1259600.0,17.81,36,45417.78,2025-06-22,0.5365,0,0,ACTIVE
L702938,C109888,Personal Loan,344500.0,18.06,36,12464.59,2025-04-20,0.1603,0,0,ACTIVE
L702939,C100354,Personal Loan,3292600.0,21.97,36,125694.71,2025-04-18,0.4986,1,0,ACTIVE
L702940,C109758,Credit Card,368900.0,12.43,12,32849.78,2026-02-01,0.3111,0,0,ACTIVE
L702941,C101788,Credit Card,82400.0,21.25,12,7682.04,2022-06-05,0.4001,0,7,ACTIVE
L702942,C111021,Personal Loan,323400.0,20.06,36,12027.73,2023-07-26,0.5264,1,0,CLOSED
L702943,C108651,Personal Loan,465600.0,18.11,36,16857.28,2025-07-12,0.1414,0,0,ACTIVE
L702944,C106097,Personal Loan,362000.0,22.72,36,13961.35,2024-01-08,0.0788,0,0,ACTIVE
L702945,C101106,Home Finance,274600.0,24.03,180,5657.85,2024-02-07,0.1679,0,15,ACTIVE
L702946,C102764,Personal Loan,684600.0,,36,25459.04,2022-08-20,0.4249,0,0,ACTIVE
L702947,C106745,Credit Card,780700.0,,12,71411.77,2023-11-14,0.1743,0,15,CLOSED
L702948,C103955,Auto Finance,248700.0,18.59,60,6396.58,2025-01-26,0.5571,0,0,ACTIVE
L702949,C102178,Personal Loan,363900.0,23.13,36,14112.1,2025-04-01,0.0948,1,0,ACTIVE
L702950,C110814,Personal Loan,612900.0,25.24,36,24448.13,2025-10-20,0.1306,0,0,ACTIVE
L702951,C100679,Auto Finance,1204600.0,21.7,60,33063.76,2024-10-19,0.3108,0,45,ACTIVE
L702952,C102065,Personal Loan,1530700.0,,36,52896.68,2025-07-28,0.3128,2,30,ACTIVE
L702953,C108184,Credit Card,850400.0,21.38,12,79342.44,2023-09-16,0.6552,0,0,ACTIVE
L702954,C111554,Personal Loan,1751900.0,12.6,36,58690.35,2025-02-15,0.2563,0,30,ACTIVE
L702955,C105147,Home Finance,1213800.0,20.48,180,21749.06,2024-02-10,0.3887,1,0,ACTIVE
L702956,C107305,Home Finance,819900.0,15.89,180,11978.49,2023-09-05,0.2127,0,45,ACTIVE
L702957,C102257,Credit Card,161500.0,23.51,12,15230.32,2026-02-04,0.0925,0,0,ACTIVE
L702958,C100469,Credit Card,854700.0,21.45,12,79766.23,2027-01-10,0.9027,0,0,ACTIVE
L702959,C106405,Auto Finance,281900.0,22.4,60,7851.13,2025-01-18,0.8619,1,30,CLOSED
L702960,C109640,Credit Card,132400.0,25.43,12,12612.69,2025-12-20,0.7163,0,0,ACTIVE
L702961,C102763,Auto Finance,163700.0,17.55,60,4116.39,2024-01-14,0.3598,0,0,ACTIVE
L702962,C106634,Auto Finance,1768900.0,19.28,60,46160.19,2026-12-24,0.0463,0,7,CLOSED
L702963,C108899,Credit Card,238800.0,24.52,12,22643.84,2024-04-02,0.4051,1,0,ACTIVE
L702964,C107134,Personal Loan,412400.0,26.46,36,16715.72,2023-06-25,0.2318,1,176,DEFAULT
L702965,C108962,Personal Loan,140000.0,18.39,36,5087.86,2025-11-08,0.4673,0,7,ACTIVE
L702966,C110548,Personal Loan,306000.0,19.52,36,11295.56,2024-04-18,0.3442,0,0,ACTIVE
L702967,C105581,Credit Card,1817600.0,20.33,12,168659.56,2025-11-21,0.4736,0,15,ACTIVE
L702968,C104347,Home Finance,3282100.0,21.42,180,61115.38,2025-03-06,0.3806,0,30,ACTIVE
L702969,C100537,Home Finance,2943000.0,20.28,180,52297.33,2027-05-29,0.8383,1,0,ACTIVE
L702970,C109616,Personal Loan,893000.0,22.81,36,34481.04,2026-06-19,0.5469,0,0,ACTIVE
L702971,C100985,Credit Card,158500.0,20.35,12,14707.98,2022-08-19,0.3442,0,0,CLOSED
L702972,C101004,Home Finance,3454600.0,17.84,180,55235.66,2024-10-20,0.1892,0,30,ACTIVE
L702973,C108897,Auto Finance,625300.0,20.2,60,16636.74,2024-04-17,0.6486,1,0,CLOSED
L702974,C105950,Credit Card,894000.0,19.05,12,82409.08,2025-08-23,0.2468,3,45,ACTIVE
L702975,C111086,Personal Loan,1802400.0,19.88,36,66871.83,2025-08-31,0.2598,1,15,ACTIVE
L702976,C102467,Credit Card,86200.0,18.02,12,7900.31,2025-08-15,0.1393,0,0,CLOSED
L702977,C106952,Personal Loan,1086100.0,16.56,36,38485.29,2027-01-04,0.2457,1,0,ACTIVE
L702978,C101927,Personal Loan,925200.0,17.36,36,33151.46,2024-04-15,0.3655,0,15,ACTIVE
L702979,C108782,Personal Loan,850000.0,20.27,36,31706.45,2025-04-21,0.559,1,246,DEFAULT
L702980,C108113,Personal Loan,477600.0,,36,17029.21,2026-03-16,0.5712,0,45,ACTIVE
L702981,C103149,Credit Card,319800.0,20.23,12,29662.41,2026-02-06,0.5265,0,0,ACTIVE
L702982,C107826,Personal Loan,228700.0,,36,8671.19,2024-12-20,0.4086,1,0,CLOSED
L702983,C105810,Personal Loan,547900.0,20.84,36,20596.25,2026-04-22,0.2351,1,45,ACTIVE
L702984,C108220,Credit Card,1114200.0,20.67,12,103571.19,2026-10-29,0.2916,0,15,ACTIVE
L702985,C104020,Auto Finance,1764600.0,24.54,60,51318.57,2024-06-12,0.3419,0,45,ACTIVE
L702986,C105900,Personal Loan,684700.0,21.5,36,25973.92,2025-09-20,0.3163,1,15,CLOSED
L702987,C110577,Auto Finance,516800.0,20.65,60,13879.9,2027-04-08,0.7871,1,30,ACTIVE
L702988,C104915,Auto Finance,1519700.0,21.5,60,41540.24,2024-09-09,0.3128,0,30,ACTIVE
L702989,C106875,Credit Card,275000.0,17.48,12,25146.6,2026-09-02,0.5042,0,374,DEFAULT
L702990,C107942,Personal Loan,579200.0,20.71,36,21735.78,2023-10-09,0.6941,0,0,ACTIVE
L702991,C110620,Auto Finance,473100.0,20.75,60,12731.93,2023-04-04,0.3911,1,15,ACTIVE
L702992,C100152,Auto Finance,1132500.0,17.04,60,28168.97,2024-03-13,0.2328,0,45,ACTIVE
L702993,C111847,Personal Loan,468600.0,18.11,36,16966.84,2023-09-01,0.4124,1,0,ACTIVE
L702994,C104795,Auto Finance,86900.0,13.99,60,2021.11,2025-03-21,0.5942,0,15,CLOSED
L702995,C111359,Personal Loan,303800.0,12.43,36,10153.18,2024-08-07,0.6588,0,7,CLOSED
L702996,C111382,Personal Loan,287300.0,20.58,36,10762.07,2024-05-15,0.0,0,15,ACTIVE
L702997,C111204,Auto Finance,2802100.0,20.07,60,74348.01,2025-09-18,0.5705,1,45,ACTIVE
L702998,C108861,Personal Loan,319700.0,19.37,36,11778.33,2023-01-04,0.3656,0,0,CLOSED
L702999,C104127,Credit Card,360500.0,15.44,12,32608.62,2024-12-10,0.3748,0,0,ACTIVE
L703000,C107383,Personal Loan,626600.0,20.22,36,23358.55,2025-02-28,0.3922,1,30,ACTIVE
L703001,C108092,Auto Finance,639400.0,19.43,60,16737.27,2024-10-28,0.3432,0,15,ACTIVE
L703002,C106858,Auto Finance,1985400.0,22.74,60,55674.33,2024-03-25,0.6226,0,30,ACTIVE
L703003,C106817,Auto Finance,616000.0,,60,17925.09,2025-12-07,0.1275,0,0,ACTIVE
L703004,C103290,Auto Finance,380800.0,24.46,60,11057.62,2024-11-05,0.4168,1,30,ACTIVE
L703005,C106046,Personal Loan,1309500.0,21.1,36,49402.62,2024-03-07,0.5058,1,30,ACTIVE
L703006,C108301,Personal Loan,649000.0,22.95,36,25104.6,2026-05-17,0.6482,2,30,ACTIVE
L703007,C105277,Personal Loan,809600.0,18.3,36,29389.93,2024-05-12,0.4993,0,0,ACTIVE
L703008,C110058,Auto Finance,706000.0,19.21,60,18394.98,2023-07-12,0.342,0,0,ACTIVE
L703009,C105038,Home Finance,752500.0,17.54,180,11870.95,2024-05-26,0.3292,0,45,ACTIVE
L703010,C109909,Personal Loan,746200.0,25.1,36,29708.26,2024-02-12,0.1985,1,45,ACTIVE
L703011,C105191,Personal Loan,588300.0,,36,22747.13,2025-01-30,0.076,0,30,CLOSED
L703012,C110694,Personal Loan,256100.0,19.26,36,9422.43,2026-06-03,0.2276,1,15,ACTIVE
L703013,C107623,Auto Finance,962600.0,18.77,60,24848.82,2025-10-24,0.1793,1,0,ACTIVE
L703014,C103663,Credit Card,191200.0,23.04,12,17990.4,2024-07-17,0.3724,1,0,ACTIVE
L703015,C110964,Personal Loan,598900.0,22.68,36,23084.91,2027-05-02,0.1946,0,45,ACTIVE
L703016,C108378,Auto Finance,744500.0,11.77,60,16474.01,2023-09-24,0.2732,0,0,ACTIVE
L703017,C110085,Credit Card,212500.0,21.61,12,19852.22,2024-12-25,0.2388,0,45,ACTIVE
L703018,C100436,Home Finance,1142700.0,23.85,180,23388.28,2024-09-12,0.2556,1,30,ACTIVE
L703019,C109956,Home Finance,1321500.0,22.7,180,25886.33,2026-05-18,0.2512,0,7,ACTIVE
L703020,C103258,Credit Card,125100.0,19.08,12,11530.2,2025-01-05,0.1521,0,30,ACTIVE
L703021,C102175,Personal Loan,1134100.0,22.71,36,43727.94,2025-08-25,0.2148,2,7,CLOSED
L703022,C100796,Credit Card,31300.0,20.92,12,2911.41,2026-04-17,0.5709,1,45,ACTIVE
L703023,C105555,Credit Card,150300.0,16.17,12,13646.12,2022-11-17,0.2845,0,0,ACTIVE
L703024,C109432,Auto Finance,1593300.0,19.29,60,41584.73,2026-01-02,0.2751,0,45,ACTIVE
L703025,C105235,Home Finance,1037600.0,23.39,180,20870.5,2025-05-17,0.2903,0,30,CLOSED
L703026,C101610,Auto Finance,611900.0,21.13,60,16597.97,2025-08-15,0.5237,0,30,ACTIVE
L703027,C102553,Personal Loan,1436400.0,20.07,36,53434.07,2025-12-28,0.4528,0,30,CLOSED
L703028,C106559,Personal Loan,949300.0,19.18,36,34883.63,2027-04-27,0.2861,0,15,CLOSED
L703029,C102770,Personal Loan,379200.0,18.19,36,13746.64,2024-08-31,0.1063,0,7,ACTIVE
L703030,C106382,Personal Loan,1465900.0,21.25,36,55416.73,2026-09-26,0.4331,0,0,CLOSED
L703031,C105905,Auto Finance,1625700.0,18.55,60,41769.28,2024-07-24,0.7356,0,15,ACTIVE
L703032,C109549,Credit Card,190900.0,21.38,12,17812.62,2027-03-21,0.3331,0,0,CLOSED
L703033,C111499,Credit Card,69300.0,17.26,12,6332.32,2025-12-27,0.1908,0,15,CLOSED
L703034,C106391,Personal Loan,704700.0,25.49,36,28203.0,2024-06-24,0.1913,0,15,ACTIVE
L703035,C108380,Auto Finance,162700.0,26.46,60,4915.96,2023-09-09,0.3457,0,30,ACTIVE
L703036,C102204,Personal Loan,1045000.0,17.23,36,37378.41,2023-06-29,0.3468,0,45,ACTIVE
L703037,C103969,Auto Finance,1578200.0,22.36,60,43910.98,2027-05-01,0.2606,1,7,ACTIVE
L703038,C100461,Personal Loan,995100.0,,36,36490.62,2024-02-12,0.3824,1,0,ACTIVE
L703039,C100551,Personal Loan,227000.0,20.55,36,8501.29,2027-02-17,0.2375,0,301,DEFAULT
L703040,C107088,Credit Card,424900.0,19.58,12,39270.97,2025-11-08,0.6887,0,0,ACTIVE
L703041,C106829,Personal Loan,850700.0,,36,32925.64,2025-01-12,0.1206,0,0,ACTIVE
L703042,C109460,Auto Finance,421300.0,26.26,60,12677.88,2022-11-05,0.5289,0,45,ACTIVE
L703043,C107918,Credit Card,839100.0,21.72,12,78418.38,2025-05-31,0.2749,0,151,DEFAULT
L703044,C100014,Personal Loan,313200.0,19.65,36,11585.37,2026-08-28,0.1654,0,0,ACTIVE
L703045,C104030,Personal Loan,503100.0,18.6,36,18341.26,2023-01-25,0.5131,0,15,ACTIVE
L703046,C102097,Personal Loan,707200.0,,36,26036.43,2025-09-16,0.4398,1,45,CLOSED
L703047,C109407,Home Finance,1523300.0,15.57,180,21917.4,2024-01-28,0.4046,1,0,CLOSED
L703048,C111916,Auto Finance,564600.0,19.76,60,14882.36,2024-03-03,0.6654,0,15,ACTIVE
L703049,C108521,Personal Loan,353900.0,23.64,36,13816.47,2024-02-08,0.4259,1,30,ACTIVE
L703050,C111481,Credit Card,443600.0,24.36,12,42022.09,2023-08-18,0.4805,0,0,ACTIVE
L703051,C105372,Credit Card,290800.0,20.96,12,27072.06,2026-07-27,0.385,0,45,ACTIVE
L703052,C107907,Home Finance,1382800.0,24.48,180,28972.73,2026-07-10,0.3855,0,15,CLOSED
L703053,C101928,Personal Loan,615300.0,21.57,36,23362.95,2023-06-06,0.3542,0,15,ACTIVE
L703054,C107935,Personal Loan,742600.0,19.29,36,27329.2,2025-05-10,0.0824,0,0,ACTIVE
L703055,C111136,Credit Card,123100.0,24.16,12,11645.5,2023-01-30,0.1777,0,15,ACTIVE
L703056,C109363,Personal Loan,642600.0,16.7,36,22814.91,2027-05-25,0.3799,0,0,CLOSED
L703057,C100105,Credit Card,70800.0,20.07,12,6559.43,2027-04-21,0.2861,0,0,ACTIVE
L703058,C100026,Personal Loan,695200.0,16.35,36,24562.62,2023-08-30,0.2071,0,0,CLOSED
L703059,C105548,Auto Finance,510000.0,24.3,60,14759.7,2024-07-24,0.2517,0,45,ACTIVE
L703060,C104534,Personal Loan,810100.0,15.91,36,28444.23,2024-06-07,0.7202,0,0,ACTIVE
L703061,C104922,Personal Loan,356800.0,13.85,36,12168.35,2026-05-10,0.7523,1,30,ACTIVE
L703062,C104368,Credit Card,347400.0,21.21,12,32385.46,2023-11-29,0.5137,0,7,ACTIVE
L703063,C101218,Personal Loan,109100.0,17.77,36,3931.51,2027-05-09,0.6674,0,45,ACTIVE
L703064,C101301,Home Finance,917800.0,18.89,180,15371.61,2024-10-24,0.1267,1,0,CLOSED
L703065,C100361,Home Finance,2184000.0,23.85,180,44700.3,2024-02-22,0.4871,0,15,ACTIVE
L703066,C106583,Personal Loan,337700.0,15.73,36,11828.25,2023-02-23,0.3372,0,0,ACTIVE
L703067,C108775,Credit Card,43500.0,17.02,12,3964.26,2026-04-05,0.1334,0,30,CLOSED
L703068,C103457,Credit Card,263100.0,17.25,12,24025.7,2024-01-04,0.2258,0,45,ACTIVE
L703069,C100488,Credit Card,362400.0,16.93,12,33036.12,2022-12-27,0.2849,0,0,ACTIVE
L703070,C106392,Auto Finance,1742300.0,24.0,60,50123.65,2023-02-06,0.5177,0,0,ACTIVE
L703071,C100523,Auto Finance,564100.0,19.95,60,14929.31,2026-08-09,0.1361,1,30,CLOSED
L703072,C109573,Auto Finance,1013200.0,17.9,60,25674.59,2023-08-03,0.438,0,7,ACTIVE
L703073,C108240,Personal Loan,664800.0,22.24,36,25469.73,2026-01-05,0.6135,1,0,CLOSED
L703074,C107485,Personal Loan,193700.0,16.17,36,6825.92,2022-12-19,0.1743,1,15,ACTIVE
L703075,C106757,Auto Finance,878100.0,22.94,60,24722.39,2025-09-21,0.2497,1,15,ACTIVE
L703076,C104621,Personal Loan,991200.0,26.81,36,40365.27,2025-11-26,0.5422,0,0,ACTIVE
L703077,C107262,Credit Card,308800.0,20.02,12,28611.37,2026-05-29,0.062,0,337,DEFAULT
L703078,C110451,Personal Loan,120300.0,19.4,36,4433.54,2025-06-01,0.2937,0,15,ACTIVE
L703079,C103287,Credit Card,353600.0,20.23,12,32798.39,2025-05-15,0.2829,0,30,CLOSED
L703080,C105563,Personal Loan,550000.0,20.51,36,20581.53,2023-12-28,0.188,1,0,ACTIVE
L703081,C103515,Auto Finance,1406400.0,19.02,60,36498.6,2026-03-24,0.3128,0,0,ACTIVE
L703082,C105005,Auto Finance,644600.0,18.12,60,16409.93,2023-06-19,0.489,1,7,ACTIVE
L703083,C109270,Credit Card,100400.0,18.43,12,9225.67,2025-03-12,0.4388,0,7,ACTIVE
L703084,C110849,Personal Loan,333200.0,12.92,36,11214.33,2024-07-13,0.1508,0,30,ACTIVE
L703085,C101207,Personal Loan,1188600.0,18.62,36,43342.09,2026-06-23,0.3674,1,45,CLOSED
L703086,C101210,Credit Card,313700.0,15.84,12,28441.66,2025-08-05,0.8078,0,122,DEFAULT
L703087,C110308,Personal Loan,990700.0,16.34,36,34995.06,2025-10-01,0.0654,0,0,ACTIVE
L703088,C105141,Auto Finance,166600.0,23.05,60,4700.92,2026-10-19,0.3037,0,45,ACTIVE
L703089,C104483,Auto Finance,266300.0,19.43,60,6971.16,2022-12-14,0.6895,0,297,DEFAULT
L703090,C109226,Home Finance,1099400.0,23.18,180,21937.27,2026-09-18,0.4613,0,0,ACTIVE
L703091,C103776,Personal Loan,1487200.0,24.29,36,58574.07,2023-06-17,0.638,0,7,ACTIVE
L703092,C100787,Home Finance,1642700.0,15.8,180,23898.16,2024-09-09,0.5875,0,7,ACTIVE
L703093,C106470,Home Finance,599200.0,20.0,180,10524.06,2022-07-23,0.5877,2,0,ACTIVE
L703094,C108452,Personal Loan,1282600.0,9.15,36,40876.88,2024-09-23,0.2692,3,15,ACTIVE
L703095,C109082,Personal Loan,562400.0,19.85,36,20859.11,2026-01-08,0.2067,0,170,DEFAULT
L703096,C110406,Personal Loan,257600.0,24.17,36,10128.74,2026-03-14,0.3623,0,45,ACTIVE
L703097,C101835,Home Finance,1011300.0,23.99,180,20808.34,2024-04-02,0.3612,0,0,ACTIVE
L703098,C101533,Credit Card,857800.0,19.19,12,79133.85,2022-10-13,0.5657,0,0,ACTIVE
L703099,C102917,Home Finance,2253100.0,23.25,180,45079.17,2026-02-20,0.3797,0,45,ACTIVE
L703100,C107210,Personal Loan,99800.0,17.93,36,3605.0,2026-08-26,0.6559,0,45,ACTIVE
L703101,C108766,Auto Finance,2468200.0,22.03,60,68209.78,2024-01-04,0.6665,0,0,CLOSED
L703102,C111213,Credit Card,772900.0,14.94,12,69734.46,2024-08-13,0.7227,0,30,ACTIVE
L703103,C104037,Auto Finance,911200.0,27.72,60,28218.55,2023-08-17,0.5255,1,45,ACTIVE
L703104,C103115,Personal Loan,1254500.0,21.72,36,47729.59,2024-11-04,0.5771,0,45,ACTIVE
L703105,C100769,Personal Loan,573500.0,22.53,36,22060.01,2023-02-19,0.3081,0,0,ACTIVE
L703106,C104792,Home Finance,2162300.0,19.84,180,37720.21,2024-07-28,0.4196,0,7,ACTIVE
L703107,C103855,Auto Finance,190000.0,19.77,60,5008.7,2024-02-25,0.5026,0,45,ACTIVE
L703108,C105719,Credit Card,49500.0,17.55,12,4529.25,2026-10-25,0.6336,0,0,ACTIVE
L703109,C104174,Credit Card,319400.0,20.64,12,29681.55,2024-04-17,0.5488,0,7,CLOSED
L703110,C109642,Auto Finance,1238900.0,19.15,60,32240.62,2023-09-21,0.0594,0,224,DEFAULT
L703111,C105192,Credit Card,310900.0,15.95,12,28202.06,2027-06-12,0.3412,0,45,ACTIVE
L703112,C108668,Auto Finance,1600400.0,20.12,60,42507.35,2024-02-11,0.1722,0,0,CLOSED
L703113,C102346,Personal Loan,743700.0,19.61,36,27491.05,2024-05-30,0.6658,0,0,ACTIVE
L703114,C102804,Auto Finance,1533800.0,23.13,60,43353.39,2023-09-20,0.2648,0,7,ACTIVE
L703115,C100749,Credit Card,485100.0,,12,44685.18,2026-09-10,0.2784,0,15,ACTIVE
L703116,C100415,Credit Card,25400.0,16.03,12,2303.91,2025-02-21,0.5495,0,0,ACTIVE
L703117,C111022,Auto Finance,903700.0,15.75,60,21855.82,2025-08-05,0.3709,0,0,ACTIVE
L703118,C106590,Credit Card,65700.0,21.33,12,6129.93,2024-01-28,0.5517,0,45,ACTIVE
L703119,C105815,Auto Finance,1373500.0,18.12,60,34968.85,2025-12-22,0.6809,0,45,CLOSED
L703120,C107952,Credit Card,194400.0,14.29,12,17483.88,2024-03-09,0.0645,0,30,ACTIVE
L703121,C104498,Auto Finance,955000.0,25.49,60,28305.29,2026-04-20,0.254,0,15,ACTIVE
L703122,C109537,Auto Finance,982600.0,14.94,60,23343.93,2022-04-23,0.6295,0,7,ACTIVE
L703123,C107421,Auto Finance,4056900.0,18.55,60,104236.33,2025-03-09,0.6853,1,0,ACTIVE
L703124,C101015,Credit Card,334800.0,17.5,12,30612.22,2023-01-17,0.2993,0,0,ACTIVE
L703125,C108848,Credit Card,333700.0,14.95,12,30114.24,2024-04-08,0.3222,1,15,ACTIVE
L703126,C109696,Home Finance,701800.0,19.74,180,12191.67,2024-02-22,0.1508,0,0,CLOSED
L703127,C107078,Auto Finance,468700.0,25.83,60,13984.84,2026-07-06,0.4406,0,0,ACTIVE
L703128,C106317,Credit Card,186500.0,19.17,12,17199.84,2025-07-01,0.2937,0,45,ACTIVE
L703129,C108021,Home Finance,2389600.0,,180,47353.39,2026-08-12,0.7921,1,7,CLOSED
L703130,C103374,Credit Card,20300.0,18.97,12,1871.29,2027-01-30,0.3291,0,7,ACTIVE
L703131,C108925,Personal Loan,958100.0,16.06,36,33712.89,2025-03-27,0.6004,0,15,ACTIVE
L703132,C105979,Personal Loan,557700.0,18.8,36,20386.99,2025-03-27,0.5951,0,0,ACTIVE
L703133,C109281,Credit Card,260200.0,17.92,12,23846.12,2023-05-11,0.2683,0,0,ACTIVE
L703134,C108269,Personal Loan,2089700.0,18.0,36,75547.15,2025-05-05,0.306,1,7,ACTIVE
L703135,C103031,Personal Loan,1749600.0,18.81,36,63964.48,2023-04-03,0.3863,1,15,ACTIVE
L703136,C110518,Personal Loan,670200.0,19.15,36,24616.41,2025-10-19,0.6232,2,96,DEFAULT
L703137,C105301,Credit Card,125000.0,19.79,12,11562.37,2024-03-10,0.7467,1,0,CLOSED
L703138,C103539,Personal Loan,246700.0,14.88,36,8538.56,2024-04-05,0.1477,0,0,CLOSED
L703139,C108629,Personal Loan,849100.0,21.08,36,32024.1,2022-07-20,0.3747,0,0,CLOSED
L703140,C105830,Credit Card,512100.0,20.56,12,47575.89,2025-11-17,0.7405,0,30,ACTIVE
L703141,C109129,Credit Card,464900.0,13.01,12,41525.48,2023-08-20,0.2164,1,45,ACTIVE
L703142,C103773,Personal Loan,244100.0,17.09,36,8715.52,2025-04-20,0.6465,0,0,ACTIVE
L703143,C108814,Personal Loan,665900.0,19.88,36,24706.27,2023-07-04,0.3449,0,45,ACTIVE
L703144,C100357,Credit Card,249300.0,11.53,12,22091.69,2022-10-04,0.2927,2,45,ACTIVE
L703145,C101699,Personal Loan,366700.0,,36,13500.36,2023-12-20,0.0382,1,30,CLOSED
L703146,C109949,Personal Loan,43300.0,24.58,36,1711.47,2023-07-03,0.6692,1,269,DEFAULT
L703147,C102668,Auto Finance,563000.0,19.73,60,14832.02,2024-06-04,0.4732,0,15,ACTIVE
L703148,C103242,Credit Card,292400.0,18.37,12,26859.26,2024-04-29,0.0872,2,0,CLOSED
L703149,C105330,Personal Loan,1081500.0,20.84,36,40656.84,2024-11-25,0.3144,1,0,ACTIVE
L703150,C104152,Home Finance,708600.0,22.07,180,13541.83,2022-07-26,0.4597,0,45,ACTIVE
L703151,C103966,Home Finance,450200.0,16.94,180,6909.45,2025-05-24,0.4784,0,45,ACTIVE
L703152,C101905,Personal Loan,1847900.0,16.66,36,65571.04,2024-03-13,0.6979,1,45,ACTIVE
L703153,C100747,Auto Finance,1055800.0,25.66,60,31398.7,2023-10-06,0.112,1,30,ACTIVE
L703154,C108904,Personal Loan,842800.0,25.14,36,33570.11,2023-11-07,0.1394,0,0,ACTIVE
L703155,C100073,Credit Card,80400.0,21.9,12,7522.37,2024-07-14,0.6046,0,45,ACTIVE
L703156,C111887,Home Finance,143200.0,21.58,180,2683.07,2027-02-10,0.5763,0,30,CLOSED
L703157,C108860,Auto Finance,320200.0,,60,9356.62,2025-05-08,0.0719,0,15,CLOSED
L703158,C108636,Personal Loan,488600.0,,36,17866.39,2024-03-01,0.676,0,0,CLOSED
L703159,C106384,Auto Finance,212200.0,20.73,60,5709.13,2025-08-10,0.7182,0,15,ACTIVE
L703160,C100586,Home Finance,193600.0,,180,3543.08,2024-08-27,0.2063,1,0,CLOSED
L703161,C101842,Auto Finance,524500.0,19.51,60,13752.42,2026-03-24,0.4854,0,45,ACTIVE
L703162,C100389,Home Finance,1599100.0,15.97,180,23453.12,2023-12-27,0.4973,0,112,DEFAULT
L703163,C103677,Auto Finance,300800.0,20.24,60,8009.31,2022-11-25,0.2325,0,0,ACTIVE
L703164,C104248,Auto Finance,953500.0,15.34,60,22853.6,2023-05-03,0.6456,0,15,ACTIVE
L703165,C109109,Credit Card,271300.0,18.64,12,24959.75,2025-04-10,0.2398,3,15,ACTIVE
L703166,C102446,Auto Finance,1081400.0,25.23,60,31887.5,2024-09-27,0.6035,0,0,ACTIVE
L703167,C102715,Personal Loan,941600.0,18.12,36,34098.11,2025-10-06,0.4684,3,7,ACTIVE
L703168,C105946,Credit Card,574300.0,21.9,12,53727.49,2024-10-09,0.5362,1,328,DEFAULT
L703169,C101165,Home Finance,2258800.0,22.29,180,43543.67,2024-12-17,0.4986,0,0,ACTIVE
L703170,C105758,Personal Loan,348000.0,20.77,36,13068.86,2022-09-11,0.0837,0,30,ACTIVE
L703171,C104414,Personal Loan,180800.0,18.13,36,6549.14,2024-02-15,0.3835,0,30,CLOSED
L703172,C102083,Credit Card,352800.0,17.53,12,32265.0,2025-05-04,0.2321,1,0,CLOSED
L703173,C109831,Personal Loan,2054900.0,18.71,36,75021.91,2023-08-27,0.3757,0,0,CLOSED
L703174,C103459,Home Finance,1681700.0,,180,30232.99,2024-01-29,0.3591,0,0,CLOSED
L703175,C103520,Credit Card,152600.0,,12,14155.02,2024-09-05,0.1155,0,30,ACTIVE
L703176,C100999,Credit Card,243500.0,18.94,12,22435.15,2022-07-10,0.175,1,211,DEFAULT
L703177,C108742,Auto Finance,291400.0,20.52,60,7803.98,2022-06-21,0.7203,0,15,ACTIVE
L703178,C107701,Auto Finance,1781700.0,21.87,60,49076.25,2024-01-05,0.307,0,7,ACTIVE
L703179,C110112,Credit Card,395600.0,20.48,12,36735.01,2026-10-08,0.4081,0,45,ACTIVE
L703180,C109056,Home Finance,2909600.0,,180,44407.74,2024-08-27,0.5007,0,0,ACTIVE
L703181,C104824,Home Finance,1098200.0,22.84,180,21627.79,2027-08-26,0.4089,0,15,CLOSED
L703182,C105779,Auto Finance,1785600.0,12.68,60,40335.33,2026-10-16,0.4066,1,15,ACTIVE
L703183,C106967,Personal Loan,427400.0,20.59,36,16012.06,2026-02-23,0.3498,0,0,CLOSED
L703184,C103543,Auto Finance,1364300.0,17.26,60,34098.34,2025-01-17,0.1388,0,0,ACTIVE
L703185,C101308,Personal Loan,859900.0,,36,32638.56,2026-11-19,0.1356,0,226,DEFAULT
L703186,C106764,Personal Loan,1956300.0,19.07,36,71778.46,2026-03-19,0.5744,0,7,ACTIVE
L703187,C105265,Auto Finance,861500.0,22.62,60,24097.42,2024-11-03,0.8115,0,15,ACTIVE
L703188,C105173,Personal Loan,848000.0,21.21,36,32039.2,2025-06-10,0.3097,0,7,ACTIVE
L703189,C111961,Auto Finance,5446300.0,19.27,60,142090.95,2025-07-02,0.5797,0,0,ACTIVE
L703190,C101853,Personal Loan,1171900.0,14.58,36,40382.59,2025-11-30,0.1821,0,0,CLOSED
L703191,C105986,Auto Finance,596600.0,19.94,60,15785.48,2025-10-02,0.238,0,15,ACTIVE
L703192,C109692,Auto Finance,87700.0,20.73,60,2359.74,2025-09-14,0.2306,0,0,ACTIVE
L703193,C104079,Credit Card,158900.0,17.18,12,14504.41,2024-03-17,0.0811,1,7,ACTIVE
L703194,C108923,Auto Finance,1916300.0,13.52,60,44113.81,2024-04-14,0.3186,0,30,ACTIVE
L703195,C109258,Personal Loan,157200.0,19.78,36,5825.98,2025-06-12,0.4041,0,0,CLOSED
L703196,C108072,Personal Loan,381600.0,18.35,36,13862.82,2022-12-09,0.2297,0,30,ACTIVE
L703197,C100451,Personal Loan,1847400.0,17.91,36,66705.72,2022-11-06,0.1754,0,0,ACTIVE
L703198,C106799,Home Finance,4826400.0,16.38,180,72168.45,2024-07-12,0.1841,1,0,ACTIVE
L703199,C103556,Auto Finance,1453300.0,17.83,60,36769.62,2024-06-09,0.3224,0,0,ACTIVE
L703200,C103682,Credit Card,419600.0,27.18,12,40325.27,2025-12-10,0.278,0,0,ACTIVE
L703201,C108881,Auto Finance,878300.0,17.17,60,21907.71,2025-08-30,0.3314,0,15,CLOSED
L703202,C108002,Home Finance,1666700.0,15.06,180,23395.1,2027-05-20,0.3235,0,0,ACTIVE
L703203,C104741,Home Finance,334900.0,20.59,180,6028.65,2023-01-12,0.5116,0,0,ACTIVE
L703204,C102393,Auto Finance,3191900.0,22.52,60,89103.0,2023-01-09,0.5228,0,0,ACTIVE
L703205,C111067,Personal Loan,733200.0,25.19,36,29225.2,2023-09-23,0.3531,3,0,ACTIVE
L703206,C105832,Auto Finance,657700.0,14.52,60,15481.96,2027-03-13,0.6543,0,7,ACTIVE
L703207,C106835,Personal Loan,1713600.0,17.74,36,61727.17,2025-07-08,0.2902,0,0,ACTIVE
L703208,C109866,Home Finance,1849900.0,19.34,180,31591.64,2027-04-03,0.4393,0,30,ACTIVE
L703209,C109667,Credit Card,98600.0,12.08,12,8767.2,2024-02-18,0.5055,0,0,ACTIVE
L703210,C109319,Personal Loan,476300.0,20.49,36,17820.49,2023-12-12,0.1586,2,0,ACTIVE
L703211,C104757,Personal Loan,3980500.0,17.78,36,143466.53,2024-08-24,0.2465,0,0,ACTIVE
L703212,C102826,Personal Loan,260200.0,16.1,36,9161.04,2023-11-11,0.3795,1,0,ACTIVE
L703213,C111960,Personal Loan,594000.0,15.17,36,20639.0,2025-09-16,0.5618,0,0,ACTIVE
L703214,C105189,Credit Card,478700.0,19.03,12,44126.53,2024-05-19,0.082,0,0,ACTIVE
L703215,C107301,Home Finance,947900.0,27.18,180,21857.06,2024-03-04,0.2484,0,0,ACTIVE
L703216,C109602,Personal Loan,274100.0,20.91,36,10313.17,2024-02-21,0.1913,0,0,ACTIVE
L703217,C104212,Credit Card,406300.0,18.91,12,37428.38,2024-11-01,0.4463,0,45,CLOSED
L703218,C105377,Personal Loan,510000.0,17.88,36,18406.25,2025-03-23,0.4915,0,15,ACTIVE
L703219,C109979,Personal Loan,814300.0,21.08,36,30712.89,2022-11-08,0.5382,0,45,ACTIVE
L703220,C107990,Auto Finance,407600.0,11.38,60,8940.56,2026-07-21,0.5617,0,7,ACTIVE
L703221,C100757,Auto Finance,1425500.0,23.5,60,40597.43,2024-09-16,0.1475,0,0,ACTIVE
L703222,C103466,Personal Loan,180200.0,25.78,36,7240.19,2025-09-04,0.6828,0,0,ACTIVE
L703223,C105746,Personal Loan,578500.0,18.71,36,21119.04,2024-10-06,0.309,0,15,ACTIVE
L703224,C108986,Home Finance,1522200.0,20.6,180,27411.18,2023-02-10,0.6183,0,15,ACTIVE
L703225,C110075,Credit Card,153700.0,23.4,12,14487.62,2024-11-16,0.2653,0,129,DEFAULT
L703226,C105465,Credit Card,345500.0,22.0,12,32337.91,2025-05-07,0.1985,0,0,ACTIVE
L703227,C104897,Auto Finance,1828400.0,20.84,60,49300.58,2025-07-03,0.5011,0,45,ACTIVE
L703228,C111671,Personal Loan,386600.0,,36,14478.59,2027-01-02,0.5406,0,30,ACTIVE
L703229,C106960,Credit Card,407100.0,22.7,12,38238.43,2024-12-20,0.5098,0,45,ACTIVE
L703230,C100988,Auto Finance,883900.0,17.02,60,21976.62,2026-04-27,0.3649,1,7,ACTIVE
L703231,C104264,Personal Loan,1257600.0,21.43,36,47657.38,2025-03-24,0.2024,0,30,ACTIVE
L703232,C101271,Auto Finance,4153000.0,17.99,60,105436.61,2025-07-10,0.4478,1,15,ACTIVE
L703233,C100734,Home Finance,710400.0,13.99,180,9455.71,2026-02-17,0.1313,1,0,ACTIVE
L703234,C111020,Personal Loan,1106500.0,26.82,36,45067.08,2022-06-05,0.477,1,30,CLOSED
L703235,C106150,Personal Loan,152600.0,19.36,36,5620.98,2024-05-12,0.6149,0,30,CLOSED
L703236,C107235,Credit Card,134800.0,18.89,12,12411.37,2026-04-18,0.8223,0,138,DEFAULT
L703237,C102190,Credit Card,113400.0,17.4,12,10364.42,2025-06-23,0.6629,0,45,ACTIVE
L703238,C107458,Home Finance,1124300.0,19.99,180,19738.45,2027-05-04,0.1837,2,0,ACTIVE
L703239,C105557,Personal Loan,835200.0,14.74,36,28847.81,2024-06-21,0.7166,0,0,ACTIVE
L703240,C105421,Credit Card,20600.0,19.81,12,1905.86,2024-08-09,0.6907,0,30,CLOSED
L703241,C108217,Personal Loan,1252800.0,19.21,36,46057.01,2024-06-14,0.6809,0,15,CLOSED
L703242,C109478,Personal Loan,626800.0,21.59,36,23803.97,2024-06-22,0.4114,0,0,ACTIVE
L703243,C104158,Personal Loan,1091700.0,18.98,36,40008.04,2024-10-14,0.4529,1,0,ACTIVE
L703244,C100388,Personal Loan,552200.0,16.14,36,19450.58,2024-06-26,0.3268,0,0,ACTIVE
L703245,C106018,Credit Card,21600.0,26.95,12,2069.23,2025-03-01,0.5553,0,0,ACTIVE
L703246,C110605,Personal Loan,1902700.0,19.25,36,69986.89,2027-01-12,0.1362,0,0,ACTIVE
L703247,C110899,Home Finance,854000.0,24.16,180,17682.62,2024-08-04,0.3308,1,0,ACTIVE
L703248,C107269,Auto Finance,405000.0,18.68,60,10433.46,2024-09-13,0.8749,1,0,CLOSED
L703249,C105776,Personal Loan,2743200.0,24.5,36,108344.69,2025-11-20,0.102,2,15,ACTIVE
L703250,C103881,Personal Loan,328600.0,23.91,36,12877.54,2023-09-09,0.6627,0,30,ACTIVE
L703251,C105878,Personal Loan,44200.0,18.6,36,1611.49,2026-10-26,0.1248,0,7,ACTIVE
L703252,C103908,Credit Card,157900.0,11.39,12,13980.4,2026-09-21,0.4652,0,45,ACTIVE
L703253,C109102,Home Finance,1229400.0,20.24,180,21809.77,2023-11-01,0.6348,0,0,ACTIVE
L703254,C105901,Home Finance,936300.0,20.83,180,17020.31,2025-10-28,0.1267,0,15,ACTIVE
L703255,C100219,Credit Card,304200.0,12.17,12,27055.49,2025-02-04,0.0224,0,7,CLOSED
L703256,C110962,Personal Loan,171300.0,19.61,36,6333.57,2025-12-28,0.1305,0,0,ACTIVE
L703257,C100382,Personal Loan,909500.0,18.93,36,33307.59,2023-02-10,0.5216,1,45,ACTIVE
L703258,C109580,Personal Loan,342200.0,22.93,36,13233.11,2026-03-11,0.39,0,235,DEFAULT
L703259,C107207,Credit Card,185100.0,21.9,12,17311.28,2024-01-27,0.4277,0,45,ACTIVE
L703260,C104855,Credit Card,129800.0,22.15,12,12160.84,2026-07-20,0.242,1,0,ACTIVE
L703261,C100857,Auto Finance,474700.0,24.14,60,13695.45,2026-04-20,0.548,0,292,DEFAULT
L703262,C111736,Credit Card,243000.0,20.69,12,22593.49,2023-10-03,0.3436,0,210,DEFAULT
L703263,C107994,Auto Finance,1051800.0,16.68,60,25958.81,2023-10-11,0.6684,0,30,CLOSED
L703264,C105360,Auto Finance,217100.0,,60,6042.13,2023-08-07,0.0618,0,30,CLOSED
L703265,C107756,Home Finance,415100.0,15.76,180,6027.61,2023-01-16,0.1869,1,0,ACTIVE
L703266,C108910,Personal Loan,1497000.0,,36,51512.9,2025-06-09,0.3612,0,0,ACTIVE
L703267,C110846,Auto Finance,948800.0,23.61,60,27079.51,2025-07-04,0.0513,0,0,ACTIVE
L703268,C106251,Personal Loan,704700.0,18.64,36,25702.85,2023-01-02,0.3235,0,0,CLOSED
L703269,C108567,Home Finance,2163700.0,20.24,180,38384.32,2023-03-04,0.4224,2,167,DEFAULT
L703270,C101391,Personal Loan,245600.0,18.75,36,8970.65,2024-08-26,0.5124,0,0,CLOSED
L703271,C104882,Home Finance,1612600.0,17.66,180,25576.82,2027-03-25,0.3744,1,7,ACTIVE
L703272,C102071,Auto Finance,399800.0,14.21,60,9346.32,2022-10-08,0.657,0,15,ACTIVE
L703273,C107997,Personal Loan,1612200.0,21.19,36,60895.71,2022-11-30,0.3791,2,196,DEFAULT
L703274,C101032,Credit Card,145000.0,,12,13206.79,2024-11-28,0.3251,1,30,ACTIVE
L703275,C109904,Credit Card,81300.0,15.67,12,7364.21,2023-11-03,0.1838,0,0,ACTIVE
L703276,C100825,Credit Card,476300.0,19.3,12,43959.65,2027-05-05,0.2455,1,0,ACTIVE
L703277,C106050,Auto Finance,970900.0,16.59,60,23915.68,2026-02-16,0.1417,0,7,ACTIVE
L703278,C104760,Credit Card,93600.0,18.9,12,8624.8,2025-04-28,0.0815,1,0,ACTIVE
L703279,C100110,Home Finance,827800.0,11.22,180,9523.34,2023-01-04,0.4676,0,7,ACTIVE
L703280,C103147,Credit Card,143500.0,16.04,12,13021.19,2023-10-07,0.4969,0,0,CLOSED
L703281,C105458,Auto Finance,1165800.0,15.2,60,27856.21,2026-01-16,0.1889,0,15,ACTIVE
L703282,C110012,Personal Loan,442400.0,25.09,36,17612.28,2023-06-06,0.713,1,7,CLOSED
L703283,C110287,Credit Card,101900.0,18.5,12,9368.82,2025-09-08,0.6085,0,7,ACTIVE
L703284,C108906,Personal Loan,212900.0,24.72,36,8434.17,2026-07-25,0.2246,0,30,ACTIVE
L703285,C101319,Personal Loan,520900.0,14.76,36,17996.11,2026-09-18,0.4881,2,0,ACTIVE
L703286,C104642,Personal Loan,538100.0,25.12,36,21428.08,2024-02-26,0.3585,1,15,ACTIVE
L703287,C104287,Auto Finance,432200.0,14.3,60,10123.33,2026-05-06,0.3657,1,7,ACTIVE
L703288,C104499,Auto Finance,673600.0,16.59,60,16592.04,2026-10-02,0.4203,1,0,ACTIVE
L703289,C100666,Personal Loan,332400.0,20.7,36,12473.7,2025-09-23,0.3477,0,0,ACTIVE
L703290,C106961,Credit Card,411900.0,19.82,12,38122.07,2026-04-27,0.2145,0,0,ACTIVE
L703291,C108164,Credit Card,135200.0,18.54,12,12426.07,2025-07-12,0.4906,1,221,DEFAULT
L703292,C103950,Personal Loan,482800.0,18.15,36,17490.02,2025-02-23,0.396,0,0,CLOSED
L703293,C107100,Credit Card,1820800.0,,12,166515.67,2023-06-03,0.453,0,30,ACTIVE
L703294,C102399,Home Finance,2543900.0,23.67,180,51715.74,2024-10-18,0.5072,1,7,CLOSED
L703295,C110550,Personal Loan,548200.0,17.41,36,19655.73,2022-12-12,0.8208,0,7,CLOSED
L703296,C102967,Personal Loan,507500.0,19.63,36,18763.4,2022-12-19,0.6487,1,0,ACTIVE
L703297,C111345,Personal Loan,281200.0,20.36,36,10503.2,2027-09-15,0.1739,0,130,DEFAULT
L703298,C101378,Personal Loan,1219300.0,18.56,36,44424.58,2026-06-10,0.1657,1,233,DEFAULT
L703299,C109608,Credit Card,704900.0,24.75,12,66913.74,2026-04-30,0.1579,0,0,ACTIVE
L703300,C100136,Home Finance,3216700.0,22.27,180,61958.99,2026-12-29,0.252,0,7,ACTIVE
L703301,C107141,Credit Card,821800.0,20.62,12,76370.94,2023-07-19,0.2601,0,0,CLOSED
L703302,C111236,Credit Card,501500.0,26.07,12,47923.82,2027-07-14,0.4581,0,7,ACTIVE
L703303,C100607,Auto Finance,632000.0,23.06,60,17838.23,2025-12-07,0.1826,1,0,ACTIVE
L703304,C109210,Auto Finance,840100.0,23.87,60,24103.37,2024-10-10,0.0561,1,7,CLOSED
L703305,C110126,Personal Loan,1047700.0,23.51,36,40835.49,2025-05-20,0.09,1,45,ACTIVE
L703306,C101726,Personal Loan,674700.0,20.52,36,25255.14,2024-01-27,0.6068,0,0,CLOSED
L703307,C109666,Home Finance,69000.0,22.6,180,1346.53,2023-10-01,0.116,1,0,ACTIVE
L703308,C111376,Auto Finance,467000.0,20.09,60,12396.16,2023-09-21,0.1533,0,0,ACTIVE
L703309,C106017,Personal Loan,451500.0,17.0,36,16098.1,2024-04-21,0.7235,0,15,ACTIVE
L703310,C106616,Personal Loan,2312600.0,16.06,36,81371.31,2025-07-27,0.2329,0,0,ACTIVE
L703311,C108619,Auto Finance,2232900.0,23.85,60,64042.43,2026-01-19,0.6682,0,0,ACTIVE
L703312,C105222,Credit Card,436900.0,20.35,12,40543.99,2023-04-02,0.6384,0,0,CLOSED
L703313,C103939,Auto Finance,380500.0,25.52,60,11285.26,2025-03-09,0.3497,0,45,ACTIVE
L703314,C111582,Home Finance,712900.0,17.72,180,11337.93,2025-02-09,0.8133,1,0,ACTIVE
L703315,C104075,Home Finance,1208000.0,18.16,180,19592.54,2024-06-10,0.209,1,15,ACTIVE
L703316,C108562,Credit Card,317000.0,21.73,12,29624.09,2023-11-13,0.6734,0,0,ACTIVE
L703317,C111426,Credit Card,437500.0,22.02,12,40954.65,2024-03-29,0.6768,1,0,ACTIVE
L703318,C103130,Personal Loan,606900.0,21.47,36,23012.84,2024-03-04,0.3333,0,7,CLOSED
L703319,C107223,Credit Card,150600.0,22.9,12,14164.18,2025-05-11,0.0689,0,15,CLOSED
L703320,C105793,Credit Card,603100.0,25.75,12,57537.77,2025-11-25,0.2225,0,15,ACTIVE
L703321,C105485,Auto Finance,539300.0,22.73,60,15120.55,2025-10-16,0.4669,0,15,ACTIVE
L703322,C104596,Auto Finance,1124400.0,21.99,60,31047.91,2027-04-08,0.7568,0,30,ACTIVE
L703323,C101226,Auto Finance,56800.0,20.28,60,1513.63,2024-12-26,0.6122,0,0,CLOSED
L703324,C103989,Credit Card,530800.0,15.79,12,48106.21,2027-01-18,0.6705,2,0,ACTIVE
L703325,C102163,Credit Card,240600.0,12.97,12,21489.4,2024-12-30,0.5594,0,0,ACTIVE
L703326,C111674,Personal Loan,1186200.0,18.57,36,43225.53,2024-10-18,0.2953,0,344,DEFAULT
L703327,C102183,Personal Loan,357200.0,20.78,36,13417.42,2025-08-23,0.0887,0,0,ACTIVE
L703328,C101273,Home Finance,1895000.0,19.83,180,33043.85,2024-03-16,0.4423,0,30,ACTIVE
L703329,C111491,Auto Finance,115000.0,20.43,60,3075.08,2024-04-01,0.1003,0,0,ACTIVE
L703330,C108172,Auto Finance,1201100.0,18.08,60,30552.95,2024-12-24,0.1768,0,0,ACTIVE
L703331,C103525,Personal Loan,95400.0,20.48,36,3570.08,2025-06-27,0.1658,0,0,ACTIVE
L703332,C103755,Personal Loan,1172500.0,21.48,36,44465.23,2024-02-05,0.5528,0,30,ACTIVE
L703333,C108169,Credit Card,224500.0,22.34,12,21052.43,2026-09-07,0.4186,2,0,CLOSED
L703334,C102382,Credit Card,155000.0,13.87,12,13903.51,2024-09-05,0.8416,2,45,ACTIVE
L703335,C100984,Auto Finance,707500.0,22.27,60,19650.24,2024-11-03,0.5196,0,30,ACTIVE
L703336,C105930,Credit Card,305300.0,,12,28092.9,2024-04-24,0.2525,0,0,ACTIVE
L703337,C111294,Auto Finance,393700.0,16.38,60,9652.81,2025-11-14,0.2928,0,7,ACTIVE
L703338,C105375,Auto Finance,677700.0,16.69,60,16730.18,2025-11-09,0.3857,0,30,ACTIVE
L703339,C106792,Auto Finance,2247700.0,18.37,60,57529.3,2026-06-01,0.5212,1,15,ACTIVE
L703340,C106261,Credit Card,256400.0,15.22,12,23172.63,2026-06-22,0.5023,0,15,ACTIVE
L703341,C104245,Auto Finance,861100.0,20.64,60,23121.43,2025-08-08,0.1343,0,0,ACTIVE
L703342,C106024,Auto Finance,126800.0,22.28,60,3522.05,2023-04-13,0.3045,1,0,ACTIVE
L703343,C105308,Home Finance,584300.0,18.56,180,9645.37,2025-02-13,0.2118,1,7,ACTIVE
L703344,C109290,Auto Finance,1759400.0,19.31,60,45940.07,2022-08-06,0.2273,0,30,ACTIVE
L703345,C108241,Home Finance,856900.0,20.13,180,15131.33,2024-04-12,0.2037,1,30,CLOSED
L703346,C102177,Credit Card,1736800.0,18.35,12,159522.21,2023-04-03,0.3579,0,15,ACTIVE
L703347,C102104,Credit Card,66100.0,13.91,12,5935.86,2025-07-24,0.2587,0,380,DEFAULT
L703348,C110626,Auto Finance,1431600.0,16.11,60,34896.29,2025-03-04,0.2813,0,0,ACTIVE
L703349,C103101,Auto Finance,565800.0,20.89,60,15273.04,2023-04-15,0.457,0,0,ACTIVE
L703350,C102989,Personal Loan,436100.0,18.1,36,15787.23,2023-05-13,0.1518,0,45,ACTIVE
L703351,C104177,Credit Card,48500.0,20.59,12,4503.54,2024-11-11,0.1863,0,0,ACTIVE
L703352,C102171,Credit Card,153400.0,13.39,12,13733.38,2023-06-04,0.0772,1,0,ACTIVE
L703353,C103660,Personal Loan,956700.0,15.18,36,33247.93,2024-05-13,0.6669,0,0,ACTIVE
L703354,C111703,Personal Loan,410400.0,22.69,36,15819.62,2026-11-24,0.2898,0,45,ACTIVE
L703355,C101909,Credit Card,998500.0,14.49,12,89886.9,2024-11-28,0.4843,2,0,ACTIVE
L703356,C104300,Auto Finance,1570100.0,19.29,60,40979.6,2024-03-16,0.4604,0,0,ACTIVE
L703357,C106355,Auto Finance,3890700.0,16.94,60,96569.39,2024-06-08,0.2953,1,7,CLOSED
L703358,C109181,Home Finance,383900.0,20.97,180,7019.15,2022-09-02,0.2373,0,0,ACTIVE
L703359,C109051,Auto Finance,8637300.0,10.41,60,185265.35,2022-02-20,0.3454,4,346,DEFAULT
L703360,C109481,Credit Card,138600.0,23.03,12,13039.6,2024-06-13,0.1507,0,0,ACTIVE
L703361,C102795,Personal Loan,276300.0,18.44,36,10051.02,2024-01-03,0.049,0,0,ACTIVE
L703362,C107367,Home Finance,1180100.0,18.46,180,19395.91,2023-11-12,0.5578,0,0,CLOSED
L703363,C102244,Credit Card,519200.0,17.84,12,47559.49,2025-01-26,0.2387,1,0,CLOSED
L703364,C102735,Personal Loan,847700.0,16.89,36,30175.42,2025-07-29,0.1246,0,0,ACTIVE
L703365,C108598,Personal Loan,615000.0,,36,22323.77,2023-08-01,0.2471,0,45,ACTIVE
L703366,C110221,Auto Finance,519900.0,23.23,60,14725.82,2024-05-30,0.6299,1,30,ACTIVE
L703367,C105592,Home Finance,678200.0,21.92,180,12883.48,2024-06-23,0.5254,0,15,ACTIVE
L703368,C103732,Personal Loan,1871100.0,19.86,36,69403.16,2025-12-17,0.0282,0,0,ACTIVE
L703369,C103616,Auto Finance,160300.0,19.74,60,4222.94,2026-05-26,0.1585,0,30,ACTIVE
L703370,C107106,Auto Finance,1490000.0,24.13,60,42977.91,2026-04-01,0.2447,0,0,ACTIVE
L703371,C103546,Credit Card,211900.0,16.98,12,19320.26,2023-06-16,0.2654,0,0,ACTIVE
L703372,C111224,Home Finance,1518700.0,19.9,180,26560.33,2024-11-23,0.3413,0,0,ACTIVE
L703373,C107547,Auto Finance,438700.0,18.72,60,11312.14,2026-11-29,0.2701,0,124,DEFAULT
L703374,C104842,Auto Finance,1049400.0,21.0,60,28390.02,2022-11-09,0.1039,0,30,CLOSED
L703375,C110417,Auto Finance,1393900.0,20.91,60,37640.26,2024-04-22,0.6294,0,15,ACTIVE
L703376,C108596,Personal Loan,1448400.0,25.0,36,57588.42,2023-09-09,0.4698,0,0,ACTIVE
L703377,C103471,Home Finance,273700.0,16.0,180,4019.55,2025-12-09,0.31,0,7,ACTIVE
L703378,C109384,Personal Loan,653000.0,15.84,36,22907.63,2026-04-08,0.5881,2,45,ACTIVE
L703379,C108555,Auto Finance,516800.0,21.01,60,13983.37,2025-10-20,0.4572,0,30,ACTIVE
L703380,C110813,Auto Finance,317500.0,23.33,60,9011.02,2024-06-20,0.364,0,45,CLOSED
L703381,C106309,Personal Loan,278100.0,21.24,36,10511.42,2024-11-12,0.4097,0,7,ACTIVE
L703382,C100159,Personal Loan,569200.0,25.44,36,22765.75,2025-07-26,0.3043,0,45,ACTIVE
L703383,C111419,Credit Card,858400.0,23.22,12,80849.8,2023-06-09,0.3966,0,0,CLOSED
L703384,C104739,Credit Card,193900.0,16.54,12,17645.93,2025-07-27,0.1768,0,15,CLOSED
L703385,C103100,Auto Finance,1540800.0,,60,37624.29,2024-07-13,0.6506,0,30,CLOSED
L703386,C105089,Credit Card,146700.0,12.54,12,13073.44,2022-12-21,0.0765,0,45,ACTIVE
L703387,C104179,Personal Loan,459000.0,21.96,36,17519.13,2023-10-08,0.3418,1,0,ACTIVE
L703388,C105727,Credit Card,107600.0,16.17,12,9768.56,2022-12-07,0.1414,0,0,CLOSED
L703389,C110149,Credit Card,149800.0,23.44,12,14125.58,2024-05-07,0.3172,0,7,ACTIVE
L703390,C106718,Home Finance,688200.0,13.46,180,8917.18,2025-02-13,0.2183,0,30,CLOSED
L703391,C103760,Personal Loan,270700.0,19.24,36,9957.13,2023-01-31,0.7919,0,0,ACTIVE
L703392,C103435,Personal Loan,482200.0,19.25,36,17735.24,2027-03-26,0.6134,0,0,ACTIVE
L703393,C102059,Home Finance,1448400.0,17.31,180,22609.5,2022-10-21,0.5834,1,30,ACTIVE
L703394,C107804,Personal Loan,1469000.0,,36,56758.67,2025-12-14,0.4147,0,0,ACTIVE
L703395,C106381,Personal Loan,532600.0,22.92,36,20595.83,2023-03-23,0.5315,0,15,ACTIVE
L703396,C100742,Credit Card,59700.0,19.4,12,5516.19,2024-08-07,0.2814,0,0,ACTIVE
L703397,C110838,Credit Card,270300.0,22.69,12,25387.07,2024-12-09,0.2437,0,0,ACTIVE
L703398,C111748,Personal Loan,923500.0,22.32,36,35421.06,2022-12-08,0.4257,0,0,ACTIVE
L703399,C102096,Personal Loan,302700.0,17.35,36,10844.15,2024-08-12,0.2281,0,0,ACTIVE
L703400,C108319,Auto Finance,180600.0,17.32,60,4520.43,2024-08-05,0.4176,1,0,ACTIVE
L703401,C107434,Personal Loan,473800.0,21.39,36,17946.97,2027-02-21,0.7392,1,45,ACTIVE
L703402,C111633,Personal Loan,376600.0,15.95,36,13232.35,2027-07-04,0.3282,0,0,ACTIVE
L703403,C105860,Home Finance,680700.0,21.05,180,12486.09,2025-05-07,0.6712,0,0,ACTIVE
L703404,C102710,Personal Loan,257200.0,22.61,36,9902.88,2025-10-25,0.3898,0,30,ACTIVE
L703405,C109770,Credit Card,389900.0,25.7,12,37192.99,2026-03-19,0.0715,0,0,CLOSED
L703406,C101215,Personal Loan,317100.0,19.25,36,11664.86,2027-08-25,0.2765,1,0,ACTIVE
L703407,C104748,Home Finance,2294900.0,20.46,180,41087.54,2023-10-31,0.2579,2,0,CLOSED
L703408,C100925,Credit Card,334600.0,,12,31221.41,2026-02-18,0.1638,0,7,ACTIVE
L703409,C102369,Credit Card,390200.0,15.76,12,35355.21,2024-07-15,0.7639,0,341,DEFAULT
L703410,C108569,Auto Finance,1029000.0,17.27,60,25722.5,2026-03-02,0.2764,1,0,ACTIVE
L703411,C100843,Personal Loan,819700.0,21.38,36,31042.56,2023-01-23,0.4187,0,0,ACTIVE
L703412,C106712,Credit Card,678100.0,23.87,12,64079.01,2027-05-29,0.2664,1,0,CLOSED
L703413,C108918,Auto Finance,176100.0,24.02,60,5068.44,2022-05-09,0.1721,1,0,ACTIVE
L703414,C104222,Auto Finance,137100.0,27.33,60,4215.01,2024-04-15,0.6012,1,0,ACTIVE
L703415,C106389,Personal Loan,565100.0,15.44,36,19709.68,2023-09-24,0.1998,1,45,ACTIVE
L703416,C108421,Home Finance,2634600.0,19.78,180,45843.02,2024-02-03,0.2793,0,0,ACTIVE
L703417,C108865,Credit Card,187000.0,17.55,12,17101.68,2026-12-06,0.5723,0,0,ACTIVE
L703418,C104849,Personal Loan,2963900.0,24.81,36,117545.59,2024-05-18,0.2263,0,15,ACTIVE
L703419,C106104,Auto Finance,1853700.0,19.52,60,48616.81,2024-11-29,0.2818,0,0,ACTIVE
L703420,C103365,Credit Card,128800.0,18.57,12,11845.42,2023-10-07,0.2842,0,0,ACTIVE
L703421,C105863,Personal Loan,737900.0,26.38,36,29879.09,2024-08-08,0.2968,2,299,DEFAULT
L703422,C110567,Auto Finance,468600.0,20.44,60,12530.15,2025-06-23,0.3475,0,107,DEFAULT
L703423,C100120,Personal Loan,612300.0,21.1,36,23098.58,2024-08-19,0.2138,1,7,ACTIVE
L703424,C103458,Auto Finance,1439800.0,20.01,60,38153.74,2024-10-18,0.1815,1,30,ACTIVE
L703425,C110624,Auto Finance,466400.0,21.92,60,12861.22,2025-05-05,0.477,0,0,ACTIVE
L703426,C111200,Personal Loan,598600.0,22.49,36,23012.34,2024-02-16,0.1433,1,0,ACTIVE
L703427,C102278,Personal Loan,371600.0,,36,13558.96,2023-02-27,0.3466,0,0,ACTIVE
L703428,C107489,Credit Card,195300.0,19.29,12,18024.41,2023-07-09,0.1125,0,45,ACTIVE
L703429,C111039,Personal Loan,786700.0,16.27,36,27761.59,2026-05-09,0.548,0,7,CLOSED
L703430,C103812,Personal Loan,262200.0,25.3,36,10467.28,2023-11-12,0.2207,2,45,CLOSED
L703431,C108477,Auto Finance,2249700.0,18.6,60,57865.19,2026-02-18,0.6287,0,0,ACTIVE
L703432,C108900,Personal Loan,665000.0,21.23,36,25132.28,2022-09-29,0.2313,1,7,CLOSED
L703433,C108196,Auto Finance,1258400.0,15.76,60,30441.42,2024-06-09,0.2771,0,15,ACTIVE
L703434,C107457,Personal Loan,97900.0,21.0,36,3686.72,2025-02-02,0.1412,0,15,ACTIVE
L703435,C107779,Personal Loan,1575400.0,18.8,36,57589.34,2026-08-14,0.5906,1,0,ACTIVE
L703436,C110646,Auto Finance,798700.0,16.78,60,19754.38,2024-12-23,0.5134,0,0,ACTIVE
L703437,C103566,Credit Card,39000.0,16.81,12,3551.92,2023-02-19,0.1567,0,30,ACTIVE
L703438,C109985,Personal Loan,558600.0,,36,19997.56,2024-02-16,0.3244,0,15,ACTIVE
L703439,C109809,Personal Loan,329800.0,25.1,36,13129.82,2026-02-05,0.626,0,0,ACTIVE
L703440,C101733,Auto Finance,832800.0,,60,23167.53,2023-10-13,0.5475,1,45,CLOSED
L703441,C103131,Personal Loan,687400.0,19.16,36,25253.82,2024-02-01,0.672,2,7,ACTIVE
L703442,C108822,Auto Finance,518500.0,22.4,60,14438.42,2024-03-18,0.2123,1,15,CLOSED
L703443,C111855,Personal Loan,1669600.0,12.24,36,55646.58,2024-11-29,0.4496,0,30,ACTIVE
L703444,C109812,Home Finance,640500.0,24.19,180,13276.24,2023-12-01,0.514,0,45,ACTIVE
L703445,C106106,Credit Card,855400.0,16.64,12,77868.07,2026-07-17,0.4513,0,7,CLOSED
L703446,C102953,Auto Finance,2771400.0,,60,83273.81,2026-07-30,0.2254,3,30,CLOSED
L703447,C111881,Credit Card,448900.0,12.98,12,40092.51,2026-10-31,0.5344,0,0,CLOSED
L703448,C105942,Credit Card,67300.0,15.57,12,6090.22,2024-05-26,0.1471,1,0,ACTIVE
L703449,C107222,Credit Card,1252000.0,21.69,12,116989.53,2025-07-16,0.3072,0,167,DEFAULT
L703450,C107089,Auto Finance,2181700.0,14.83,60,51707.84,2026-02-13,0.3013,0,30,ACTIVE
L703451,C110377,Auto Finance,428100.0,13.31,60,9808.2,2023-08-28,0.2535,0,0,ACTIVE
L703452,C106036,Auto Finance,2196600.0,17.83,60,55576.01,2024-08-04,0.4004,0,0,ACTIVE
L703453,C102089,Auto Finance,272900.0,12.76,60,6176.33,2025-01-03,0.0648,0,15,CLOSED
L703454,C105407,Personal Loan,522300.0,20.32,36,19495.47,2024-04-20,0.2812,0,0,ACTIVE
L703455,C104028,Personal Loan,639900.0,19.02,36,23462.09,2023-11-18,0.3272,0,7,ACTIVE
L703456,C102640,Home Finance,1118900.0,16.45,180,16785.72,2025-09-25,0.3232,0,0,ACTIVE
L703457,C104514,Auto Finance,1624100.0,23.77,60,46505.51,2024-02-07,0.2843,0,0,ACTIVE
L703458,C105844,Personal Loan,1095400.0,15.32,36,38143.21,2025-05-18,0.2455,0,30,ACTIVE
L703459,C106593,Credit Card,242000.0,19.47,12,22352.65,2025-07-03,0.3691,0,0,ACTIVE
L703460,C111654,Credit Card,179300.0,20.72,12,16675.39,2025-03-31,0.1702,2,15,CLOSED
L703461,C111460,Credit Card,240100.0,17.35,12,21937.88,2023-12-24,0.1631,0,0,ACTIVE
L703462,C105974,Personal Loan,128200.0,21.01,36,4831.15,2023-09-15,0.5497,0,30,CLOSED
L703463,C111329,Personal Loan,401100.0,20.25,36,14957.39,2027-03-14,0.0767,0,7,ACTIVE
L703464,C107819,Personal Loan,768300.0,20.47,36,28735.84,2026-04-19,0.4587,1,45,ACTIVE
L703465,C102947,Auto Finance,516700.0,20.36,60,13792.88,2023-06-05,0.4841,0,30,CLOSED
L703466,C100930,Auto Finance,398100.0,24.25,60,11511.39,2024-07-04,0.4426,0,15,ACTIVE
L703467,C107490,Auto Finance,738900.0,18.82,60,19093.49,2023-04-11,0.5415,0,15,ACTIVE
L703468,C109603,Home Finance,1056300.0,22.32,180,20386.92,2023-10-19,0.2171,0,0,ACTIVE
L703469,C101212,Auto Finance,131900.0,14.32,60,3091.24,2026-03-12,0.1176,0,0,ACTIVE
L703470,C105204,Home Finance,2091400.0,21.9,180,39699.69,2023-11-08,0.1681,1,30,ACTIVE
L703471,C107374,Personal Loan,337400.0,17.16,36,12056.64,2025-01-13,0.5452,0,45,ACTIVE
L703472,C109806,Personal Loan,478400.0,18.68,36,17459.59,2022-05-12,0.6773,1,0,ACTIVE
L703473,C101840,Credit Card,851200.0,14.79,12,76745.59,2024-08-29,0.5059,0,7,ACTIVE
L703474,C105252,Personal Loan,402400.0,17.83,36,14512.22,2025-11-09,0.5612,1,0,ACTIVE
L703475,C102410,Personal Loan,574900.0,22.1,36,21986.06,2026-06-22,0.4479,0,0,ACTIVE
L703476,C102019,Auto Finance,1308000.0,22.59,60,36566.43,2022-07-05,0.6839,0,30,ACTIVE
L703477,C107227,Credit Card,85500.0,21.44,12,7981.12,2024-04-01,0.2981,1,0,ACTIVE
L703478,C106112,Auto Finance,445200.0,17.18,60,11106.79,2023-07-12,0.16,0,7,CLOSED
L703479,C100786,Credit Card,207200.0,17.43,12,18942.09,2025-08-15,0.496,0,0,ACTIVE
L703480,C101405,Auto Finance,1401400.0,19.67,60,36870.56,2024-07-05,0.2906,1,45,CLOSED
L703481,C105809,Personal Loan,453900.0,18.17,36,16448.84,2027-03-12,0.3379,0,30,CLOSED
L703482,C100336,Personal Loan,506900.0,18.03,36,18333.01,2024-12-02,0.3167,1,45,ACTIVE
L703483,C109774,Credit Card,240800.0,22.36,12,22576.08,2024-08-02,0.5887,1,0,CLOSED
L703484,C109254,Home Finance,527900.0,18.23,180,8588.47,2023-07-28,0.1219,0,45,ACTIVE
L703485,C101578,Credit Card,128700.0,19.2,12,11874.69,2024-07-18,0.4182,0,0,ACTIVE
L703486,C104903,Auto Finance,2304900.0,21.18,60,62590.06,2025-01-15,0.252,0,0,ACTIVE
L703487,C105553,Home Finance,806800.0,24.31,180,16798.8,2025-06-07,0.5736,0,0,ACTIVE
L703488,C108915,Credit Card,257800.0,18.94,12,23749.78,2023-11-26,0.2033,0,0,ACTIVE
L703489,C100176,Auto Finance,849400.0,20.18,60,22587.91,2024-06-14,0.7133,1,0,ACTIVE
L703490,C101048,Auto Finance,756000.0,21.32,60,20589.61,2022-10-22,0.6749,0,0,CLOSED
L703491,C100549,Credit Card,161500.0,26.48,12,15466.53,2026-07-06,0.1071,0,30,ACTIVE
L703492,C101527,Credit Card,204800.0,20.41,12,19013.01,2024-02-23,0.1083,1,30,ACTIVE
L703493,C103194,Personal Loan,623000.0,20.47,36,23302.91,2025-12-05,0.5882,1,0,ACTIVE
L703494,C111309,Personal Loan,575600.0,17.81,36,20754.15,2027-06-08,0.499,0,15,ACTIVE
L703495,C102090,Personal Loan,6355400.0,19.74,36,235347.45,2026-01-23,0.603,4,129,DEFAULT
L703496,C100154,Home Finance,1441900.0,12.81,180,18064.25,2026-09-18,0.1732,0,356,DEFAULT
L703497,C101676,Credit Card,564300.0,23.25,12,53158.84,2026-03-11,0.8679,0,15,ACTIVE
L703498,C105786,Credit Card,250300.0,21.81,12,23404.93,2027-06-16,0.5946,1,0,ACTIVE
L703499,C101354,Personal Loan,1747600.0,24.92,36,69410.64,2026-06-04,0.3909,1,7,CLOSED
L703500,C108161,Credit Card,100400.0,17.88,12,9202.62,2024-05-03,0.1316,0,0,ACTIVE
L703501,C104826,Credit Card,237100.0,20.35,12,22002.05,2026-08-30,0.797,1,0,ACTIVE
L703502,C100047,Auto Finance,436100.0,20.88,60,11769.08,2024-02-24,0.3926,0,0,ACTIVE
L703503,C110133,Credit Card,185700.0,19.46,12,17158.66,2023-02-21,0.3619,0,0,ACTIVE
L703504,C105386,Auto Finance,265600.0,22.04,60,7341.8,2024-08-05,0.3119,1,0,CLOSED
L703505,C100175,Auto Finance,1163300.0,18.18,60,29655.43,2025-06-09,0.2831,0,0,ACTIVE
L703506,C100668,Auto Finance,665200.0,17.12,60,16575.01,2025-04-07,0.7371,0,0,CLOSED
L703507,C111807,Personal Loan,919300.0,15.98,36,32310.51,2025-08-10,0.3914,0,30,ACTIVE
L703508,C107017,Personal Loan,2052000.0,21.01,36,77318.95,2027-10-19,0.3008,0,0,CLOSED
L703509,C110154,Home Finance,3223900.0,16.0,180,47349.72,2025-11-22,0.4822,1,0,ACTIVE
L703510,C111866,Personal Loan,1119200.0,22.5,36,43032.04,2023-03-18,0.5425,0,7,ACTIVE
L703511,C102694,Personal Loan,101200.0,24.1,36,3974.3,2025-08-14,0.2153,0,0,CLOSED
L703512,C102299,Personal Loan,273000.0,23.02,36,10571.22,2022-08-07,0.4316,0,0,CLOSED
L703513,C103600,Personal Loan,898800.0,21.3,36,34002.25,2024-05-29,0.4404,1,15,ACTIVE
L703514,C110948,Auto Finance,622100.0,19.65,60,16360.4,2023-03-02,0.8084,0,0,ACTIVE
L703515,C100434,Credit Card,1215700.0,15.14,12,109805.79,2024-04-26,0.7465,0,30,ACTIVE
L703516,C102621,Auto Finance,749800.0,21.51,60,20498.98,2024-03-28,0.1076,1,15,ACTIVE
L703517,C107648,Auto Finance,226300.0,15.96,60,5498.77,2022-04-01,0.751,1,7,ACTIVE
L703518,C100009,Auto Finance,969300.0,24.31,60,28058.81,2026-01-27,0.171,0,15,ACTIVE
L703519,C100948,Credit Card,2155100.0,22.48,12,202202.03,2023-12-21,0.7502,1,45,ACTIVE
L703520,C110733,Home Finance,2066500.0,18.16,180,33517.07,2024-08-02,0.7604,0,0,ACTIVE
L703521,C101030,Auto Finance,924100.0,16.1,60,22522.48,2024-04-14,0.3787,0,30,ACTIVE
L703522,C105705,Personal Loan,752200.0,18.45,36,27362.62,2025-06-04,0.4536,1,30,CLOSED
L703523,C107736,Personal Loan,117700.0,19.87,36,4367.71,2026-02-02,0.1758,1,0,CLOSED
L703524,C108354,Auto Finance,1107400.0,19.51,60,29038.73,2026-08-08,0.8059,0,45,ACTIVE
L703525,C107540,Auto Finance,335600.0,14.31,60,7861.78,2024-04-09,0.1605,0,7,ACTIVE
L703526,C108503,Auto Finance,662300.0,20.18,60,17612.5,2025-09-27,0.1669,0,0,ACTIVE
L703527,C110223,Personal Loan,1211800.0,16.53,36,42920.48,2023-04-17,0.0233,1,15,ACTIVE
L703528,C111245,Personal Loan,167700.0,18.95,36,6142.54,2026-12-20,0.2074,0,7,ACTIVE
L703529,C103271,Auto Finance,842200.0,20.58,60,22585.72,2023-02-13,0.0805,0,0,ACTIVE
L703530,C107812,Personal Loan,46200.0,25.41,36,1847.53,2023-06-28,0.2593,0,0,ACTIVE
L703531,C107702,Personal Loan,371800.0,25.61,36,14902.45,2023-01-15,0.1003,0,45,ACTIVE
L703532,C102314,Credit Card,423300.0,24.53,12,40135.53,2025-07-17,0.4892,1,7,ACTIVE
L703533,C105161,Personal Loan,1058900.0,16.69,36,37588.79,2024-03-18,0.6114,1,0,ACTIVE
L703534,C100450,Credit Card,64900.0,16.56,12,5905.7,2026-07-06,0.1015,0,7,CLOSED
L703535,C103005,Auto Finance,2234800.0,20.58,60,59933.08,2022-11-20,0.7121,0,289,DEFAULT
L703536,C111548,Personal Loan,2107500.0,14.5,36,72541.46,2024-03-02,0.3537,1,15,ACTIVE
L703537,C102865,Personal Loan,1553500.0,22.81,36,59983.15,2026-07-01,0.1741,0,0,ACTIVE
L703538,C111232,Personal Loan,432500.0,17.33,36,15489.42,2023-08-31,0.5754,0,45,ACTIVE
L703539,C106685,Personal Loan,560400.0,,36,19980.81,2023-01-31,0.3775,0,45,ACTIVE
L703540,C108337,Auto Finance,588900.0,16.37,60,14438.12,2024-07-09,0.3058,0,0,ACTIVE
L703541,C104978,Auto Finance,2977400.0,21.64,60,81624.73,2024-01-09,0.4642,1,15,ACTIVE
L703542,C107957,Auto Finance,682000.0,20.12,60,18114.33,2024-01-11,0.6978,0,15,ACTIVE
L703543,C105041,Personal Loan,179700.0,21.46,36,6813.95,2023-08-19,0.0093,0,0,ACTIVE
L703544,C110739,Auto Finance,550200.0,11.94,60,12221.6,2023-10-12,0.0723,0,7,ACTIVE
L703545,C103951,Credit Card,654500.0,18.19,12,60068.0,2023-03-05,0.56,0,45,ACTIVE
L703546,C109567,Home Finance,1524900.0,18.76,180,25395.01,2022-12-26,0.1737,0,0,ACTIVE
L703547,C107899,Credit Card,354400.0,25.83,12,33824.3,2027-09-02,0.1348,0,7,CLOSED
L703548,C111851,Personal Loan,936400.0,19.32,36,34475.19,2022-03-20,0.1799,0,0,ACTIVE
L703549,C109119,Auto Finance,347400.0,25.29,60,10255.72,2026-12-05,0.2837,0,0,ACTIVE
L703550,C110511,Auto Finance,1585100.0,19.57,60,41617.25,2025-05-25,0.5249,1,0,ACTIVE
L703551,C107185,Credit Card,353900.0,,12,33258.42,2024-12-31,0.3926,1,30,CLOSED
L703552,C107261,Personal Loan,1477300.0,15.23,36,51379.1,2026-01-26,0.1063,0,0,ACTIVE
L703553,C110942,Auto Finance,2489500.0,17.47,60,62500.18,2025-04-11,0.2092,0,0,ACTIVE
L703554,C105452,Personal Loan,339300.0,20.82,36,12751.79,2024-03-21,0.0585,0,0,CLOSED
L703555,C104307,Home Finance,1125100.0,26.59,180,25422.79,2024-01-16,0.0124,0,0,ACTIVE
L703556,C110759,Personal Loan,331000.0,14.84,36,11449.69,2023-07-26,0.49,0,45,ACTIVE
L703557,C103577,Auto Finance,469000.0,23.78,60,13432.35,2025-03-08,0.7812,0,101,DEFAULT
L703558,C102043,Auto Finance,4353000.0,11.82,60,96434.05,2025-06-10,0.1711,1,7,CLOSED
L703559,C106529,Home Finance,7236400.0,19.79,180,125972.13,2025-12-28,0.6355,0,0,ACTIVE
L703560,C108765,Credit Card,326000.0,23.35,12,30721.14,2024-07-03,0.5884,0,0,ACTIVE
L703561,C110958,Personal Loan,868500.0,20.82,36,32639.45,2026-07-07,0.3707,0,7,ACTIVE
L703562,C106145,Personal Loan,534400.0,25.61,36,21419.69,2024-03-02,0.6881,1,45,CLOSED
L703563,C111296,Personal Loan,341100.0,17.53,36,12252.22,2023-07-08,0.3807,0,0,ACTIVE
L703564,C108461,Personal Loan,479300.0,22.19,36,18351.89,2026-07-11,0.485,1,0,ACTIVE
L703565,C105591,Credit Card,31100.0,22.06,12,2907.36,2023-03-08,0.6248,0,30,ACTIVE
L703566,C102462,Personal Loan,1342600.0,22.81,36,51837.01,2026-04-27,0.3673,0,7,ACTIVE
L703567,C109777,Auto Finance,1588500.0,15.88,60,38528.26,2024-01-22,0.4845,0,7,ACTIVE
L703568,C102796,Personal Loan,368000.0,25.51,36,14729.36,2024-04-15,0.3124,2,15,ACTIVE
L703569,C109375,Auto Finance,1970500.0,16.45,60,48390.74,2026-03-22,0.6459,0,0,ACTIVE
L703570,C101067,Credit Card,204500.0,22.77,12,19215.07,2023-07-26,0.304,1,45,ACTIVE
L703571,C110575,Personal Loan,683500.0,18.24,36,24792.27,2026-08-08,0.4087,0,45,ACTIVE
L703572,C104785,Credit Card,321900.0,15.26,12,29093.78,2023-10-02,0.3565,0,0,ACTIVE
L703573,C109869,Personal Loan,1378200.0,20.37,36,51478.09,2027-08-17,0.322,0,0,CLOSED
L703574,C105651,Personal Loan,224600.0,13.75,36,7649.6,2026-01-19,0.3312,0,0,CLOSED
L703575,C105766,Personal Loan,375100.0,21.53,36,14233.17,2022-05-20,0.0833,0,0,CLOSED
L703576,C101783,Personal Loan,949200.0,16.69,36,33696.15,2025-11-04,0.4155,0,0,ACTIVE
L703577,C105068,Auto Finance,1761400.0,15.84,60,42683.27,2026-07-05,0.3267,0,7,ACTIVE
L703578,C101500,Credit Card,193000.0,23.17,12,18169.18,2022-02-28,0.3414,0,0,CLOSED
L703579,C110273,Auto Finance,86500.0,16.5,60,2125.44,2024-02-25,0.0063,0,0,ACTIVE
L703580,C100693,Auto Finance,2889300.0,15.51,60,69511.76,2025-11-14,0.6937,1,0,CLOSED
L703581,C106884,Personal Loan,1006300.0,22.74,36,38816.93,2026-01-24,0.3815,0,30,ACTIVE
L703582,C110292,Auto Finance,1206800.0,18.09,60,30704.21,2024-10-29,0.4061,1,0,CLOSED
L703583,C100700,Personal Loan,2606000.0,17.78,36,93924.13,2026-08-10,0.2206,2,0,ACTIVE
L703584,C100443,Auto Finance,522600.0,21.66,60,14333.42,2025-04-21,0.3197,1,0,ACTIVE
L703585,C101701,Personal Loan,388200.0,21.04,36,14632.53,2023-09-03,0.343,1,30,ACTIVE
L703586,C111627,Personal Loan,888600.0,17.31,36,31816.79,2022-12-25,0.2188,0,0,CLOSED
L703587,C110939,Auto Finance,612800.0,20.95,60,16560.64,2023-11-09,0.1399,1,0,ACTIVE
L703588,C102148,Personal Loan,739200.0,20.4,36,27620.45,2023-03-31,0.2091,0,45,ACTIVE
L703589,C108248,Auto Finance,1092500.0,22.79,60,30665.76,2026-10-20,0.5039,1,0,ACTIVE
L703590,C110980,Personal Loan,274600.0,14.08,36,9397.3,2026-06-26,0.045,0,0,ACTIVE
L703591,C100967,Credit Card,417300.0,18.67,12,38387.82,2024-11-13,0.5176,0,0,CLOSED
L703592,C106277,Auto Finance,614100.0,,60,16527.04,2024-12-22,0.2062,0,0,ACTIVE
L703593,C109095,Auto Finance,296400.0,17.02,60,7369.29,2024-09-25,0.1129,1,45,ACTIVE
L703594,C105865,Home Finance,124800.0,18.19,180,2027.09,2023-07-16,0.608,0,0,ACTIVE
L703595,C111964,Credit Card,230400.0,22.83,12,21653.05,2026-08-27,0.0598,1,0,ACTIVE
L703596,C106057,Credit Card,127700.0,15.16,12,11539.11,2023-10-06,0.4357,0,15,ACTIVE
L703597,C103662,Auto Finance,257400.0,20.23,60,6852.32,2024-10-29,0.3005,0,15,ACTIVE
L703598,C103505,Personal Loan,357900.0,16.58,36,12685.72,2025-06-09,0.3125,0,15,ACTIVE
L703599,C105817,Home Finance,1383500.0,22.63,180,27026.35,2023-12-14,0.0823,0,0,ACTIVE
L703600,C106664,Auto Finance,548800.0,14.83,60,13006.24,2026-05-13,0.5756,0,15,ACTIVE
L703601,C110313,Personal Loan,622700.0,16.73,36,22116.25,2025-03-09,0.6187,0,281,DEFAULT
L703602,C101914,Personal Loan,93700.0,18.13,36,3393.21,2024-04-01,0.4332,0,7,CLOSED
L703603,C107984,Personal Loan,690700.0,20.29,36,25769.7,2027-03-20,0.69,0,30,ACTIVE
L703604,C106614,Personal Loan,457400.0,21.81,36,17422.65,2025-10-28,0.0,0,0,ACTIVE
L703605,C100459,Auto Finance,1652300.0,16.31,60,40452.96,2024-08-08,0.6156,3,30,CLOSED
L703606,C109310,Personal Loan,448500.0,17.59,36,16120.47,2024-08-06,0.2866,0,7,ACTIVE
L703607,C103500,Auto Finance,176300.0,25.71,60,5248.82,2025-01-07,0.1388,0,30,ACTIVE
L703608,C100575,Auto Finance,408200.0,22.9,60,11484.44,2024-03-03,0.255,0,0,ACTIVE
L703609,C105703,Auto Finance,3454800.0,19.9,60,91337.65,2026-03-28,0.7158,2,7,CLOSED
L703610,C107829,Home Finance,1750700.0,25.69,180,38325.87,2026-06-30,0.4044,0,15,ACTIVE
L703611,C109021,Personal Loan,443300.0,21.45,36,16804.24,2022-10-09,0.3304,0,45,ACTIVE
L703612,C107512,Auto Finance,792000.0,22.12,60,21928.39,2026-04-21,0.1487,0,45,ACTIVE
L703613,C100768,Personal Loan,645000.0,23.85,36,25253.9,2026-05-22,0.4117,0,45,CLOSED
L703614,C109228,Personal Loan,763500.0,15.4,36,26616.83,2023-10-12,0.5937,0,45,ACTIVE
L703615,C106359,Personal Loan,661500.0,16.59,36,23448.45,2026-03-17,0.5154,0,0,CLOSED
L703616,C104809,Credit Card,43800.0,18.64,12,4031.26,2024-09-27,0.5556,1,342,DEFAULT
L703617,C105580,Auto Finance,120600.0,19.26,60,3144.71,2025-09-28,0.2161,1,0,ACTIVE
L703618,C101735,Auto Finance,738500.0,18.54,60,18969.95,2023-12-09,0.5316,2,0,ACTIVE
L703619,C102940,Auto Finance,564800.0,20.77,60,15208.08,2025-03-28,0.349,0,15,ACTIVE
L703620,C110378,Auto Finance,2369200.0,18.49,60,60795.03,2025-08-23,0.719,3,0,CLOSED
L703621,C100903,Home Finance,3454100.0,14.82,180,47917.36,2023-09-07,0.0199,0,0,ACTIVE
L703622,C102495,Home Finance,344000.0,18.56,180,5678.51,2025-01-12,0.0337,1,45,CLOSED
L703623,C104539,Auto Finance,1434800.0,14.91,60,34066.59,2026-03-24,0.2905,1,45,ACTIVE
L703624,C111093,Home Finance,351100.0,19.48,180,6031.7,2025-03-02,0.1897,0,7,ACTIVE
L703625,C109373,Auto Finance,1608200.0,21.89,60,44317.45,2024-09-24,0.3743,1,209,DEFAULT
L703626,C104344,Home Finance,474500.0,20.59,180,8540.54,2025-03-27,0.0397,0,7,ACTIVE
L703627,C100029,Auto Finance,934400.0,22.37,60,26003.14,2025-02-21,0.6908,0,30,ACTIVE
L703628,C105383,Auto Finance,721200.0,24.85,60,21104.19,2024-05-20,0.4975,0,0,CLOSED
L703629,C109703,Personal Loan,230800.0,20.08,36,8586.17,2023-02-24,0.8227,0,0,CLOSED
L703630,C103217,Credit Card,184800.0,22.24,12,17317.16,2027-09-17,0.2266,3,0,ACTIVE
L703631,C101742,Credit Card,157600.0,21.14,12,14681.9,2025-10-08,0.154,0,15,ACTIVE
L703632,C105111,Credit Card,136300.0,,12,12398.83,2026-03-16,0.14,0,15,ACTIVE
L703633,C100840,Credit Card,332500.0,17.92,12,30469.37,2024-02-14,0.7683,1,45,CLOSED
L703634,C109586,Credit Card,150100.0,24.27,12,14216.35,2025-10-09,0.1313,0,15,ACTIVE
L703635,C102936,Personal Loan,729400.0,21.08,36,27509.3,2025-07-16,0.1635,0,15,ACTIVE
L703636,C100640,Credit Card,193500.0,12.79,12,17266.71,2024-03-08,0.2354,1,30,ACTIVE
L703637,C102215,Credit Card,292100.0,18.69,12,26875.94,2025-06-03,0.5228,0,0,ACTIVE
L703638,C104570,Personal Loan,600000.0,20.65,36,22499.21,2023-08-10,0.3332,0,0,ACTIVE
L703639,C109544,Auto Finance,1091000.0,23.28,60,30931.71,2026-01-01,0.6834,1,15,ACTIVE
L703640,C111843,Home Finance,168700.0,22.18,180,3238.36,2027-03-29,0.476,0,0,ACTIVE
L703641,C103169,Personal Loan,368400.0,20.38,36,13762.33,2023-10-16,0.3152,1,0,ACTIVE
L703642,C111455,Auto Finance,3756800.0,19.47,60,98427.39,2024-05-14,0.5862,2,0,ACTIVE
L703643,C105492,Personal Loan,110600.0,22.62,36,4257.83,2027-01-11,0.3975,0,45,ACTIVE
L703644,C102509,Home Finance,857200.0,21.15,180,15788.36,2023-12-06,0.4819,1,0,ACTIVE
L703645,C101896,Home Finance,162600.0,,180,3084.59,2025-08-20,0.5339,0,45,ACTIVE
L703646,C110710,Auto Finance,3301100.0,18.54,60,84798.37,2022-12-01,0.361,1,0,ACTIVE
L703647,C101830,Home Finance,5252700.0,,180,90125.49,2023-08-29,0.2312,0,7,ACTIVE
L703648,C102524,Credit Card,599500.0,12.82,12,53494.8,2026-02-13,0.4444,0,15,ACTIVE
L703649,C103234,Personal Loan,2074100.0,20.06,36,77145.44,2026-05-10,0.3034,0,0,ACTIVE
L703650,C110187,Auto Finance,492700.0,24.03,60,14181.5,2024-06-06,0.0079,0,7,ACTIVE
L703651,C100392,Personal Loan,2398400.0,26.22,36,96912.71,2023-09-18,0.1919,1,0,ACTIVE
L703652,C110725,Auto Finance,3611000.0,,60,90560.47,2023-11-22,0.767,0,0,ACTIVE
L703653,C111711,Credit Card,213500.0,21.91,12,19968.54,2024-01-26,0.205,0,30,ACTIVE
L703654,C101216,Credit Card,90100.0,21.06,12,8390.84,2026-02-21,0.3823,0,0,ACTIVE
L703655,C109534,Auto Finance,989500.0,18.9,60,25614.02,2022-04-02,0.4668,0,7,CLOSED
L703656,C104262,Auto Finance,253400.0,21.02,60,6859.47,2022-06-18,0.0645,0,15,ACTIVE
L703657,C104125,Credit Card,616600.0,14.39,12,55477.25,2026-05-16,0.6153,0,0,ACTIVE
L703658,C104069,Credit Card,95900.0,13.2,12,8570.24,2024-12-20,0.3052,1,0,ACTIVE
L703659,C107409,Credit Card,602200.0,22.11,12,56393.82,2024-07-04,0.4318,0,15,CLOSED
L703660,C100929,Auto Finance,3920800.0,17.94,60,99434.84,2025-12-24,0.3329,1,0,CLOSED
L703661,C100375,Auto Finance,2028200.0,19.01,60,52623.47,2026-07-27,0.5325,1,7,ACTIVE
L703662,C108409,Credit Card,282600.0,,12,25702.97,2024-05-02,0.4499,0,0,ACTIVE
L703663,C100238,Personal Loan,1658200.0,21.6,36,62985.03,2024-03-14,0.1672,0,0,ACTIVE
L703664,C104057,Personal Loan,66800.0,12.55,36,2236.83,2024-06-05,0.5405,0,7,ACTIVE
L703665,C110261,Auto Finance,1042900.0,19.65,60,27428.33,2022-11-01,0.3595,1,0,ACTIVE
L703666,C101018,Home Finance,135300.0,18.97,180,2273.59,2023-07-19,0.5314,0,30,ACTIVE
L703667,C100649,Auto Finance,1943400.0,17.03,60,48330.01,2024-10-02,0.4641,1,30,ACTIVE
L703668,C103698,Auto Finance,326300.0,17.61,60,8218.0,2026-05-07,0.1735,0,7,ACTIVE
L703669,C107660,Auto Finance,170300.0,17.21,60,4250.58,2025-04-24,0.3309,0,45,CLOSED
L703670,C101621,Personal Loan,540200.0,18.15,36,19570.24,2023-05-22,0.4201,0,0,ACTIVE
L703671,C106823,Personal Loan,132400.0,13.15,36,4471.47,2024-11-06,0.3649,0,0,ACTIVE
L703672,C110165,Auto Finance,352700.0,18.98,60,9146.54,2026-10-28,0.3573,0,0,ACTIVE
L703673,C107820,Auto Finance,1145300.0,,60,30565.93,2023-03-12,0.5424,0,0,ACTIVE
L703674,C110326,Personal Loan,750900.0,15.95,36,26380.06,2025-04-23,0.7824,0,0,ACTIVE
L703675,C111377,Personal Loan,983800.0,17.6,36,35369.04,2026-04-15,0.7298,0,0,ACTIVE
L703676,C103118,Auto Finance,201300.0,13.84,60,4666.62,2022-09-14,0.2092,1,15,CLOSED
L703677,C109321,Personal Loan,234400.0,18.28,36,8506.89,2023-12-31,0.4671,0,15,ACTIVE
L703678,C106223,Credit Card,544500.0,21.11,12,50726.19,2024-02-19,0.2797,1,254,DEFAULT
L703679,C109645,Home Finance,1269900.0,23.48,180,25631.13,2023-08-05,0.1393,1,0,ACTIVE
L703680,C102724,Auto Finance,830300.0,19.17,60,21616.72,2023-12-21,0.3256,0,0,ACTIVE
L703681,C106809,Home Finance,424600.0,24.42,180,8877.8,2024-10-12,0.0357,1,0,ACTIVE
L703682,C105002,Personal Loan,1271100.0,21.44,36,48177.68,2025-02-26,0.485,0,30,CLOSED
L703683,C106445,Personal Loan,110000.0,19.51,36,4061.74,2024-03-20,0.3486,0,15,ACTIVE
L703684,C105112,Personal Loan,397500.0,21.59,36,15094.83,2024-11-23,0.0684,0,15,ACTIVE
L703685,C108912,Personal Loan,2009800.0,15.4,36,70066.05,2024-07-11,0.6413,0,15,CLOSED
L703686,C111319,Personal Loan,151500.0,16.57,36,5368.44,2024-01-31,0.4549,1,15,ACTIVE
L703687,C104561,Credit Card,146900.0,17.83,12,13451.92,2024-12-09,0.3123,0,0,CLOSED
L703688,C101558,Home Finance,471200.0,17.36,180,7371.7,2025-11-01,0.2979,0,30,ACTIVE
L703689,C102752,Personal Loan,717500.0,18.06,36,25961.08,2025-11-11,0.2094,1,0,ACTIVE
L703690,C108783,Credit Card,402100.0,16.42,12,36566.95,2023-12-27,0.5556,0,7,ACTIVE
L703691,C110259,Personal Loan,2019300.0,22.59,36,77735.84,2026-02-06,0.2913,0,348,DEFAULT
L703692,C110533,Credit Card,262400.0,24.9,12,24930.9,2025-09-17,0.1619,0,45,ACTIVE
L703693,C108480,Home Finance,160600.0,19.38,180,2746.63,2026-03-30,0.4297,0,0,CLOSED
L703694,C109141,Credit Card,138000.0,22.35,12,12938.93,2025-03-23,0.118,0,0,ACTIVE
L703695,C109624,Auto Finance,247300.0,15.76,60,5983.19,2023-05-31,0.6735,0,45,ACTIVE
L703696,C100876,Credit Card,455300.0,20.55,12,42295.13,2026-08-02,0.3845,0,0,ACTIVE
L703697,C101836,Auto Finance,3153900.0,22.27,60,87592.91,2023-01-30,0.1186,1,0,ACTIVE
L703698,C103634,Credit Card,375800.0,27.52,12,36176.97,2024-10-26,0.541,0,0,ACTIVE
L703699,C106272,Personal Loan,305000.0,19.07,36,11189.23,2026-03-25,0.4867,0,30,CLOSED
L703700,C109326,Home Finance,1272000.0,21.76,180,24011.62,2026-09-17,0.1123,0,0,ACTIVE
L703701,C108942,Home Finance,1740600.0,19.34,180,29725.44,2025-02-22,0.239,0,45,CLOSED
L703702,C106370,Credit Card,311600.0,21.08,12,29026.75,2026-05-28,0.0469,3,182,DEFAULT
L703703,C108594,Credit Card,458900.0,25.57,12,43744.33,2025-01-16,0.6214,1,0,ACTIVE
L703704,C101654,Auto Finance,558500.0,22.35,60,15536.21,2024-09-01,0.5403,0,15,CLOSED
L703705,C106853,Credit Card,447300.0,16.42,12,40675.0,2025-10-13,0.5819,1,7,ACTIVE
L703706,C104039,Personal Loan,1031200.0,18.43,36,37503.56,2025-02-12,0.0714,0,45,ACTIVE
L703707,C109346,Auto Finance,1635400.0,18.99,60,42413.46,2024-07-24,0.3613,0,261,DEFAULT
L703708,C100662,Auto Finance,532200.0,17.6,60,13397.9,2023-12-19,0.6201,0,0,ACTIVE
L703709,C108226,Auto Finance,1142400.0,20.48,60,30573.25,2026-01-28,0.3195,0,0,CLOSED
L703710,C102054,Personal Loan,802600.0,18.25,36,29115.87,2025-12-23,0.415,0,30,ACTIVE
L703711,C107979,Personal Loan,2351500.0,20.42,36,87893.46,2023-11-14,0.8256,2,7,CLOSED
L703712,C101090,Auto Finance,1120000.0,17.03,60,27852.19,2024-08-15,0.2727,0,0,ACTIVE
L703713,C100379,Auto Finance,618100.0,16.93,60,15338.1,2027-04-26,0.6864,0,0,ACTIVE
L703714,C109664,Auto Finance,1104500.0,18.68,60,28457.5,2026-08-04,0.5161,0,0,CLOSED
L703715,C105864,Personal Loan,223000.0,23.95,36,8741.54,2022-07-29,0.2665,0,15,CLOSED
L703716,C105236,Auto Finance,1635200.0,14.06,60,38100.18,2024-03-14,0.3563,0,7,CLOSED
L703717,C105953,Auto Finance,437200.0,17.71,60,11033.55,2024-03-30,0.2956,0,0,ACTIVE
L703718,C101122,Personal Loan,1324000.0,21.72,36,50372.01,2023-04-25,0.4208,1,0,ACTIVE
L703719,C104631,Credit Card,183200.0,21.42,12,17096.48,2023-02-15,0.156,0,30,ACTIVE
L703720,C109274,Auto Finance,118400.0,23.11,60,3344.46,2025-08-23,0.4918,0,0,ACTIVE
L703721,C108331,Credit Card,112200.0,19.89,12,10385.65,2025-12-29,0.5641,0,0,ACTIVE
L703722,C102929,Auto Finance,1882000.0,14.22,60,44005.25,2026-07-12,0.6479,0,0,CLOSED
L703723,C100975,Auto Finance,250100.0,23.48,60,7118.46,2023-03-16,0.2413,0,0,ACTIVE
L703724,C107787,Credit Card,373500.0,18.35,12,34305.2,2027-07-29,0.3126,0,0,ACTIVE
L703725,C100735,Credit Card,178700.0,24.56,12,16942.78,2025-07-18,0.1832,0,30,CLOSED
L703726,C108287,Personal Loan,1194500.0,20.75,36,44851.33,2025-05-13,0.1772,0,45,ACTIVE
L703727,C100067,Auto Finance,174200.0,16.88,60,4318.86,2022-11-27,0.1345,0,0,ACTIVE
L703728,C110175,Personal Loan,1354900.0,23.52,36,52816.75,2025-07-14,0.4456,0,45,ACTIVE
L703729,C102994,Personal Loan,354000.0,13.92,36,12085.75,2023-07-04,0.5381,0,0,CLOSED
L703730,C106910,Credit Card,161800.0,25.28,12,15399.25,2024-10-23,0.1284,0,7,CLOSED
L703731,C107022,Personal Loan,1109300.0,16.0,36,38998.53,2026-07-11,0.2352,0,30,ACTIVE
L703732,C104787,Auto Finance,4934100.0,22.91,60,138839.51,2025-12-02,0.6406,1,0,ACTIVE
L703733,C104130,Auto Finance,1466900.0,14.67,60,34644.07,2026-01-06,0.3011,0,30,ACTIVE
L703734,C109572,Personal Loan,561400.0,22.96,36,21718.56,2025-09-09,0.2508,0,7,ACTIVE
L703735,C103516,Credit Card,78300.0,16.89,12,7137.01,2025-02-17,0.2115,0,30,ACTIVE
L703736,C109078,Auto Finance,1722200.0,19.39,60,45044.5,2024-03-10,0.5039,0,45,ACTIVE
L703737,C108548,Credit Card,144000.0,,12,13219.12,2024-06-12,0.1074,0,0,ACTIVE
L703738,C108879,Auto Finance,857300.0,15.66,60,20692.98,2023-07-18,0.3818,0,0,ACTIVE
L703739,C104861,Auto Finance,1912600.0,22.56,60,53435.17,2027-07-20,0.2927,0,0,ACTIVE
L703740,C106689,Personal Loan,1428900.0,16.87,36,50851.47,2026-05-16,0.8094,1,0,CLOSED
L703741,C105009,Auto Finance,1279500.0,20.69,60,34392.08,2026-10-10,0.4788,1,30,ACTIVE
L703742,C107552,Home Finance,665600.0,16.96,180,10224.28,2023-01-13,0.4301,0,0,ACTIVE
L703743,C110240,Credit Card,115100.0,18.04,12,10554.21,2023-09-14,0.4297,2,331,DEFAULT
L703744,C111315,Home Finance,2956300.0,18.49,180,48654.6,2025-06-02,0.1907,1,30,CLOSED
L703745,C104181,Auto Finance,1372900.0,15.96,60,33356.72,2024-07-05,0.4536,0,228,DEFAULT
L703746,C105086,Credit Card,208700.0,15.82,12,18917.5,2026-01-19,0.2814,0,0,ACTIVE
L703747,C102013,Personal Loan,278500.0,27.5,36,11444.27,2024-12-26,0.5867,1,30,ACTIVE
L703748,C105752,Credit Card,241700.0,25.66,12,23050.27,2026-09-16,0.497,0,30,CLOSED
L703749,C107557,Auto Finance,235200.0,19.87,60,6213.75,2025-02-12,0.5879,0,0,ACTIVE
L703750,C107604,Home Finance,3681600.0,13.86,180,48684.13,2024-05-04,0.5195,1,0,CLOSED
L703751,C101571,Auto Finance,223300.0,18.58,60,5741.26,2026-05-03,0.4254,0,30,ACTIVE
L703752,C110887,Auto Finance,529300.0,22.45,60,14754.29,2025-11-05,0.2762,0,0,ACTIVE
L703753,C102226,Personal Loan,530500.0,,36,19141.62,2023-09-01,0.0358,1,7,ACTIVE
L703754,C101998,Personal Loan,116000.0,20.35,36,4333.43,2025-06-26,0.1849,1,0,ACTIVE
L703755,C107311,Personal Loan,2373000.0,21.45,36,89950.53,2022-07-17,0.4206,0,394,DEFAULT
L703756,C106767,Credit Card,656500.0,29.73,12,63915.12,2023-09-27,0.058,0,0,ACTIVE
L703757,C105069,Auto Finance,1081900.0,17.02,60,26899.08,2023-09-22,0.4487,1,0,ACTIVE
L703758,C111689,Personal Loan,960300.0,18.17,36,34800.4,2023-10-06,0.2158,0,7,ACTIVE
L703759,C105520,Home Finance,4704500.0,13.26,180,60330.55,2024-07-10,0.2478,0,0,ACTIVE
L703760,C108127,Personal Loan,322100.0,16.45,36,11395.08,2026-12-25,0.1762,0,7,ACTIVE
L703761,C106395,Auto Finance,706700.0,,60,19412.86,2023-08-04,0.1396,0,7,CLOSED
L703762,C105245,Credit Card,125200.0,22.17,12,11729.06,2023-03-28,0.0036,0,15,ACTIVE
L703763,C108519,Credit Card,347000.0,22.32,12,32528.91,2025-09-29,0.6091,1,0,ACTIVE
L703764,C102847,Personal Loan,101400.0,23.05,36,3927.89,2024-03-08,0.3803,1,0,CLOSED
L703765,C105791,Personal Loan,428700.0,22.01,36,16376.15,2024-04-26,0.1615,1,0,ACTIVE
L703766,C108402,Personal Loan,1463800.0,23.6,36,57123.39,2025-03-10,0.3666,2,0,ACTIVE
L703767,C100341,Personal Loan,377900.0,19.06,36,13863.3,2023-08-19,0.33,0,206,DEFAULT
L703768,C105764,Credit Card,119400.0,16.71,12,10870.35,2027-05-16,0.2136,0,0,CLOSED
L703769,C103140,Personal Loan,177400.0,17.74,36,6388.53,2025-05-31,0.415,1,0,ACTIVE
L703770,C100329,Credit Card,59700.0,22.52,12,5598.59,2024-10-04,0.6239,1,345,DEFAULT
L703771,C108460,Credit Card,690200.0,11.82,12,61264.53,2022-12-05,0.2418,0,0,ACTIVE
L703772,C100239,Home Finance,3385500.0,16.04,180,49818.02,2025-04-20,0.2871,0,15,ACTIVE
L703773,C109387,Home Finance,257500.0,18.0,180,4146.24,2024-10-16,0.0,0,0,ACTIVE
L703774,C100492,Personal Loan,406900.0,22.28,36,15598.92,2027-04-25,0.2789,0,7,CLOSED
L703775,C101933,Auto Finance,196700.0,19.48,60,5155.85,2024-06-25,0.2677,0,0,ACTIVE
L703776,C110524,Personal Loan,462500.0,21.72,36,17596.66,2025-11-06,0.5821,1,30,ACTIVE
L703777,C107794,Home Finance,440500.0,23.91,180,9036.51,2026-06-06,0.0629,0,30,ACTIVE
L703778,C100204,Credit Card,375000.0,20.53,12,34831.36,2025-05-15,0.7799,0,30,ACTIVE
L703779,C104910,Home Finance,911500.0,15.57,180,13115.42,2025-01-05,0.1798,0,15,ACTIVE
L703780,C103975,Personal Loan,918800.0,13.56,36,31205.64,2024-10-01,0.2218,0,0,ACTIVE
L703781,C104021,Credit Card,305800.0,16.58,12,27832.95,2026-06-17,0.2947,1,30,ACTIVE
L703782,C106781,Auto Finance,1453500.0,21.33,60,39592.0,2024-02-15,0.7966,2,213,DEFAULT
L703783,C107373,Auto Finance,770400.0,18.59,60,19810.83,2025-11-26,0.7114,0,15,ACTIVE
L703784,C105857,Personal Loan,576700.0,,36,23105.09,2024-10-30,0.2121,0,7,ACTIVE
L703785,C109824,Personal Loan,626900.0,19.09,36,23009.59,2025-05-30,0.794,0,15,ACTIVE
L703786,C111061,Auto Finance,1316200.0,22.5,60,36727.99,2022-10-07,0.2697,2,7,ACTIVE
L703787,C109550,Auto Finance,609300.0,17.59,60,15335.77,2026-10-23,0.1321,0,0,ACTIVE
L703788,C108741,Credit Card,232000.0,20.37,12,21531.36,2023-03-26,0.354,0,15,ACTIVE
L703789,C107586,Personal Loan,689300.0,26.06,36,27796.26,2024-08-29,0.832,2,91,DEFAULT
L703790,C110269,Personal Loan,380300.0,16.37,36,13438.69,2022-12-30,0.3217,1,15,CLOSED
L703791,C109150,Credit Card,297500.0,18.19,12,27298.35,2025-04-28,0.1576,1,0,ACTIVE
L703792,C100165,Auto Finance,363800.0,20.09,60,9657.43,2025-08-03,0.4515,0,0,ACTIVE
L703793,C102210,Personal Loan,1750800.0,15.13,36,60803.98,2024-05-14,0.1576,1,45,CLOSED
L703794,C104673,Personal Loan,519600.0,20.48,36,19436.52,2027-04-10,0.4423,0,15,CLOSED
L703795,C106465,Credit Card,294600.0,22.93,12,27703.3,2026-01-05,0.3598,0,0,ACTIVE
L703796,C109676,Auto Finance,461600.0,16.8,60,11422.49,2023-09-28,0.338,0,15,ACTIVE
L703797,C110795,Credit Card,125500.0,16.17,12,11399.48,2026-02-28,0.1419,0,0,ACTIVE
L703798,C104272,Auto Finance,143700.0,23.77,60,4114.47,2025-01-17,0.3764,0,0,ACTIVE
L703799,C105272,Credit Card,466800.0,21.48,12,43573.26,2023-04-26,0.4598,1,383,DEFAULT
L703800,C102352,Credit Card,391900.0,14.75,12,35326.39,2023-09-29,0.1143,2,45,CLOSED
L703801,C101205,Auto Finance,2279800.0,14.83,60,54033.63,2022-05-28,0.8834,1,0,CLOSED
L703802,C106703,Credit Card,185100.0,21.0,12,17235.95,2026-01-25,0.2512,0,30,ACTIVE
L703803,C103402,Credit Card,333200.0,16.85,12,30368.42,2024-07-06,0.0097,0,0,ACTIVE
L703804,C100090,Credit Card,1274000.0,21.54,12,118960.16,2025-03-21,0.8804,0,30,ACTIVE
L703805,C110388,Home Finance,1047200.0,17.12,180,16205.34,2025-02-22,0.1792,0,7,ACTIVE
L703806,C105656,Personal Loan,224100.0,17.19,36,8009.52,2025-01-12,0.391,0,0,ACTIVE
L703807,C106178,Personal Loan,583900.0,18.45,36,21240.55,2024-06-12,0.2018,1,0,ACTIVE
L703808,C109023,Home Finance,576800.0,17.11,180,8921.45,2024-05-16,0.0766,0,0,CLOSED
L703809,C102430,Credit Card,632300.0,,12,57592.68,2025-06-30,0.2401,2,0,ACTIVE
L703810,C106544,Auto Finance,590300.0,20.48,60,15796.91,2023-04-08,0.4407,0,7,ACTIVE
L703811,C106903,Home Finance,4435400.0,15.87,180,64741.05,2024-02-16,0.5106,0,30,CLOSED
L703812,C110539,Personal Loan,774000.0,,36,27218.17,2025-08-17,0.216,0,45,ACTIVE
L703813,C105025,Personal Loan,815600.0,14.75,36,28174.43,2026-03-21,0.5746,1,45,ACTIVE
L703814,C100306,Auto Finance,265900.0,20.03,60,7048.91,2025-09-30,0.4085,0,0,ACTIVE
L703815,C110885,Credit Card,106600.0,14.62,12,9603.55,2023-11-04,0.3422,0,7,CLOSED
L703816,C103226,Auto Finance,276800.0,24.45,60,8034.82,2023-02-14,0.1266,0,0,ACTIVE
L703817,C106991,Credit Card,144500.0,13.14,12,12916.32,2024-01-29,0.1164,0,7,ACTIVE
L703818,C107955,Personal Loan,603600.0,22.69,36,23267.31,2026-01-01,0.584,1,0,ACTIVE
L703819,C108862,Personal Loan,2873600.0,11.64,36,94951.06,2023-09-05,0.5546,2,7,ACTIVE
L703820,C101073,Credit Card,192700.0,21.15,12,17952.99,2023-03-30,0.4572,1,15,CLOSED
L703821,C111643,Auto Finance,3174100.0,18.15,60,80861.21,2025-01-16,0.2515,1,392,DEFAULT
L703822,C111030,Credit Card,438000.0,21.56,12,40904.74,2025-12-12,0.4274,0,0,ACTIVE
L703823,C104667,Credit Card,318200.0,22.82,12,29909.51,2022-12-23,0.5879,1,0,ACTIVE
L703824,C101762,Credit Card,101600.0,14.48,12,9144.46,2025-04-18,0.8253,1,135,DEFAULT
L703825,C109207,Personal Loan,582500.0,13.8,36,19850.58,2024-09-26,0.6731,1,0,ACTIVE
L703826,C103058,Personal Loan,467800.0,17.76,36,16856.87,2026-06-27,0.3974,0,30,ACTIVE
L703827,C101243,Auto Finance,162500.0,20.0,60,4304.17,2023-07-14,0.2937,0,7,ACTIVE
L703828,C110323,Personal Loan,497000.0,15.94,36,17458.03,2025-08-26,0.5209,0,0,ACTIVE
L703829,C104981,Personal Loan,3963500.0,18.47,36,144226.15,2026-02-22,0.6539,0,15,CLOSED
L703830,C100125,Auto Finance,805500.0,18.03,60,20466.64,2025-03-21,0.4278,0,0,CLOSED
L703831,C100542,Personal Loan,1323800.0,16.41,36,46810.76,2026-03-02,0.6507,0,15,ACTIVE
L703832,C109418,Home Finance,3326900.0,19.62,180,57498.52,2024-08-04,0.5429,0,0,ACTIVE
L703833,C101644,Personal Loan,572000.0,28.84,36,23920.71,2026-06-11,0.3949,0,0,ACTIVE
L703834,C105897,Personal Loan,1218000.0,19.83,36,45160.37,2027-01-15,0.6564,0,208,DEFAULT
L703835,C108022,Personal Loan,890700.0,22.08,36,34054.91,2026-04-03,0.0576,0,0,ACTIVE
L703836,C101545,Personal Loan,733900.0,21.63,36,27887.37,2025-11-24,0.2397,0,15,CLOSED
L703837,C106847,Credit Card,96800.0,21.03,12,9011.19,2026-02-28,0.4232,0,0,CLOSED
L703838,C108367,Personal Loan,433100.0,22.49,36,16648.8,2024-12-18,0.5484,1,0,ACTIVE
L703839,C107323,Personal Loan,438800.0,,36,14407.18,2023-03-03,0.41,0,0,CLOSED
L703840,C110311,Personal Loan,1865900.0,14.53,36,64255.1,2025-10-27,0.7851,1,0,CLOSED
L703841,C107768,Personal Loan,1030000.0,18.01,36,37240.37,2023-06-15,0.5359,0,0,ACTIVE
L703842,C110352,Auto Finance,1510600.0,22.67,60,42298.62,2027-01-29,0.7446,2,343,DEFAULT
L703843,C100993,Credit Card,279100.0,14.36,12,25109.39,2024-11-30,0.6197,1,0,ACTIVE
L703844,C111656,Credit Card,548400.0,21.51,12,51200.35,2023-09-27,0.2388,1,0,CLOSED
L703845,C109554,Personal Loan,265100.0,19.29,36,9757.42,2023-08-13,0.5642,0,0,ACTIVE
L703846,C109087,Home Finance,246300.0,22.27,180,4743.96,2025-09-19,0.7702,0,45,ACTIVE
L703847,C103190,Credit Card,247300.0,26.54,12,23690.79,2025-01-21,0.3952,1,0,ACTIVE
L703848,C102522,Personal Loan,418800.0,20.5,36,15669.69,2023-10-12,0.5195,0,30,ACTIVE
L703849,C109020,Auto Finance,358000.0,19.67,60,9419.5,2027-09-01,0.3296,0,0,ACTIVE
L703850,C111410,Credit Card,1131400.0,15.71,12,102498.33,2025-11-18,0.4861,0,0,ACTIVE
L703851,C105364,Personal Loan,937900.0,19.5,36,34618.95,2026-01-25,0.8737,0,45,ACTIVE
L703852,C108063,Home Finance,14024200.0,12.66,180,174314.31,2023-08-24,0.2688,1,0,CLOSED
L703853,C109646,Auto Finance,608400.0,17.13,60,15161.69,2023-12-13,0.5123,0,45,ACTIVE
L703854,C109708,Credit Card,274700.0,,12,25075.51,2023-09-18,0.5547,3,7,ACTIVE
L703855,C107687,Credit Card,733600.0,22.94,12,68995.46,2024-07-18,0.6088,0,384,DEFAULT
L703856,C108167,Home Finance,441600.0,19.51,180,7597.22,2025-02-16,0.5087,0,45,ACTIVE
L703857,C111919,Personal Loan,227500.0,17.83,36,8203.91,2026-03-16,0.2376,0,30,CLOSED
L703858,C104531,Credit Card,263900.0,15.26,12,23848.98,2022-10-06,0.2187,0,243,DEFAULT
L703859,C107831,Auto Finance,360100.0,12.07,60,8023.5,2025-12-09,0.4652,1,0,CLOSED
L703860,C107379,Personal Loan,263300.0,21.52,36,9990.15,2025-06-26,0.3019,1,7,ACTIVE
L703861,C105725,Personal Loan,300100.0,17.47,36,10770.78,2026-04-29,0.2892,0,7,CLOSED
L703862,C110142,Credit Card,722700.0,18.26,12,66349.97,2024-07-15,0.5927,0,132,DEFAULT
L703863,C108091,Home Finance,1461200.0,22.8,180,28733.15,2025-07-30,0.4975,0,0,CLOSED
L703864,C108294,Personal Loan,828500.0,14.32,36,28446.72,2024-01-21,0.4935,1,0,ACTIVE
L703865,C110614,Personal Loan,217700.0,17.48,36,7812.69,2023-04-20,0.5322,0,30,CLOSED
L703866,C101250,Personal Loan,1077800.0,15.95,36,37865.76,2026-01-21,0.1994,0,0,ACTIVE
L703867,C102941,Credit Card,245000.0,16.71,12,22315.24,2023-03-14,0.4391,1,384,DEFAULT
L703868,C110421,Home Finance,1437800.0,20.83,180,26137.65,2024-09-21,0.2455,1,0,ACTIVE
L703869,C103801,Home Finance,622300.0,20.48,180,11151.12,2027-04-22,0.3338,0,0,ACTIVE
L703870,C111497,Personal Loan,1669400.0,22.13,36,63866.28,2023-10-19,0.5275,0,30,ACTIVE
L703871,C106575,Auto Finance,374700.0,18.22,60,9560.31,2026-12-28,0.0609,0,0,CLOSED
L703872,C111723,Personal Loan,352200.0,20.14,36,13114.32,2024-06-16,0.2654,0,45,ACTIVE
L703873,C106746,Credit Card,70300.0,16.54,12,6397.33,2025-10-19,0.3978,0,0,ACTIVE
L703874,C101028,Personal Loan,1563900.0,16.73,36,55546.45,2026-01-29,0.103,0,0,ACTIVE
L703875,C101450,Home Finance,462300.0,22.09,180,8841.09,2024-09-11,0.1131,0,0,ACTIVE
L703876,C104309,Personal Loan,433400.0,19.74,36,16048.12,2025-01-25,0.2034,2,30,ACTIVE
L703877,C104443,Credit Card,521000.0,25.3,12,49595.87,2024-03-02,0.3107,1,0,ACTIVE
L703878,C105615,Personal Loan,972000.0,18.66,36,35462.76,2027-04-02,0.547,0,7,ACTIVE
L703879,C107390,Auto Finance,891100.0,19.41,60,23318.38,2024-07-26,0.2986,0,0,ACTIVE
L703880,C110924,Credit Card,228600.0,23.9,12,21609.4,2026-01-14,0.5972,1,0,ACTIVE
L703881,C107837,Personal Loan,1850300.0,10.31,36,59972.92,2026-12-30,0.1739,1,0,ACTIVE
L703882,C107916,Personal Loan,396900.0,18.95,36,14539.77,2026-11-05,0.4306,0,30,ACTIVE
L703883,C102255,Personal Loan,124200.0,18.37,36,4513.1,2022-12-06,0.3077,0,30,ACTIVE
L703884,C102720,Home Finance,692500.0,16.5,180,10413.2,2026-04-08,0.1085,0,30,CLOSED
L703885,C111892,Credit Card,196700.0,15.94,12,17840.58,2024-01-11,0.2755,0,0,ACTIVE
L703886,C106714,Credit Card,102600.0,19.35,12,9471.87,2024-07-24,0.1764,0,0,ACTIVE
L703887,C105788,Credit Card,468000.0,17.18,12,42722.15,2023-05-26,0.4803,2,0,CLOSED
L703888,C106090,Credit Card,553700.0,20.65,12,51468.75,2023-02-14,0.0847,0,0,ACTIVE
L703889,C109357,Auto Finance,1180600.0,20.63,60,31693.79,2026-01-12,0.6012,0,7,ACTIVE
L703890,C108458,Personal Loan,813000.0,,36,32579.41,2025-05-12,0.1097,0,30,ACTIVE
L703891,C108272,Personal Loan,1260000.0,19.65,36,46600.66,2025-12-10,0.5121,0,0,CLOSED
L703892,C105032,Personal Loan,268000.0,17.55,36,9629.75,2027-03-03,0.4243,0,45,ACTIVE
L703893,C110360,Personal Loan,110300.0,15.79,36,3867.75,2027-04-21,0.2585,0,0,CLOSED
L703894,C102923,Credit Card,193900.0,21.97,12,18142.17,2026-01-25,0.7036,1,7,ACTIVE
L703895,C108759,Credit Card,129000.0,17.95,12,11824.01,2022-05-30,0.2866,0,0,ACTIVE
L703896,C104375,Personal Loan,159900.0,24.74,36,6333.74,2023-10-30,0.3652,0,0,ACTIVE
L703897,C110194,Home Finance,635500.0,23.92,180,13040.37,2024-05-13,0.3454,0,0,ACTIVE
L703898,C110702,Home Finance,1004100.0,18.11,180,16249.89,2023-08-15,0.2478,0,15,CLOSED
L703899,C103172,Auto Finance,101700.0,18.95,60,2634.12,2026-01-18,0.1581,0,0,ACTIVE
L703900,C106977,Home Finance,815300.0,21.36,180,15145.15,2024-03-11,0.0561,0,0,ACTIVE
L703901,C105170,Personal Loan,163600.0,19.55,36,6042.35,2023-08-19,0.047,0,7,ACTIVE
L703902,C106158,Credit Card,105200.0,22.61,12,9873.86,2025-05-15,0.2955,0,30,ACTIVE
L703903,C107753,Personal Loan,904500.0,19.69,36,33470.43,2026-10-19,0.4777,1,0,ACTIVE
L703904,C107894,Auto Finance,644000.0,16.94,60,15985.33,2023-10-16,0.7312,0,0,CLOSED
L703905,C110686,Home Finance,449100.0,19.69,180,7785.53,2022-10-02,0.3622,0,7,ACTIVE
L703906,C111782,Credit Card,330100.0,18.94,12,30412.96,2025-06-15,0.3793,1,15,CLOSED
L703907,C101703,Credit Card,481200.0,16.12,12,43683.68,2023-07-26,0.6183,0,7,ACTIVE
L703908,C104872,Personal Loan,1430800.0,17.04,36,51038.97,2023-04-05,0.4833,0,7,ACTIVE
L703909,C109164,Auto Finance,155600.0,21.17,60,4223.19,2025-08-30,0.4206,0,15,ACTIVE
L703910,C102555,Credit Card,183400.0,13.32,12,16409.97,2025-11-10,0.3277,0,30,CLOSED
L703911,C107803,Personal Loan,226100.0,22.28,36,8667.39,2025-03-11,0.3141,0,15,ACTIVE
L703912,C108772,Auto Finance,1229300.0,22.24,60,34119.37,2025-01-13,0.3791,0,0,ACTIVE
L703913,C100765,Auto Finance,2894800.0,,60,81075.23,2023-09-14,0.2079,0,30,ACTIVE
L703914,C102115,Personal Loan,253700.0,21.69,36,9647.64,2022-12-25,0.2189,1,0,ACTIVE
L703915,C110660,Personal Loan,431100.0,21.72,36,16403.15,2023-03-12,0.1695,0,15,ACTIVE
L703916,C106042,Home Finance,7971100.0,18.77,180,132807.79,2023-10-24,0.1673,0,0,CLOSED
L703917,C100106,Credit Card,268200.0,,12,24610.51,2026-03-30,0.4703,0,119,DEFAULT
L703918,C108673,Personal Loan,1062500.0,,36,39173.23,2023-08-26,0.7338,1,30,CLOSED
L703919,C103460,Credit Card,440200.0,26.58,12,42173.11,2025-04-27,0.1995,0,0,ACTIVE
L703920,C103329,Auto Finance,466100.0,18.91,60,12068.47,2024-02-16,0.5425,0,0,ACTIVE
L703921,C109970,Credit Card,274800.0,17.63,12,25144.94,2024-06-28,0.4081,0,0,ACTIVE
L703922,C101142,Personal Loan,396100.0,18.94,36,14506.14,2025-08-01,0.3703,0,30,ACTIVE
L703923,C106780,Home Finance,4333500.0,19.71,180,75181.72,2025-08-16,0.7514,0,0,ACTIVE
L703924,C102141,Personal Loan,704900.0,25.87,36,28351.61,2023-04-29,0.4691,1,0,ACTIVE
L703925,C111573,Auto Finance,1633600.0,20.68,60,43902.03,2022-08-23,0.5921,2,15,ACTIVE
L703926,C109399,Auto Finance,1098200.0,19.95,60,29064.06,2023-03-14,0.5245,0,0,ACTIVE
L703927,C102284,Auto Finance,1721900.0,16.33,60,42176.57,2023-04-17,0.147,0,7,ACTIVE
L703928,C100923,Credit Card,291300.0,17.7,12,26662.8,2026-03-11,0.3186,1,7,ACTIVE
L703929,C106650,Credit Card,582300.0,23.17,12,54826.88,2025-02-14,0.457,1,0,ACTIVE
L703930,C101873,Credit Card,87200.0,19.98,12,8079.73,2025-06-30,0.3894,0,15,ACTIVE
L703931,C101101,Credit Card,49300.0,19.76,12,4557.57,2023-04-16,0.2846,0,45,ACTIVE
L703932,C109786,Credit Card,43400.0,16.52,12,3952.07,2027-07-08,0.3277,0,0,ACTIVE
L703933,C110445,Personal Loan,972300.0,14.95,36,33680.24,2024-05-22,0.9132,0,15,ACTIVE
L703934,C106881,Home Finance,1067000.0,22.94,180,21095.32,2023-04-13,0.1348,1,15,CLOSED
L703935,C104252,Credit Card,64200.0,22.89,12,6038.4,2024-08-26,0.081,0,7,ACTIVE
L703936,C111312,Personal Loan,587500.0,18.6,36,21417.13,2026-09-22,0.3063,1,0,CLOSED
L703937,C111240,Credit Card,662000.0,18.11,12,60729.12,2023-08-20,0.2743,0,15,ACTIVE
L703938,C100514,Home Finance,359800.0,19.74,180,6250.19,2025-09-17,0.2826,1,0,ACTIVE
L703939,C109419,Credit Card,528700.0,20.06,12,48987.51,2025-08-13,0.2432,1,15,ACTIVE
L703940,C103383,Credit Card,88400.0,16.31,12,8037.05,2024-08-22,0.4686,0,0,ACTIVE
L703941,C101691,Personal Loan,1888300.0,21.65,36,71773.94,2024-03-04,0.2562,1,0,ACTIVE
L703942,C107275,Auto Finance,1126600.0,24.57,60,32784.99,2026-08-07,0.2175,2,0,CLOSED
L703943,C104150,Auto Finance,1098000.0,20.95,60,29673.12,2023-05-29,0.5828,1,30,ACTIVE
L703944,C107345,Home Finance,860200.0,24.69,180,18162.64,2026-03-26,0.0989,0,30,ACTIVE
L703945,C100455,Auto Finance,166600.0,21.38,60,4541.93,2026-02-02,0.0046,0,45,ACTIVE
L703946,C104794,Credit Card,365400.0,19.59,12,33775.94,2024-05-30,0.1855,0,0,ACTIVE
L703947,C111174,Auto Finance,1071500.0,20.68,60,28795.87,2026-01-12,0.1703,0,45,ACTIVE
L703948,C111461,Personal Loan,459500.0,20.49,36,17192.49,2025-11-18,0.06,1,0,ACTIVE
L703949,C111955,Auto Finance,1021800.0,17.99,60,25941.43,2024-09-13,0.684,0,45,ACTIVE
L703950,C105439,Home Finance,966800.0,19.22,180,16425.29,2025-08-28,0.6055,1,0,ACTIVE
L703951,C103884,Credit Card,22000.0,15.19,12,1991.57,2025-11-21,0.5382,0,0,ACTIVE
L703952,C102288,Home Finance,372200.0,18.0,180,5993.81,2024-04-21,0.2722,0,0,ACTIVE
L703953,C109275,Auto Finance,399200.0,,60,11106.16,2024-11-16,0.4661,1,30,ACTIVE
L703954,C100322,Credit Card,38200.0,22.52,12,3586.77,2023-03-19,0.4072,0,0,ACTIVE
L703955,C104163,Personal Loan,869200.0,17.92,36,31387.28,2026-11-27,0.3807,0,30,CLOSED
L703956,C104743,Credit Card,96200.0,17.07,12,8780.92,2026-04-07,0.3369,0,30,ACTIVE
L703957,C110580,Personal Loan,589900.0,23.69,36,23048.29,2026-12-08,0.0708,0,45,ACTIVE
L703958,C103913,Auto Finance,1349900.0,21.47,60,36877.5,2024-05-01,0.2489,2,7,ACTIVE
L703959,C106586,Credit Card,163400.0,19.12,12,15070.8,2025-05-26,0.5465,1,337,DEFAULT
L703960,C103695,Personal Loan,834100.0,18.79,36,30486.65,2023-10-17,0.6328,0,347,DEFAULT
L703961,C100888,Auto Finance,429400.0,18.68,60,11063.01,2027-01-14,0.2571,0,0,ACTIVE
L703962,C103020,Personal Loan,2701400.0,15.17,36,93869.38,2023-01-22,0.2589,1,7,ACTIVE
L703963,C100737,Personal Loan,565000.0,16.6,36,20032.97,2025-01-26,0.2511,2,0,ACTIVE
L703964,C108053,Credit Card,116100.0,17.8,12,10632.88,2024-10-06,0.3391,0,0,ACTIVE
L703965,C106802,Credit Card,403300.0,16.18,12,36622.12,2023-05-30,0.0986,0,0,CLOSED
L703966,C107814,Personal Loan,1929000.0,17.9,36,69640.87,2026-01-12,0.5568,0,45,ACTIVE
L703967,C108355,Personal Loan,990900.0,22.01,36,37846.55,2022-12-26,0.4284,0,7,ACTIVE
L703968,C109464,Personal Loan,1501000.0,16.59,36,53208.01,2027-03-14,0.1745,0,15,ACTIVE
L703969,C107460,Auto Finance,4190400.0,24.28,60,121229.84,2024-09-17,0.7513,1,45,ACTIVE
L703970,C105198,Credit Card,1140500.0,19.31,12,105277.81,2025-09-07,0.4794,4,93,DEFAULT
L703971,C108868,Auto Finance,745800.0,,60,21690.29,2024-06-26,0.1326,0,7,ACTIVE
L703972,C103061,Home Finance,962700.0,21.26,180,17810.03,2025-09-19,0.4584,1,7,ACTIVE
L703973,C108763,Auto Finance,2208300.0,21.88,60,60840.06,2023-11-08,0.4326,0,30,ACTIVE
L703974,C100772,Personal Loan,403400.0,17.41,36,14465.85,2026-10-27,0.3687,0,0,ACTIVE
L703975,C105313,Auto Finance,630200.0,27.55,60,19452.15,2023-08-09,0.3187,0,0,ACTIVE
L703976,C103108,Personal Loan,518000.0,17.94,36,18710.96,2023-08-31,0.3787,0,0,ACTIVE
L703977,C107845,Personal Loan,1377900.0,23.18,36,53466.91,2025-04-12,0.5439,0,7,ACTIVE
L703978,C104081,Home Finance,3087000.0,12.55,180,38148.59,2022-03-05,0.5222,0,0,ACTIVE
L703979,C107742,Personal Loan,571100.0,19.81,36,21169.84,2025-11-27,0.1983,0,30,ACTIVE
L703980,C105184,Auto Finance,674700.0,24.23,60,19499.56,2026-08-28,0.1968,1,30,ACTIVE
L703981,C103341,Auto Finance,352300.0,13.61,60,8125.34,2026-08-05,0.594,0,15,ACTIVE
L703982,C103658,Personal Loan,1157100.0,21.41,36,43838.15,2025-03-08,0.0064,0,0,ACTIVE
L703983,C111926,Home Finance,557600.0,20.36,180,9941.83,2024-07-03,0.4113,0,0,ACTIVE
L703984,C106725,Auto Finance,984200.0,,60,22127.08,2022-12-01,0.1029,0,0,ACTIVE
L703985,C111283,Personal Loan,1182300.0,21.45,36,44817.5,2023-10-28,0.6223,0,0,ACTIVE
L703986,C103080,Auto Finance,477000.0,23.15,60,13488.43,2025-11-01,0.3295,0,30,ACTIVE
L703987,C111699,Credit Card,810500.0,24.14,12,76696.12,2024-02-16,0.3433,1,0,ACTIVE
L703988,C101498,Credit Card,345300.0,18.26,12,31703.66,2024-10-01,0.5393,1,7,ACTIVE
L703989,C106215,Credit Card,404100.0,17.8,12,37004.96,2024-12-28,0.4285,0,0,ACTIVE
L703990,C101211,Auto Finance,419700.0,22.73,60,11766.74,2026-09-25,0.3022,1,15,ACTIVE
L703991,C100526,Personal Loan,369800.0,22.63,36,14245.49,2024-09-07,0.3675,0,45,ACTIVE
L703992,C102683,Credit Card,858200.0,16.04,12,77877.91,2024-09-04,0.5121,2,345,DEFAULT
L703993,C104727,Auto Finance,2049900.0,10.11,60,43665.45,2025-07-01,0.5902,1,0,ACTIVE
L703994,C101531,Auto Finance,261500.0,20.99,60,7072.61,2026-06-18,0.4439,0,174,DEFAULT
L703995,C106920,Auto Finance,401600.0,19.82,60,10599.79,2024-03-11,0.5416,0,15,CLOSED
L703996,C100736,Credit Card,249300.0,,12,22694.35,2027-01-20,0.3678,0,30,ACTIVE
L703997,C110083,Home Finance,1830300.0,,180,31915.55,2023-12-05,0.3771,0,0,ACTIVE
L703998,C105219,Auto Finance,320900.0,25.68,60,9547.78,2026-09-21,0.1139,0,0,ACTIVE
L703999,C107584,Auto Finance,625200.0,28.02,60,19472.85,2024-11-13,0.158,1,0,ACTIVE
L704000,C104430,Credit Card,877500.0,21.21,12,81795.62,2024-02-11,0.2788,0,0,CLOSED
L704001,C102997,Home Finance,1049400.0,29.01,180,25717.18,2024-05-01,0.4369,0,0,ACTIVE
L704002,C104593,Personal Loan,1918400.0,13.03,36,64666.85,2024-12-22,0.2699,1,0,ACTIVE
L704003,C107746,Personal Loan,1443600.0,15.13,36,50136.35,2027-03-20,0.1748,1,0,CLOSED
L704004,C102302,Credit Card,420100.0,13.99,12,37718.28,2026-03-30,0.5792,0,45,ACTIVE
L704005,C107405,Home Finance,1115600.0,22.1,180,21344.03,2025-12-31,0.1805,1,45,ACTIVE
L704006,C108024,Auto Finance,588900.0,15.07,60,14031.56,2024-12-01,0.1091,0,0,ACTIVE
L704007,C110574,Credit Card,133500.0,21.15,12,12442.28,2023-10-14,0.7829,0,0,ACTIVE
L704008,C103982,Credit Card,77400.0,17.73,12,7088.94,2025-11-03,0.397,0,0,ACTIVE
L704009,C111609,Credit Card,453900.0,17.34,12,41467.77,2023-01-08,0.769,0,15,CLOSED
L704010,C103582,Auto Finance,225700.0,18.49,60,5791.12,2024-07-15,0.5461,0,0,ACTIVE
L704011,C107322,Credit Card,253300.0,14.73,12,22832.9,2025-02-26,0.2874,0,0,ACTIVE
L704012,C107087,Personal Loan,773900.0,,36,29986.61,2026-01-05,0.2086,0,45,ACTIVE
L704013,C103286,Auto Finance,133100.0,24.39,60,3858.94,2026-03-30,0.3075,0,15,ACTIVE
L704014,C108289,Personal Loan,490500.0,19.99,36,18227.07,2023-09-01,0.3524,1,45,ACTIVE
L704015,C104580,Auto Finance,232500.0,21.19,60,6315.18,2022-06-14,0.2599,0,45,CLOSED
L704016,C103434,Personal Loan,933300.0,17.59,36,33549.59,2023-11-13,0.6592,0,0,CLOSED
L704017,C103465,Auto Finance,315500.0,17.11,60,7859.27,2022-12-08,0.4862,0,7,CLOSED
L704018,C107668,Auto Finance,803000.0,17.44,60,20146.39,2025-09-01,0.4337,0,0,CLOSED
L704019,C104371,Auto Finance,236800.0,17.51,60,5949.8,2027-06-21,0.2971,0,7,ACTIVE
L704020,C107116,Credit Card,219000.0,16.53,12,19925.99,2024-08-10,0.5656,3,0,CLOSED
L704021,C101549,Credit Card,475200.0,19.8,12,43971.97,2024-04-09,0.5164,0,0,ACTIVE
L704022,C102961,Personal Loan,499300.0,20.24,36,18615.98,2024-04-25,0.2662,0,7,ACTIVE
L704023,C111933,Personal Loan,945800.0,21.77,36,36006.36,2025-10-25,0.5189,0,45,ACTIVE
L704024,C103791,Credit Card,1303900.0,17.16,12,119024.16,2026-03-23,0.2719,2,45,CLOSED
L704025,C101209,Personal Loan,1329100.0,15.16,36,46177.74,2026-01-14,0.3968,0,0,ACTIVE
L704026,C106828,Credit Card,268600.0,18.58,12,24701.43,2024-11-03,0.7516,0,0,CLOSED
L704027,C106429,Personal Loan,193800.0,14.84,36,6701.66,2023-11-11,0.5784,0,0,ACTIVE
L704028,C103686,Personal Loan,419600.0,16.72,36,14902.25,2024-12-02,0.4777,0,0,ACTIVE
L704029,C100651,Personal Loan,455300.0,23.85,36,17827.68,2023-09-03,0.5008,0,45,ACTIVE
L704030,C104225,Credit Card,211000.0,19.31,12,19472.15,2025-12-31,0.5073,0,30,ACTIVE
L704031,C108462,Auto Finance,797300.0,16.67,60,19673.42,2025-02-18,0.0682,0,0,ACTIVE
L704032,C105569,Credit Card,243500.0,19.72,12,22526.9,2025-10-20,0.4022,0,15,CLOSED
L704033,C104917,Personal Loan,319400.0,18.82,36,11680.29,2025-06-08,0.2682,0,7,ACTIVE
L704034,C111070,Credit Card,55400.0,19.52,12,5120.86,2023-06-01,0.4431,0,0,CLOSED
L704035,C105027,Personal Loan,120700.0,16.14,36,4251.71,2025-02-06,0.2381,0,45,ACTIVE
L704036,C105853,Personal Loan,149200.0,16.45,36,5276.98,2022-10-09,0.4075,0,15,ACTIVE
L704037,C101193,Credit Card,168600.0,17.57,12,15423.9,2023-07-07,0.1775,0,45,CLOSED
L704038,C107947,Auto Finance,1456200.0,18.45,60,37336.36,2025-03-28,0.3529,0,45,CLOSED
L704039,C110526,Auto Finance,672800.0,17.73,60,16986.04,2024-07-03,0.0344,1,0,ACTIVE
L704040,C104338,Personal Loan,1418700.0,17.57,36,50982.26,2022-12-27,0.7227,0,0,ACTIVE
L704041,C111823,Credit Card,164400.0,,12,14599.24,2026-09-14,0.1056,0,0,ACTIVE
L704042,C110998,Personal Loan,1645100.0,16.56,36,58293.08,2023-10-14,0.2303,0,0,ACTIVE
L704043,C103389,Auto Finance,807900.0,17.85,60,20450.41,2023-09-17,0.4834,1,0,ACTIVE
L704044,C104859,Credit Card,68600.0,19.46,12,6340.47,2025-04-12,0.1017,0,378,DEFAULT
L704045,C104118,Home Finance,2073900.0,19.87,180,36225.64,2024-03-11,0.5017,0,0,ACTIVE
L704046,C109088,Credit Card,792400.0,18.36,12,72783.57,2024-08-07,0.4702,0,30,CLOSED
L704047,C109849,Auto Finance,798100.0,19.66,60,20994.08,2025-02-24,0.3728,0,0,ACTIVE
L704048,C102508,Auto Finance,1428400.0,14.8,60,33830.97,2025-05-05,0.3186,1,0,ACTIVE
L704049,C106131,Personal Loan,1338900.0,20.98,36,50429.51,2025-08-13,0.1643,0,0,ACTIVE
L704050,C100885,Auto Finance,512100.0,20.61,60,13743.19,2023-11-08,0.0305,0,45,ACTIVE
L704051,C110866,Personal Loan,230500.0,20.03,36,8568.44,2023-04-01,0.114,0,7,ACTIVE
L704052,C104145,Home Finance,899800.0,17.24,180,14001.09,2025-09-24,0.6007,1,7,CLOSED
L704053,C107318,Credit Card,30100.0,18.91,12,2768.55,2024-05-04,0.4498,0,15,ACTIVE
L704054,C106687,Personal Loan,906700.0,23.1,36,35144.3,2025-04-08,0.6022,0,325,DEFAULT
L704055,C108180,Auto Finance,499700.0,17.1,60,12445.4,2023-04-04,0.2259,1,30,ACTIVE
L704056,C100468,Personal Loan,536900.0,25.82,36,21581.37,2025-03-24,0.5336,2,30,ACTIVE
L704057,C104898,Credit Card,601900.0,16.92,12,54871.59,2024-05-07,0.0793,0,7,ACTIVE
L704058,C100100,Personal Loan,794100.0,15.72,36,27809.57,2024-03-13,0.232,0,0,ACTIVE
L704059,C108314,Auto Finance,1383600.0,15.33,60,33155.15,2025-11-20,0.5571,0,0,ACTIVE
L704060,C104718,Personal Loan,270800.0,14.01,36,9256.15,2026-01-12,0.5631,0,30,CLOSED
L704061,C110134,Home Finance,1359700.0,22.16,180,26077.31,2024-07-06,0.2047,0,0,ACTIVE
L704062,C102258,Personal Loan,1028400.0,13.24,36,34769.25,2023-12-23,0.6719,3,0,ACTIVE
L704063,C107334,Home Finance,2785500.0,17.46,180,43779.88,2026-08-28,0.332,0,0,CLOSED
L704064,C106810,Home Finance,719800.0,14.06,180,9614.66,2023-09-25,0.2916,0,0,ACTIVE
L704065,C105228,Credit Card,483300.0,17.35,12,44156.45,2023-04-26,0.6581,0,30,ACTIVE
L704066,C109764,Personal Loan,1424200.0,17.65,36,51238.45,2026-10-14,0.399,0,30,CLOSED
L704067,C109248,Home Finance,1252500.0,17.74,180,19936.0,2026-02-11,0.3202,0,0,ACTIVE
L704068,C106394,Auto Finance,684000.0,22.34,60,19022.43,2026-05-21,0.3932,0,7,ACTIVE
L704069,C107394,Auto Finance,145000.0,23.22,60,4104.79,2024-07-08,0.4284,0,0,ACTIVE
L704070,C105663,Personal Loan,1212400.0,17.11,36,43290.05,2023-08-27,0.2465,0,30,ACTIVE
L704071,C111550,Credit Card,194100.0,18.31,12,17826.33,2025-05-31,0.7782,0,0,ACTIVE
L704072,C101955,Auto Finance,6046500.0,18.25,60,154366.11,2026-07-03,0.2699,0,30,ACTIVE
L704073,C106363,Personal Loan,344500.0,27.56,36,14166.92,2025-02-19,0.0001,0,15,CLOSED
L704074,C110182,Home Finance,1944900.0,14.2,180,26163.32,2024-10-27,0.1811,0,0,ACTIVE
L704075,C109162,Credit Card,232300.0,19.67,12,21485.91,2024-02-07,0.331,0,30,ACTIVE
L704076,C100065,Personal Loan,905000.0,21.76,36,34449.05,2025-10-27,0.4659,0,0,ACTIVE
L704077,C106513,Personal Loan,530000.0,19.08,36,19450.64,2026-02-27,0.4357,2,0,ACTIVE
L704078,C106639,Auto Finance,1487000.0,14.65,60,35102.48,2024-12-21,0.3353,0,30,ACTIVE
L704079,C105108,Auto Finance,114400.0,14.71,60,2703.73,2026-03-22,0.3318,0,0,ACTIVE
L704080,C102868,Credit Card,279400.0,16.08,12,25359.02,2023-02-24,0.6621,0,45,ACTIVE
L704081,C109047,Home Finance,2464500.0,19.57,180,42503.02,2024-01-13,0.2274,1,0,ACTIVE
L704082,C101636,Home Finance,939200.0,16.99,180,14447.02,2025-10-30,0.3728,0,30,ACTIVE
L704083,C109986,Auto Finance,963400.0,21.63,60,26406.17,2026-02-03,0.6174,0,0,CLOSED
L704084,C107243,Personal Loan,675800.0,29.35,36,28449.97,2023-05-11,0.8312,0,7,ACTIVE
L704085,C108033,Personal Loan,2161300.0,24.39,36,85237.42,2025-04-19,0.6451,1,0,ACTIVE
L704086,C109271,Personal Loan,1514000.0,16.42,36,53541.22,2023-02-04,0.5851,0,0,ACTIVE
L704087,C111668,Auto Finance,1052900.0,22.98,60,29669.56,2025-04-29,0.6766,1,350,DEFAULT
L704088,C102214,Credit Card,121500.0,20.81,12,11302.94,2023-09-30,0.1303,0,0,ACTIVE
L704089,C104559,Credit Card,145400.0,19.39,12,13425.06,2027-02-21,0.2181,0,7,ACTIVE
L704090,C105404,Personal Loan,735200.0,17.15,36,26266.55,2025-10-06,0.0649,0,15,ACTIVE
L704091,C107640,Personal Loan,189900.0,17.03,36,6774.47,2023-04-22,0.3944,1,0,ACTIVE
L704092,C109093,Credit Card,301500.0,14.72,12,27170.22,2025-09-18,0.265,1,213,DEFAULT
L704093,C104296,Auto Finance,2882200.0,19.19,60,75068.16,2023-12-18,0.5716,1,0,ACTIVE
L704094,C102691,Auto Finance,169800.0,24.71,60,4954.56,2026-12-11,0.4317,0,0,ACTIVE
L704095,C100160,Personal Loan,856300.0,17.4,36,30700.63,2024-10-12,0.7093,3,7,ACTIVE
L704096,C110218,Credit Card,170800.0,22.07,12,15991.95,2025-02-17,0.6727,0,7,ACTIVE
L704097,C108850,Credit Card,139600.0,22.48,12,13096.4,2024-11-06,0.3379,0,0,ACTIVE
L704098,C111486,Credit Card,542200.0,18.6,12,49864.65,2025-01-22,0.3531,1,0,ACTIVE
L704099,C107256,Personal Loan,973900.0,22.74,36,37568.23,2026-01-21,0.6597,0,30,ACTIVE
L704100,C104618,Home Finance,6554200.0,17.82,180,104702.84,2025-03-14,0.1331,0,30,ACTIVE
L704101,C102051,Personal Loan,330600.0,17.34,36,11843.73,2025-07-03,0.4337,0,0,CLOSED
L704102,C109875,Home Finance,760400.0,17.38,180,11907.58,2023-06-18,0.0859,0,15,ACTIVE
L704103,C103854,Personal Loan,792900.0,26.76,36,32266.29,2025-10-14,0.2215,1,297,DEFAULT
L704104,C110757,Personal Loan,155400.0,21.09,36,5863.37,2025-12-16,0.0972,0,268,DEFAULT
L704105,C107300,Credit Card,299100.0,19.79,12,27677.03,2027-04-23,0.2353,0,0,CLOSED
L704106,C107187,Credit Card,204900.0,,12,19091.28,2025-02-24,0.517,1,7,ACTIVE
L704107,C108221,Auto Finance,551700.0,14.12,60,12870.67,2025-12-28,0.3447,0,0,ACTIVE
L704108,C111092,Home Finance,1370100.0,22.2,180,26318.41,2026-06-12,0.7848,1,30,ACTIVE
L704109,C108965,Credit Card,673300.0,15.26,12,60850.11,2026-03-04,0.4545,1,0,ACTIVE
L704110,C107178,Credit Card,559900.0,25.78,12,53423.18,2024-03-22,0.7931,0,7,ACTIVE
L704111,C107369,Auto Finance,562000.0,20.01,60,14892.91,2025-06-05,0.2655,0,0,ACTIVE
L704112,C103808,Home Finance,5158200.0,13.04,180,65399.35,2025-01-01,0.2668,1,30,CLOSED
L704113,C111337,Auto Finance,1854100.0,18.97,60,48065.01,2023-05-26,0.3147,1,0,ACTIVE
L704114,C100308,Personal Loan,657500.0,17.04,36,23455.71,2026-10-03,0.7243,0,0,ACTIVE
L704115,C108728,Credit Card,251900.0,22.5,12,23637.21,2024-03-15,0.5806,0,30,ACTIVE
L704116,C109968,Auto Finance,667000.0,22.33,60,18546.0,2024-03-21,0.3636,0,45,ACTIVE
L704117,C105259,Personal Loan,1131700.0,24.65,36,44786.99,2024-12-20,0.4455,0,45,ACTIVE
L704118,C103764,Personal Loan,293400.0,12.35,36,9792.85,2023-07-05,0.4979,2,7,ACTIVE
L704119,C100274,Credit Card,17000.0,22.28,12,1595.34,2025-12-25,0.2168,0,0,ACTIVE
L704120,C101797,Personal Loan,588800.0,23.18,36,22847.33,2023-08-13,0.8108,0,0,ACTIVE
L704121,C110270,Personal Loan,196000.0,14.62,36,6759.42,2024-10-26,0.1261,0,30,ACTIVE
L704122,C105201,Personal Loan,129100.0,19.84,36,4788.05,2025-10-29,0.3946,0,0,ACTIVE
L704123,C110890,Personal Loan,503600.0,20.23,36,18774.87,2024-03-27,0.3606,0,0,ACTIVE
L704124,C105772,Credit Card,133100.0,15.95,12,12071.25,2025-08-26,0.4846,0,45,ACTIVE
L704125,C104613,Home Finance,1324200.0,22.69,180,25929.47,2024-11-10,0.5545,0,7,CLOSED
L704126,C108484,Personal Loan,460100.0,24.54,36,18180.16,2023-02-14,0.5116,0,0,ACTIVE
L704127,C108133,Credit Card,40500.0,18.47,12,3723.49,2026-04-29,0.3073,0,15,ACTIVE
L704128,C104162,Personal Loan,167300.0,18.78,36,6115.27,2026-09-04,0.3797,0,30,ACTIVE
L704129,C104202,Auto Finance,1027800.0,23.51,60,29275.88,2024-11-27,0.2247,0,45,ACTIVE
L704130,C104762,Credit Card,131700.0,18.63,12,12116.09,2024-09-02,0.2467,0,0,CLOSED
L704131,C110334,Auto Finance,1456800.0,26.15,60,43746.57,2024-02-02,0.4704,1,0,ACTIVE
L704132,C101789,Credit Card,62400.0,16.98,12,5689.93,2026-01-10,0.5075,0,0,ACTIVE
L704133,C103673,Personal Loan,208500.0,25.12,36,8302.96,2023-02-18,0.3492,0,0,CLOSED
L704134,C102846,Personal Loan,367400.0,20.32,36,13712.59,2023-04-23,0.2245,0,45,ACTIVE
L704135,C100645,Personal Loan,3648200.0,19.37,36,134412.24,2022-05-11,0.6377,0,0,ACTIVE
L704136,C107120,Home Finance,3847000.0,18.85,180,64319.97,2026-02-28,0.1054,0,0,ACTIVE
L704137,C106005,Credit Card,614800.0,15.48,12,55631.67,2026-11-29,0.5217,0,15,CLOSED
L704138,C111904,Personal Loan,686500.0,22.09,36,26251.25,2026-11-04,0.4405,1,15,CLOSED
L704139,C106871,Credit Card,92000.0,17.12,12,8398.93,2023-02-27,0.433,0,340,DEFAULT
L704140,C109013,Auto Finance,621200.0,20.35,60,16580.39,2024-09-09,0.3882,2,30,ACTIVE
L704141,C106081,Auto Finance,569400.0,18.98,60,14763.55,2025-06-13,0.1225,1,0,CLOSED
L704142,C102217,Credit Card,111100.0,20.38,12,10311.57,2026-03-14,0.24,0,45,ACTIVE
L704143,C105987,Auto Finance,56700.0,19.28,60,1479.76,2022-07-28,0.4086,0,0,ACTIVE
L704144,C108455,Credit Card,257900.0,19.75,12,23857.85,2024-06-29,0.0125,1,0,ACTIVE
L704145,C104236,Home Finance,1339000.0,19.04,180,22573.32,2027-03-26,0.412,0,0,ACTIVE
L704146,C110718,Home Finance,5639400.0,14.02,180,75178.67,2024-05-04,0.0652,1,7,CLOSED
L704147,C107139,Auto Finance,3591900.0,15.2,60,85829.35,2025-12-30,0.6511,1,358,DEFAULT
L704148,C111856,Personal Loan,350300.0,19.42,36,12916.07,2023-06-11,0.4602,1,45,ACTIVE
L704149,C106804,Credit Card,71400.0,22.8,12,6711.19,2026-03-16,0.4794,0,0,ACTIVE
L704150,C100753,Personal Loan,483100.0,22.61,36,18603.8,2025-06-18,0.1091,0,365,DEFAULT
L704151,C111366,Credit Card,178800.0,22.89,12,16814.93,2022-09-19,0.2701,0,30,ACTIVE
L704152,C105078,Home Finance,388500.0,19.73,180,6745.79,2025-09-19,0.1994,0,7,ACTIVE
L704153,C104543,Personal Loan,909500.0,18.77,36,33232.39,2026-02-06,0.3862,0,0,CLOSED
L704154,C102824,Personal Loan,1505600.0,24.48,36,59448.77,2026-12-16,0.3479,1,7,ACTIVE
L704155,C109287,Auto Finance,264700.0,22.61,60,7402.8,2025-06-07,0.3968,0,45,CLOSED
L704156,C100331,Auto Finance,222400.0,21.83,60,6122.27,2025-12-03,0.3098,0,7,CLOSED
L704157,C108761,Credit Card,581500.0,22.44,12,54546.95,2025-01-10,0.3629,0,0,ACTIVE
L704158,C101111,Home Finance,764300.0,22.93,180,15105.74,2022-11-24,0.439,1,0,ACTIVE
L704159,C103310,Credit Card,224600.0,29.05,12,21793.46,2025-07-28,0.1061,0,30,ACTIVE
L704160,C103397,Personal Loan,771000.0,22.99,36,29842.21,2023-10-30,0.6505,1,0,CLOSED
L704161,C107143,Auto Finance,1938700.0,21.08,60,52536.14,2025-04-17,0.7328,1,0,ACTIVE
L704162,C105281,Auto Finance,620000.0,21.82,60,17059.68,2023-12-15,0.0978,1,0,ACTIVE
L704163,C103580,Credit Card,27400.0,26.9,12,2625.61,2024-05-02,0.3452,0,30,ACTIVE
L704164,C109097,Personal Loan,1344500.0,17.91,36,48544.48,2027-10-24,0.8033,1,0,ACTIVE
L704165,C102859,Auto Finance,477100.0,19.35,60,12467.76,2025-07-22,0.3993,0,15,ACTIVE
L704166,C110538,Credit Card,224200.0,19.27,12,20691.06,2025-09-06,0.1594,1,45,ACTIVE
L704167,C110245,Credit Card,571500.0,18.54,12,52538.24,2023-08-30,0.1645,2,289,DEFAULT
L704168,C107247,Credit Card,562900.0,21.04,12,52421.66,2024-06-24,0.6443,0,0,ACTIVE
L704169,C106604,Auto Finance,2093400.0,,60,50495.79,2026-12-20,0.4536,0,30,ACTIVE
L704170,C107158,Home Finance,1125400.0,22.66,180,22009.92,2026-12-21,0.1858,0,45,ACTIVE
L704171,C105724,Auto Finance,626500.0,20.74,60,16858.68,2027-03-25,0.1207,0,7,ACTIVE
L704172,C110113,Personal Loan,392500.0,16.17,36,13831.42,2022-11-07,0.4992,0,30,ACTIVE
L704173,C103018,Personal Loan,1402200.0,20.8,36,52683.31,2025-06-14,0.7336,0,45,CLOSED
L704174,C102943,Auto Finance,1447500.0,20.25,60,38552.4,2025-10-22,0.166,1,45,CLOSED
L704175,C111624,Credit Card,439900.0,21.04,12,40972.66,2025-10-10,0.5119,0,0,CLOSED
L704176,C102392,Personal Loan,2316600.0,24.16,36,91081.88,2024-10-06,0.2834,1,30,ACTIVE
L704177,C106367,Personal Loan,781800.0,17.92,36,28234.13,2025-07-08,0.2813,0,0,CLOSED
L704178,C111669,Personal Loan,684100.0,26.05,36,27582.99,2024-10-01,0.133,0,0,CLOSED
L704179,C106722,Personal Loan,474600.0,21.6,36,18025.7,2023-06-22,0.1007,0,0,ACTIVE
L704180,C106397,Auto Finance,432800.0,20.51,60,11590.87,2023-08-25,0.2876,2,0,ACTIVE
L704181,C110268,Credit Card,928200.0,19.69,12,85850.12,2023-11-04,0.2753,1,0,ACTIVE
L704182,C107217,Personal Loan,859700.0,23.06,36,33304.33,2025-11-17,0.5119,0,45,ACTIVE
L704183,C109896,Auto Finance,1017200.0,19.25,60,26527.82,2024-07-09,0.9117,2,316,DEFAULT
L704184,C109026,Auto Finance,861800.0,16.91,60,21375.68,2023-10-02,0.5252,1,0,CLOSED
L704185,C111321,Home Finance,1040400.0,20.83,180,18913.23,2025-03-15,0.0537,0,7,CLOSED
L704186,C105667,Personal Loan,242300.0,16.96,36,8634.2,2026-04-27,0.4269,0,7,CLOSED
L704187,C103596,Credit Card,385900.0,19.93,12,35732.61,2024-06-04,0.1051,0,0,ACTIVE
L704188,C110432,Personal Loan,758600.0,22.1,36,29011.65,2023-10-20,0.0975,3,0,ACTIVE
L704189,C103254,Personal Loan,1083600.0,22.06,36,41417.98,2025-07-23,0.2478,1,45,ACTIVE
L704190,C103694,Personal Loan,491600.0,21.75,36,18710.4,2025-07-20,0.5713,1,45,ACTIVE
L704191,C101720,Personal Loan,635600.0,19.04,36,23312.26,2026-03-29,0.6758,0,30,ACTIVE
L704192,C110775,Credit Card,413700.0,16.78,12,37687.28,2023-12-30,0.7846,1,0,ACTIVE
L704193,C104671,Personal Loan,269700.0,18.0,36,9750.88,2026-02-09,0.5981,0,15,ACTIVE
L704194,C104607,Credit Card,234300.0,18.45,12,21534.26,2025-01-25,0.4602,0,0,ACTIVE
L704195,C102737,Personal Loan,658300.0,,36,24959.26,2024-07-23,0.2864,1,7,ACTIVE
L704196,C111721,Personal Loan,1136700.0,18.25,36,41235.73,2024-03-09,0.2536,0,0,CLOSED
L704197,C106512,Auto Finance,820400.0,20.24,60,21846.25,2026-04-09,0.4645,0,0,ACTIVE
L704198,C110050,Home Finance,1115900.0,18.05,180,18011.25,2023-04-03,0.3053,0,30,ACTIVE
L704199,C102733,Personal Loan,1010500.0,16.36,36,35706.53,2024-02-08,0.3846,0,0,CLOSED
L704200,C100380,Auto Finance,700900.0,15.85,60,16989.69,2026-01-06,0.186,0,0,ACTIVE
L704201,C102861,Personal Loan,2125600.0,19.55,36,78508.74,2026-06-22,0.4221,0,15,ACTIVE
L704202,C103717,Home Finance,1343400.0,21.26,180,24853.29,2026-11-09,0.5136,0,0,ACTIVE
L704203,C107755,Auto Finance,1302600.0,17.45,60,32688.59,2024-11-24,0.1728,0,0,CLOSED
L704204,C109519,Personal Loan,871200.0,17.62,36,31329.48,2026-08-24,0.4788,1,0,CLOSED
L704205,C104363,Personal Loan,116600.0,21.85,36,4444.85,2026-09-27,0.2297,0,7,CLOSED
L704206,C105478,Personal Loan,198600.0,,36,7278.09,2024-12-17,0.5754,2,0,CLOSED
L704207,C110889,Auto Finance,1210200.0,18.62,60,31140.73,2022-10-10,0.3999,0,45,ACTIVE
L704208,C104107,Home Finance,1726700.0,23.74,180,35195.34,2023-07-28,0.882,1,147,DEFAULT
L704209,C108889,Personal Loan,274000.0,23.93,36,10739.16,2027-02-25,0.5272,0,30,ACTIVE
L704210,C106550,Home Finance,623600.0,18.31,180,10181.25,2027-10-08,0.415,0,7,ACTIVE
L704211,C106006,Personal Loan,1430700.0,14.48,36,49232.29,2024-09-24,0.1548,0,15,CLOSED
L704212,C104266,Credit Card,82700.0,17.22,12,7553.76,2022-11-04,0.4742,0,45,ACTIVE
L704213,C109998,Personal Loan,247300.0,20.15,36,9210.95,2027-10-10,0.4511,1,0,ACTIVE
L704214,C111966,Personal Loan,1594400.0,18.22,36,57818.12,2024-09-19,0.4037,0,0,ACTIVE
L704215,C107522,Personal Loan,337900.0,24.57,36,13357.31,2026-04-13,0.5258,0,0,ACTIVE
L704216,C104958,Home Finance,256600.0,22.37,180,4962.65,2022-06-18,0.2502,0,7,ACTIVE
L704217,C106284,Personal Loan,292100.0,20.42,36,10919.3,2023-09-28,0.4807,0,15,ACTIVE
L704218,C103754,Auto Finance,1322600.0,17.22,60,33025.44,2026-02-22,0.7353,1,0,ACTIVE
L704219,C107403,Home Finance,638500.0,19.13,180,10805.96,2022-11-19,0.4753,0,0,ACTIVE
L704220,C109522,Personal Loan,1122300.0,18.37,36,40782.02,2024-11-16,0.5693,0,0,ACTIVE
L704221,C107279,Auto Finance,636100.0,12.89,60,14438.26,2024-03-24,0.2204,0,45,ACTIVE
L704222,C106922,Credit Card,286000.0,20.83,12,26611.77,2025-07-31,0.0115,0,45,CLOSED
L704223,C109748,Credit Card,105900.0,22.82,12,9956.76,2024-09-30,0.2123,0,0,ACTIVE
L704224,C103724,Auto Finance,2311100.0,12.14,60,51573.31,2024-12-27,0.6932,0,7,ACTIVE
L704225,C101377,Personal Loan,1472100.0,16.6,36,52191.25,2027-08-02,0.3579,1,15,ACTIVE
L704226,C100954,Credit Card,463100.0,14.9,12,41777.38,2026-05-29,0.4754,3,131,DEFAULT
L704227,C100602,Home Finance,5156900.0,17.55,180,81382.94,2026-08-10,0.2981,0,0,ACTIVE
L704228,C104460,Credit Card,252200.0,20.66,12,23443.43,2025-07-11,0.2878,1,15,ACTIVE
L704229,C100760,Personal Loan,527500.0,20.11,36,19634.52,2023-08-10,0.5021,1,0,ACTIVE
L704230,C104906,Auto Finance,1007900.0,21.76,60,27699.15,2022-10-20,0.2953,0,45,ACTIVE
L704231,C100293,Auto Finance,1076800.0,22.48,60,30033.43,2026-01-28,0.1831,0,30,ACTIVE
L704232,C109429,Credit Card,93600.0,19.57,12,8647.0,2026-08-13,0.314,0,0,ACTIVE
L704233,C111284,Personal Loan,685000.0,11.98,36,22744.42,2023-03-29,0.6489,0,7,ACTIVE
L704234,C103573,Home Finance,2442100.0,19.48,180,41955.16,2024-01-25,0.1448,1,15,CLOSED
L704235,C111686,Personal Loan,409300.0,17.5,36,14695.5,2025-11-02,0.5142,0,7,ACTIVE
L704236,C100335,Personal Loan,240700.0,23.65,36,9397.76,2026-03-26,0.2969,0,45,ACTIVE
L704237,C102366,Auto Finance,217900.0,24.92,60,6386.35,2026-02-21,0.3072,0,45,ACTIVE
L704238,C110914,Home Finance,1061300.0,16.52,180,15973.55,2023-10-20,0.2814,0,0,CLOSED
L704239,C103264,Personal Loan,400100.0,22.7,36,15427.11,2027-03-02,0.5234,0,0,ACTIVE
L704240,C101428,Auto Finance,308500.0,18.37,60,7896.25,2025-02-20,0.068,0,0,ACTIVE
L704241,C104478,Credit Card,129400.0,11.27,12,11449.89,2026-01-30,0.3142,1,45,CLOSED
L704242,C111687,Personal Loan,476400.0,,36,17984.37,2024-09-09,0.1211,0,30,CLOSED
L704243,C102776,Personal Loan,153900.0,15.77,36,5391.66,2025-12-25,0.0127,0,45,ACTIVE
L704244,C102452,Credit Card,98800.0,15.21,12,8930.07,2026-02-21,0.505,0,45,ACTIVE
L704245,C111746,Personal Loan,471300.0,18.3,36,17108.6,2024-10-23,0.3085,0,0,ACTIVE
L704246,C102689,Home Finance,1542400.0,14.95,180,21534.01,2024-01-31,0.4533,1,0,ACTIVE
L704247,C105889,Personal Loan,817300.0,13.15,36,27597.36,2026-03-13,0.1863,1,30,ACTIVE
L704248,C109596,Auto Finance,3129800.0,9.83,60,66236.59,2025-05-19,0.8879,0,7,ACTIVE
L704249,C101970,Auto Finance,453500.0,26.61,60,13741.76,2025-03-06,0.1514,0,0,ACTIVE
L704250,C111524,Credit Card,99000.0,13.06,12,8845.22,2024-03-30,0.0174,0,30,ACTIVE
L704251,C110617,Credit Card,249400.0,19.85,12,23088.62,2024-03-16,0.6314,0,45,ACTIVE
L704252,C103499,Personal Loan,1307400.0,21.59,36,49652.04,2024-06-04,0.572,2,30,ACTIVE
L704253,C110723,Home Finance,3479600.0,20.13,180,61447.22,2026-03-30,0.2462,0,0,ACTIVE
L704254,C107304,Auto Finance,819600.0,15.82,60,19853.52,2025-06-16,0.0405,0,7,ACTIVE
L704255,C108582,Personal Loan,564900.0,16.53,36,20008.23,2024-03-16,0.0864,0,0,ACTIVE
L704256,C102858,Personal Loan,974000.0,21.95,36,37171.53,2023-06-02,0.2495,0,15,ACTIVE
L704257,C105091,Personal Loan,647200.0,16.52,36,22918.89,2027-04-30,0.9225,0,30,ACTIVE
L704258,C107606,Auto Finance,1625100.0,19.15,60,42289.14,2024-03-16,0.4281,2,0,ACTIVE
L704259,C110251,Personal Loan,232300.0,18.52,36,8460.18,2023-03-02,0.5046,0,0,ACTIVE
L704260,C106419,Personal Loan,138900.0,21.25,36,5249.52,2025-01-16,0.4124,0,154,DEFAULT
L704261,C105000,Personal Loan,140400.0,17.73,36,5058.2,2024-02-16,0.1843,0,30,ACTIVE
L704262,C102373,Credit Card,177100.0,22.27,12,16599.0,2026-10-24,0.3338,0,0,ACTIVE
L704263,C109110,Credit Card,174600.0,16.38,12,15870.06,2025-01-18,0.6271,2,0,ACTIVE
L704264,C101492,Personal Loan,778600.0,20.93,36,29306.01,2024-02-10,0.4224,1,0,CLOSED
L704265,C111469,Personal Loan,791400.0,16.91,36,28180.37,2024-05-14,0.3471,1,45,ACTIVE
L704266,C110776,Home Finance,3638600.0,19.48,180,62511.88,2023-09-10,0.6147,1,0,ACTIVE
L704267,C111285,Auto Finance,1969200.0,20.7,60,52940.91,2026-07-02,0.282,0,337,DEFAULT
L704268,C102634,Auto Finance,984400.0,20.52,60,26365.02,2025-06-22,0.161,1,0,ACTIVE
L704269,C108773,Personal Loan,633500.0,16.64,36,22473.63,2025-02-17,0.757,0,0,ACTIVE
L704270,C107802,Auto Finance,1245200.0,17.22,60,31093.09,2022-10-24,0.4395,0,0,ACTIVE
L704271,C108359,Personal Loan,69100.0,21.44,36,2620.15,2027-01-07,0.0924,0,0,ACTIVE
L704272,C105691,Personal Loan,2467300.0,,36,86890.71,2023-03-10,0.0701,0,0,ACTIVE
L704273,C106611,Personal Loan,817200.0,18.25,36,29646.02,2023-04-03,0.3987,0,15,ACTIVE
L704274,C102353,Auto Finance,4500600.0,13.32,60,103141.05,2023-08-27,0.4201,2,0,ACTIVE
L704275,C102535,Credit Card,126100.0,19.8,12,11668.75,2026-01-09,0.5236,0,0,ACTIVE
L704276,C108799,Credit Card,27500.0,16.18,12,2493.94,2027-02-26,0.6445,0,0,ACTIVE
L704277,C107330,Personal Loan,554400.0,,36,19761.56,2026-07-05,0.4987,0,15,CLOSED
L704278,C110951,Personal Loan,255600.0,15.97,36,8981.87,2025-10-02,0.2042,0,0,ACTIVE
L704279,C101796,Credit Card,1499100.0,17.38,12,136997.61,2024-12-16,0.5266,0,15,ACTIVE
L704280,C110657,Auto Finance,456100.0,18.91,60,11809.63,2027-01-17,0.4003,0,0,ACTIVE
L704281,C105512,Personal Loan,803700.0,23.61,36,31365.37,2026-03-07,0.0471,1,15,CLOSED
L704282,C107113,Home Finance,1817100.0,23.29,180,36411.22,2025-01-05,0.2758,0,0,CLOSED
L704283,C101832,Home Finance,581100.0,30.26,180,14819.98,2023-09-09,0.7552,0,0,CLOSED
L704284,C108882,Auto Finance,451700.0,23.33,60,12818.85,2023-11-22,0.1474,0,368,DEFAULT
L704285,C110065,Auto Finance,611000.0,24.31,60,17688.28,2025-04-28,0.2758,0,196,DEFAULT
L704286,C103963,Credit Card,174300.0,18.13,12,15989.89,2024-12-21,0.7796,0,0,ACTIVE
L704287,C100214,Personal Loan,1599100.0,17.47,36,57386.88,2024-05-19,0.3075,0,0,ACTIVE
L704288,C100536,Credit Card,728500.0,9.0,12,63710.29,2025-09-30,0.6789,1,301,DEFAULT
L704289,C107395,Personal Loan,890400.0,23.81,36,34845.21,2024-08-22,0.5378,2,0,ACTIVE
L704290,C102628,Credit Card,198700.0,25.42,12,18927.99,2023-03-23,0.5587,1,15,ACTIVE
L704291,C109505,Credit Card,224400.0,18.87,12,20663.27,2022-04-30,0.6549,0,251,DEFAULT
L704292,C107005,Personal Loan,116600.0,16.65,36,4136.24,2026-02-15,0.7168,1,317,DEFAULT
L704293,C106134,Credit Card,455600.0,17.14,12,41585.28,2022-08-08,0.3913,1,7,ACTIVE
L704294,C108579,Credit Card,256600.0,20.82,12,23872.84,2025-09-19,0.4868,0,177,DEFAULT
L704295,C110034,Credit Card,225400.0,15.74,12,20427.2,2022-07-25,0.2703,0,7,CLOSED
L704296,C106934,Personal Loan,541800.0,12.25,36,18060.18,2022-08-25,0.3395,0,0,ACTIVE
L704297,C103887,Home Finance,4523500.0,20.56,180,81323.29,2024-05-20,0.2768,1,15,ACTIVE
L704298,C101336,Personal Loan,89500.0,25.24,36,3570.59,2025-06-27,0.4174,0,0,ACTIVE
L704299,C108801,Auto Finance,831800.0,14.93,60,19758.01,2024-01-27,0.597,0,45,ACTIVE
L704300,C101382,Auto Finance,624300.0,15.08,60,14878.5,2026-01-27,0.3025,2,45,ACTIVE
L704301,C103439,Auto Finance,1484800.0,21.86,60,40891.09,2026-05-12,0.8849,0,382,DEFAULT
L704302,C106629,Credit Card,353000.0,22.54,12,33134.28,2026-01-03,0.5915,1,7,CLOSED
L704303,C110845,Auto Finance,573300.0,21.37,60,15628.08,2025-03-31,0.0367,0,0,ACTIVE
L704304,C105710,Credit Card,355500.0,20.7,12,33053.33,2023-01-18,0.3409,2,0,ACTIVE
L704305,C111649,Auto Finance,667100.0,17.22,60,16658.96,2023-12-17,0.6767,1,0,ACTIVE
L704306,C109716,Credit Card,34300.0,20.17,12,3179.74,2025-07-02,0.0798,0,15,CLOSED
L704307,C108855,Personal Loan,1029200.0,25.2,36,41029.41,2025-01-29,0.3126,0,0,ACTIVE
L704308,C108955,Auto Finance,1254800.0,23.33,60,35612.25,2022-12-08,0.3918,0,15,ACTIVE
L704309,C106019,Auto Finance,1663400.0,18.42,60,42619.45,2023-02-06,0.0831,0,15,ACTIVE
L704310,C109818,Personal Loan,2226000.0,19.28,36,81913.24,2026-03-30,0.4853,1,30,ACTIVE
L704311,C102006,Auto Finance,2092700.0,19.37,60,54711.99,2024-02-28,0.261,1,0,ACTIVE
L704312,C107216,Auto Finance,1362600.0,19.45,60,35684.03,2024-12-10,0.6426,0,0,ACTIVE
L704313,C105740,Personal Loan,391300.0,28.11,36,16208.93,2023-05-24,0.1091,1,45,ACTIVE
L704314,C105902,Credit Card,360600.0,18.8,12,33194.42,2023-12-13,0.2818,0,0,ACTIVE
L704315,C107148,Auto Finance,1050400.0,,60,24818.88,2025-12-09,0.2998,0,0,ACTIVE
L704316,C111268,Credit Card,730600.0,19.65,12,67560.69,2025-08-27,0.467,0,30,ACTIVE
L704317,C101233,Personal Loan,1043000.0,,36,37524.31,2023-05-28,0.3981,0,0,ACTIVE
L704318,C107399,Personal Loan,783600.0,16.99,36,27934.09,2026-09-04,0.1066,0,7,ACTIVE
L704319,C105659,Credit Card,54500.0,19.76,12,5046.12,2025-09-01,0.1654,4,0,ACTIVE
L704320,C110860,Credit Card,232500.0,22.24,12,21782.97,2023-10-10,0.7212,0,0,CLOSED
L704321,C100114,Auto Finance,191400.0,25.03,60,5621.41,2025-11-12,0.278,0,7,CLOSED
L704322,C109859,Personal Loan,1052300.0,23.02,36,40744.73,2025-02-01,0.4909,1,45,ACTIVE
L704323,C106768,Auto Finance,570700.0,22.63,60,15966.84,2025-08-05,0.1675,1,0,ACTIVE
L704324,C107349,Credit Card,77100.0,14.5,12,6942.72,2025-07-19,0.7873,1,7,ACTIVE
L704325,C103633,Personal Loan,414000.0,24.34,36,16316.52,2025-09-28,0.3046,0,0,ACTIVE
L704326,C101361,Personal Loan,1428700.0,22.15,36,54674.43,2025-03-04,0.7072,1,15,CLOSED
L704327,C107371,Auto Finance,2204700.0,20.33,60,58816.78,2024-06-18,0.5949,1,0,ACTIVE
L704328,C103152,Credit Card,212500.0,24.96,12,20195.09,2024-05-09,0.3548,0,0,CLOSED
L704329,C104899,Personal Loan,746900.0,20.29,36,27867.61,2024-04-22,0.1951,0,0,CLOSED
L704330,C108854,Auto Finance,829400.0,22.66,60,23220.11,2023-12-27,0.1978,0,0,ACTIVE
L704331,C100525,Personal Loan,959900.0,25.07,36,38199.37,2023-05-20,0.398,0,15,ACTIVE
L704332,C106217,Credit Card,203900.0,17.55,12,18650.61,2023-05-09,0.1701,0,0,ACTIVE
L704333,C108278,Home Finance,265700.0,19.13,180,4496.62,2023-05-27,0.0769,0,0,ACTIVE
L704334,C110785,Personal Loan,371800.0,19.2,36,13665.15,2025-08-17,0.0829,1,0,ACTIVE
L704335,C102413,Credit Card,175300.0,19.1,12,16159.94,2026-09-26,0.6809,0,392,DEFAULT
L704336,C107263,Personal Loan,355800.0,,36,12834.76,2026-08-19,0.3845,2,0,ACTIVE
L704337,C103506,Personal Loan,386800.0,17.0,36,13789.99,2022-04-05,0.312,0,30,CLOSED
L704338,C104752,Personal Loan,227800.0,23.49,36,8877.53,2025-11-07,0.3473,0,7,ACTIVE
L704339,C102347,Credit Card,133200.0,19.94,12,12335.41,2025-10-29,0.3214,0,7,CLOSED
L704340,C106946,Personal Loan,288000.0,21.4,36,10909.7,2025-11-10,0.3697,0,0,CLOSED
L704341,C109037,Personal Loan,345500.0,20.71,36,12964.96,2023-12-18,0.3843,0,0,CLOSED
L704342,C102927,Auto Finance,1519900.0,19.0,60,39427.38,2025-05-06,0.0916,0,0,CLOSED
L704343,C103215,Home Finance,756900.0,21.41,180,14088.54,2026-06-23,0.9295,0,45,ACTIVE
L704344,C106915,Auto Finance,224400.0,19.51,60,5884.36,2025-04-18,0.4228,0,0,ACTIVE
L704345,C111102,Personal Loan,366100.0,22.92,36,14155.23,2026-04-22,0.033,1,15,ACTIVE
L704346,C110225,Home Finance,321300.0,14.93,180,4481.09,2026-12-02,0.1611,1,7,ACTIVE
L704347,C106386,Auto Finance,395600.0,22.07,60,10942.92,2026-05-28,0.0783,0,0,CLOSED
L704348,C100501,Personal Loan,807900.0,17.66,36,29069.27,2024-11-27,0.5643,0,0,ACTIVE
L704349,C110383,Auto Finance,238500.0,21.55,60,6525.6,2026-01-25,0.0833,0,0,CLOSED
L704350,C109451,Credit Card,225500.0,23.97,12,21317.14,2024-12-05,0.0995,1,0,CLOSED
L704351,C105398,Personal Loan,357900.0,21.25,36,13529.7,2024-06-22,0.4915,0,0,ACTIVE
L704352,C107978,Auto Finance,732600.0,24.23,60,21173.24,2024-05-18,0.1661,0,30,ACTIVE
L704353,C109780,Credit Card,229900.0,21.44,12,21459.41,2024-01-22,0.4965,0,0,CLOSED
L704354,C103357,Personal Loan,404800.0,17.19,36,14468.97,2026-01-31,0.1774,1,0,CLOSED
L704355,C101404,Auto Finance,1551200.0,20.9,60,41877.92,2024-03-11,0.1566,0,0,ACTIVE
L704356,C106255,Credit Card,45000.0,,12,4180.58,2026-04-24,0.1954,0,0,ACTIVE
L704357,C105908,Auto Finance,332400.0,17.43,60,8338.16,2025-10-08,0.3936,1,7,ACTIVE
L704358,C109148,Personal Loan,118600.0,19.63,36,4386.76,2025-01-03,0.2705,0,0,CLOSED
L704359,C107956,Auto Finance,161400.0,20.06,60,4282.2,2025-05-26,0.4774,0,45,CLOSED
L704360,C111152,Auto Finance,1999700.0,20.89,60,53974.19,2026-01-31,0.2022,2,194,DEFAULT
L704361,C103758,Personal Loan,851100.0,21.52,36,32291.08,2022-08-10,0.2542,2,0,ACTIVE
L704362,C104626,Auto Finance,293400.0,13.77,60,6793.1,2026-07-03,0.4033,0,45,ACTIVE
L704363,C107524,Auto Finance,1145500.0,17.56,60,28815.94,2025-05-07,0.6343,1,296,DEFAULT
L704364,C104557,Personal Loan,574100.0,19.69,36,21243.74,2026-03-17,0.3347,0,15,ACTIVE
L704365,C101775,Auto Finance,787400.0,,60,19387.0,2024-05-25,0.5778,2,0,ACTIVE
L704366,C106033,Credit Card,374200.0,13.19,12,33454.44,2023-03-31,0.6815,0,180,DEFAULT
L704367,C108635,Credit Card,178300.0,15.72,12,16155.5,2026-04-06,0.2041,0,45,ACTIVE
L704368,C104063,Credit Card,519900.0,14.39,12,46771.71,2022-06-20,0.4267,0,0,ACTIVE
L704369,C106413,Personal Loan,741300.0,14.35,36,25461.83,2024-09-09,0.5815,1,30,ACTIVE
L704370,C102907,Home Finance,1777300.0,14.51,180,24281.1,2026-07-26,0.0726,0,30,ACTIVE
L704371,C111784,Credit Card,208600.0,25.25,12,19847.87,2026-06-23,0.2373,1,0,CLOSED
L704372,C106348,Credit Card,488200.0,19.16,12,45029.95,2022-12-28,0.4968,0,30,ACTIVE
L704373,C109343,Credit Card,364200.0,20.65,12,33852.37,2026-10-10,0.5879,0,45,CLOSED
L704374,C108919,Auto Finance,1092600.0,14.41,60,25655.31,2023-04-29,0.585,0,30,ACTIVE
L704375,C108680,Credit Card,127300.0,17.37,12,11637.22,2023-12-29,0.1478,0,7,ACTIVE
L704376,C103214,Credit Card,181900.0,16.55,12,16553.97,2023-05-10,0.4145,0,30,ACTIVE
L704377,C103312,Credit Card,185200.0,19.05,12,17070.21,2024-05-25,0.302,0,7,CLOSED
L704378,C100926,Personal Loan,386000.0,22.46,36,14832.82,2024-06-13,0.2208,0,15,ACTIVE
L704379,C103715,Credit Card,236600.0,19.02,12,21807.32,2025-11-25,0.1348,0,0,ACTIVE
L704380,C101779,Auto Finance,1047900.0,15.72,60,25327.05,2023-05-06,0.2555,0,0,ACTIVE
L704381,C106248,Personal Loan,1155400.0,24.32,36,45523.51,2025-03-18,0.3236,0,45,ACTIVE
L704382,C105516,Personal Loan,1233100.0,20.02,36,45840.69,2022-08-07,0.4639,0,30,CLOSED
L704383,C101768,Personal Loan,850600.0,21.76,36,32378.87,2027-09-26,0.237,0,30,ACTIVE
L704384,C106088,Personal Loan,723100.0,17.09,36,25813.05,2026-05-15,0.3246,0,0,CLOSED
L704385,C100092,Personal Loan,209800.0,18.79,36,7669.33,2025-03-27,0.5386,0,45,ACTIVE
L704386,C100243,Personal Loan,464200.0,21.8,36,17679.12,2025-11-08,0.1866,2,7,ACTIVE
L704387,C105799,Auto Finance,1828800.0,19.89,60,48340.94,2024-07-22,0.8661,1,208,DEFAULT
L704388,C101995,Credit Card,343800.0,21.9,12,32164.81,2025-09-11,0.5104,0,0,ACTIVE
L704389,C105754,Credit Card,634600.0,17.42,12,58007.32,2023-07-17,0.7073,0,0,CLOSED
L704390,C107677,Credit Card,58900.0,27.25,12,5667.32,2026-09-11,0.5811,1,0,ACTIVE
L704391,C111526,Auto Finance,1413600.0,12.41,60,31738.37,2023-01-24,0.4081,0,0,CLOSED
L704392,C105065,Home Finance,1021600.0,16.2,180,15147.1,2024-12-29,0.6655,0,0,ACTIVE
L704393,C109520,Personal Loan,525500.0,15.16,36,18258.77,2024-03-02,0.2254,0,0,ACTIVE
L704394,C110160,Credit Card,717000.0,25.04,12,68163.89,2025-12-27,0.1345,0,15,ACTIVE
L704395,C108219,Personal Loan,690800.0,22.63,36,26608.87,2023-02-09,0.1884,0,45,ACTIVE
L704396,C101187,Auto Finance,373000.0,20.78,60,10043.9,2023-10-28,0.6102,2,0,ACTIVE
L704397,C107783,Home Finance,540100.0,24.89,180,11488.27,2025-06-08,0.3819,0,0,ACTIVE
L704398,C100861,Personal Loan,3865900.0,23.98,36,151630.07,2024-10-18,0.3544,0,0,ACTIVE
L704399,C108867,Personal Loan,386300.0,16.34,36,13646.25,2025-12-28,0.8688,0,0,ACTIVE
L704400,C103323,Credit Card,151900.0,21.57,12,14184.96,2025-02-21,0.3935,0,0,CLOSED
L704401,C101164,Credit Card,267000.0,12.97,12,23843.56,2024-01-17,0.6493,0,0,ACTIVE
L704402,C109448,Personal Loan,810500.0,19.18,36,29783.81,2022-11-05,0.2492,0,7,ACTIVE
L704403,C102317,Personal Loan,541100.0,19.27,36,19908.69,2027-04-20,0.5204,1,0,CLOSED
L704404,C103792,Personal Loan,345500.0,20.88,36,12993.63,2023-10-29,0.0648,0,0,CLOSED
L704405,C102897,Home Finance,1491500.0,18.12,180,24148.74,2026-01-24,0.5158,1,30,ACTIVE
L704406,C103517,Credit Card,181400.0,16.47,12,16499.17,2025-05-08,0.5278,0,0,CLOSED
L704407,C110001,Home Finance,1671800.0,25.81,180,36756.11,2022-09-20,0.3933,0,0,CLOSED
L704408,C103303,Credit Card,114200.0,18.21,12,10485.29,2025-05-22,0.7029,0,0,ACTIVE
L704409,C104059,Personal Loan,917100.0,22.51,36,35268.4,2027-02-03,0.4397,1,15,ACTIVE
L704410,C106457,Personal Loan,954000.0,20.35,36,35624.16,2024-10-18,0.6387,1,45,CLOSED
L704411,C107118,Credit Card,698400.0,21.67,12,65258.99,2023-10-12,0.426,0,0,ACTIVE
L704412,C101053,Auto Finance,506500.0,19.45,60,13263.9,2024-04-09,0.7812,1,0,ACTIVE
L704413,C107010,Credit Card,557900.0,21.47,12,52077.47,2023-05-12,0.7984,1,283,DEFAULT
L704414,C100767,Auto Finance,691600.0,17.25,60,17280.01,2024-12-26,0.2945,0,15,ACTIVE
L704415,C104050,Personal Loan,540700.0,17.29,36,19354.36,2027-01-25,0.1594,0,0,ACTIVE
L704416,C105923,Auto Finance,793000.0,18.23,60,20235.68,2023-10-07,0.2728,1,0,ACTIVE
L704417,C104980,Personal Loan,502700.0,23.65,36,19629.92,2025-05-29,0.2892,1,0,ACTIVE
L704418,C110821,Personal Loan,2762400.0,18.21,36,100158.47,2026-11-05,0.4113,1,0,CLOSED
L704419,C104923,Credit Card,106400.0,,12,9877.11,2023-08-19,0.9192,0,7,ACTIVE
L704420,C110021,Personal Loan,256100.0,18.64,36,9342.1,2024-01-08,0.1319,1,384,DEFAULT
L704421,C101864,Personal Loan,382200.0,,36,14454.49,2025-02-02,0.3978,1,105,DEFAULT
L704422,C104117,Personal Loan,521500.0,24.3,36,20542.7,2025-06-17,0.3071,0,0,ACTIVE
L704423,C101493,Auto Finance,721800.0,22.84,60,20282.53,2023-12-19,0.2035,0,45,ACTIVE
L704424,C110362,Personal Loan,355100.0,,36,12983.36,2024-09-19,0.3416,0,0,ACTIVE
L704425,C111353,Home Finance,1341800.0,16.96,180,20612.54,2026-01-01,0.5312,1,30,ACTIVE
L704426,C110068,Credit Card,477700.0,17.08,12,43590.21,2023-05-15,0.4596,0,45,ACTIVE
L704427,C102313,Auto Finance,1059700.0,17.85,60,26823.21,2026-08-21,0.2245,1,0,ACTIVE
L704428,C108935,Personal Loan,480300.0,20.07,36,17866.06,2023-12-13,0.061,1,15,CLOSED
L704429,C108454,Personal Loan,776100.0,16.06,36,27307.67,2026-06-10,0.2776,0,7,CLOSED
L704430,C102933,Personal Loan,147200.0,25.9,36,5922.54,2025-07-11,0.3854,1,45,ACTIVE
L704431,C102938,Credit Card,402100.0,17.04,12,36682.45,2024-03-15,0.4718,0,0,ACTIVE
L704432,C103746,Home Finance,2484600.0,14.44,180,33826.58,2024-06-26,0.4229,0,0,ACTIVE
L704433,C110648,Home Finance,965800.0,15.97,180,14163.9,2027-05-25,0.306,0,15,ACTIVE
L704434,C104691,Personal Loan,223600.0,19.16,36,8215.03,2022-10-05,0.1669,0,0,ACTIVE
L704435,C104821,Credit Card,109500.0,24.85,12,10398.38,2026-02-27,0.4743,0,30,ACTIVE
L704436,C104447,Personal Loan,1509400.0,15.04,36,52352.09,2026-01-21,0.9395,1,0,ACTIVE
L704437,C109134,Personal Loan,303500.0,,36,10764.81,2025-03-20,0.1638,0,0,ACTIVE
L704438,C108998,Personal Loan,134500.0,22.88,36,5199.44,2024-05-13,0.3786,1,0,CLOSED
L704439,C100400,Personal Loan,655700.0,23.29,36,25481.4,2023-03-29,0.0436,0,0,ACTIVE
L704440,C108933,Credit Card,308500.0,25.42,12,29379.52,2022-05-23,0.4153,2,0,ACTIVE
L704441,C104730,Personal Loan,298300.0,21.32,36,11288.64,2024-11-11,0.4972,0,15,CLOSED
L704442,C103978,Credit Card,725900.0,24.45,12,68796.41,2023-07-24,0.46,1,0,ACTIVE
L704443,C102431,Auto Finance,430600.0,22.33,60,11974.33,2023-09-02,0.5041,1,0,ACTIVE
L704444,C103224,Personal Loan,184700.0,20.71,36,6929.93,2027-05-24,0.5504,0,30,ACTIVE
L704445,C103845,Auto Finance,978900.0,18.55,60,25150.33,2025-04-14,0.5722,2,30,ACTIVE
L704446,C104291,Credit Card,103600.0,26.73,12,9937.49,2024-08-16,0.6093,0,0,ACTIVE
L704447,C108071,Personal Loan,963500.0,22.21,36,36899.69,2025-09-08,0.4208,3,45,CLOSED
L704448,C102902,Personal Loan,594500.0,20.53,36,22255.94,2023-03-03,0.49,0,0,ACTIVE
L704449,C103858,Credit Card,582700.0,18.15,12,53459.63,2024-04-02,0.264,0,45,ACTIVE
L704450,C100595,Home Finance,849200.0,,180,14890.0,2024-03-18,0.5995,1,143,DEFAULT
L704451,C105417,Personal Loan,168100.0,23.89,36,6587.28,2025-08-20,0.5287,0,172,DEFAULT
L704452,C102968,Auto Finance,441700.0,29.99,60,14286.92,2025-10-08,0.2328,0,7,ACTIVE
L704453,C102515,Personal Loan,809200.0,20.4,36,30237.71,2027-03-12,0.7341,0,122,DEFAULT
L704454,C103762,Personal Loan,282200.0,15.86,36,9903.57,2023-08-27,0.1183,0,15,ACTIVE
L704455,C100824,Auto Finance,372700.0,17.27,60,9316.43,2024-03-22,0.1968,2,0,ACTIVE
L704456,C103213,Credit Card,151100.0,18.22,12,13870.58,2027-03-11,0.5098,0,30,CLOSED
L704457,C111810,Credit Card,488500.0,16.82,12,44514.18,2026-02-21,0.1527,0,15,ACTIVE
L704458,C102793,Auto Finance,1795700.0,18.84,60,46423.52,2023-07-16,0.3979,2,7,ACTIVE
L704459,C103416,Auto Finance,1792400.0,15.34,60,42961.16,2026-08-28,0.625,0,7,ACTIVE
L704460,C111463,Credit Card,215800.0,18.7,12,19853.78,2024-08-09,0.6145,0,396,DEFAULT
L704461,C110651,Personal Loan,834700.0,17.57,36,29994.92,2023-05-23,0.6028,0,0,ACTIVE
L704462,C109206,Auto Finance,1303400.0,24.08,60,37557.56,2023-07-13,0.173,0,0,ACTIVE
L704463,C108810,Auto Finance,3417400.0,10.89,60,74114.39,2022-12-25,0.222,0,45,ACTIVE
L704464,C106943,Personal Loan,1235700.0,16.27,36,43607.01,2023-11-09,0.1135,0,15,ACTIVE
L704465,C106166,Auto Finance,302500.0,21.23,60,8222.97,2025-05-06,0.4798,0,45,ACTIVE
L704466,C102585,Auto Finance,177800.0,22.14,60,4925.7,2026-04-23,0.3574,0,30,ACTIVE
L704467,C102487,Personal Loan,337700.0,,36,13143.67,2025-11-20,0.4561,0,0,ACTIVE
L704468,C104285,Auto Finance,1480900.0,14.96,60,35199.09,2025-02-27,0.4171,1,0,ACTIVE
L704469,C110747,Credit Card,485500.0,16.34,12,44124.28,2025-05-24,0.4291,1,0,CLOSED
L704470,C101224,Home Finance,2234700.0,25.15,180,47982.81,2025-03-18,0.0616,0,7,CLOSED
L704471,C102285,Auto Finance,756700.0,18.75,60,19524.42,2025-12-24,0.5355,0,7,ACTIVE
L704472,C105165,Auto Finance,197100.0,21.89,60,5430.85,2024-10-23,0.8299,2,0,CLOSED
L704473,C101208,Personal Loan,182500.0,23.43,36,7103.93,2023-05-22,0.2848,0,0,ACTIVE
L704474,C100969,Credit Card,92400.0,,12,8561.89,2024-11-21,0.1464,0,7,CLOSED
L704475,C111165,Auto Finance,723000.0,21.22,60,19649.83,2024-05-31,0.2845,1,0,ACTIVE
L704476,C101553,Credit Card,391300.0,21.34,12,36499.46,2025-04-03,0.0581,0,45,CLOSED
L704477,C105163,Personal Loan,313300.0,,36,10405.64,2026-11-05,0.2791,0,0,ACTIVE
L704478,C107786,Personal Loan,1524200.0,15.56,36,53256.66,2024-02-02,0.2067,1,30,ACTIVE
L704479,C105885,Home Finance,999800.0,20.0,180,17558.78,2023-10-11,0.365,0,15,CLOSED
L704480,C103774,Home Finance,269800.0,16.77,180,4108.49,2026-01-20,0.2523,0,30,ACTIVE
L704481,C105625,Credit Card,132500.0,24.98,12,12590.45,2024-01-28,0.3112,0,7,CLOSED
L704482,C102195,Personal Loan,571600.0,22.4,36,21949.1,2027-01-28,0.3226,0,15,ACTIVE
L704483,C106427,Auto Finance,2268600.0,16.88,60,56234.19,2024-02-13,0.3828,1,108,DEFAULT
L704484,C101242,Auto Finance,775500.0,,60,20207.76,2023-05-20,0.4304,2,0,ACTIVE
L704485,C104485,Home Finance,1684900.0,22.13,180,32275.46,2025-07-04,0.3572,0,0,ACTIVE
L704486,C101020,Auto Finance,677600.0,17.36,60,16972.57,2023-09-02,0.3735,2,30,CLOSED
L704487,C100697,Credit Card,715500.0,21.32,12,66735.56,2023-02-22,0.2147,0,0,ACTIVE
L704488,C107929,Personal Loan,577800.0,18.35,36,20989.2,2024-01-31,0.4548,1,0,ACTIVE
L704489,C110459,Credit Card,282700.0,19.69,12,26146.4,2023-07-19,0.5298,1,15,CLOSED
L704490,C110774,Personal Loan,5387100.0,,36,183727.55,2025-06-24,0.1333,0,0,ACTIVE
L704491,C109202,Home Finance,950700.0,24.81,180,20161.77,2023-09-03,0.2967,1,0,ACTIVE
L704492,C100981,Credit Card,494100.0,17.59,12,45203.36,2023-11-18,0.3174,0,30,ACTIVE
L704493,C106774,Credit Card,52500.0,22.54,12,4928.71,2023-12-29,0.4929,0,0,ACTIVE
L704494,C106543,Credit Card,163700.0,27.22,12,15731.73,2024-07-19,0.4105,0,15,CLOSED
L704495,C110353,Home Finance,1418900.0,15.99,180,20829.13,2025-11-11,0.2035,0,45,CLOSED
L704496,C104753,Credit Card,261700.0,21.57,12,24435.24,2025-01-14,0.4152,0,0,CLOSED
L704497,C110604,Credit Card,271700.0,14.67,12,24477.8,2024-10-06,0.5605,0,0,ACTIVE
L704498,C103507,Personal Loan,666300.0,18.42,36,24229.6,2025-11-04,0.4112,0,390,DEFAULT
L704499,C102620,Personal Loan,971600.0,22.81,36,37515.95,2023-05-28,0.3704,0,0,ACTIVE
L704500,C101739,Auto Finance,297100.0,29.9,60,9593.48,2024-07-15,0.2277,0,0,ACTIVE
L704501,C105612,Home Finance,213600.0,26.3,180,4777.69,2024-01-05,0.4555,0,0,ACTIVE
L704502,C100877,Credit Card,881200.0,15.66,12,79813.25,2025-12-15,0.4628,2,0,ACTIVE
L704503,C111813,Personal Loan,508900.0,16.18,36,17936.45,2023-06-11,0.3399,0,15,ACTIVE
L704504,C101675,Credit Card,344100.0,24.21,12,32570.96,2026-04-20,0.3336,0,0,ACTIVE
L704505,C107566,Credit Card,200800.0,20.05,12,18601.61,2024-09-20,0.4509,0,45,ACTIVE
L704506,C106635,Home Finance,410300.0,21.74,180,7739.78,2024-03-16,0.5183,0,45,ACTIVE
L704507,C102978,Credit Card,90500.0,17.07,12,8254.07,2026-03-19,0.2078,0,0,CLOSED
L704508,C109923,Auto Finance,382200.0,,60,9316.39,2025-06-17,0.0655,0,0,ACTIVE
L704509,C101504,Credit Card,58700.0,,12,5490.1,2024-10-26,0.3574,1,132,DEFAULT
L704510,C101705,Home Finance,233400.0,21.19,180,4306.25,2024-12-27,0.2191,0,0,ACTIVE
L704511,C100442,Credit Card,368000.0,20.82,12,34238.26,2023-08-06,0.5917,1,30,ACTIVE
L704512,C102483,Credit Card,207500.0,15.17,12,18747.64,2023-06-23,0.442,0,0,ACTIVE
L704513,C104429,Home Finance,1105500.0,21.91,180,20992.34,2026-01-20,0.3316,0,45,ACTIVE
L704514,C111882,Auto Finance,508400.0,20.47,60,13603.93,2027-03-02,0.0513,1,15,ACTIVE
L704515,C110441,Auto Finance,1810800.0,,60,48388.98,2027-04-25,0.3674,0,0,ACTIVE
L704516,C105609,Personal Loan,882500.0,28.03,36,36519.56,2023-03-29,0.2984,1,344,DEFAULT
L704517,C102727,Personal Loan,611200.0,19.27,36,22486.43,2022-07-07,0.3919,0,45,CLOSED
L704518,C103175,Personal Loan,907800.0,,36,33713.08,2023-06-13,0.2734,1,30,ACTIVE
L704519,C103305,Personal Loan,176300.0,24.48,36,6962.29,2024-05-05,0.4223,0,0,ACTIVE
L704520,C104090,Auto Finance,586800.0,20.62,60,15749.46,2025-05-11,0.5503,0,30,ACTIVE
L704521,C108743,Home Finance,377500.0,,180,6078.84,2025-08-31,0.7587,0,0,ACTIVE
L704522,C101858,Auto Finance,1245700.0,16.2,60,30425.95,2024-04-27,0.2249,0,0,ACTIVE
L704523,C101786,Auto Finance,384000.0,20.72,60,10329.35,2025-06-10,0.0656,1,45,ACTIVE
L704524,C110265,Personal Loan,331000.0,17.27,36,11844.99,2023-11-11,0.4828,0,30,CLOSED
L704525,C105437,Credit Card,70300.0,25.1,12,6681.95,2026-07-09,0.1694,0,0,ACTIVE
L704526,C100624,Credit Card,279200.0,15.95,12,25327.82,2026-02-14,0.4616,2,0,ACTIVE
L704527,C101750,Personal Loan,1253900.0,21.45,36,47531.83,2023-06-12,0.4397,2,45,ACTIVE
L704528,C102729,Credit Card,619200.0,19.44,12,57189.57,2023-12-16,0.1552,0,7,ACTIVE
L704529,C103038,Personal Loan,1168900.0,25.73,36,46928.7,2025-11-09,0.6138,0,7,ACTIVE
L704530,C100724,Credit Card,174300.0,15.05,12,15731.75,2024-03-24,0.5366,0,30,ACTIVE
L704531,C104141,Auto Finance,407500.0,,60,11157.15,2022-04-19,0.4645,1,0,ACTIVE
L704532,C102080,Auto Finance,767600.0,25.87,60,22922.27,2025-04-09,0.2881,0,0,ACTIVE
L704533,C109064,Personal Loan,521500.0,21.77,36,19853.83,2025-02-24,0.3991,1,30,ACTIVE
L704534,C110745,Personal Loan,246000.0,21.91,36,9383.65,2025-10-06,0.5552,0,15,ACTIVE
L704535,C111392,Personal Loan,477800.0,18.86,36,17479.8,2025-05-22,0.2432,0,0,ACTIVE
L704536,C107213,Home Finance,295900.0,18.78,180,4932.68,2024-12-30,0.1927,0,0,ACTIVE
L704537,C108724,Home Finance,452000.0,20.79,180,8202.86,2027-05-07,0.9229,0,15,ACTIVE
L704538,C107627,Credit Card,837300.0,17.66,12,76625.96,2023-04-17,0.463,0,0,ACTIVE
L704539,C109892,Personal Loan,472800.0,17.62,36,17001.18,2025-10-16,0.4979,1,0,CLOSED
L704540,C111928,Personal Loan,2113700.0,22.83,36,81634.46,2023-10-23,0.4798,1,30,ACTIVE
L704541,C106521,Personal Loan,1142100.0,18.0,36,41288.7,2025-10-02,0.3691,2,0,ACTIVE
L704542,C105990,Credit Card,645600.0,22.2,12,60490.88,2027-01-17,0.3114,2,7,ACTIVE
L704543,C103288,Credit Card,200900.0,22.77,12,18874.69,2024-08-11,0.2648,0,0,ACTIVE
L704544,C110587,Credit Card,34400.0,18.41,12,3159.98,2025-01-02,0.3852,0,7,ACTIVE
L704545,C105657,Home Finance,1335200.0,20.07,180,23518.43,2023-09-11,0.3866,0,0,ACTIVE
L704546,C100596,Home Finance,104800.0,27.2,180,2418.76,2024-11-01,0.2432,0,0,ACTIVE
L704547,C111123,Credit Card,47600.0,,12,4504.02,2024-05-06,0.6607,0,0,ACTIVE
L704548,C107164,Personal Loan,2147300.0,24.97,36,85342.78,2024-06-30,0.3751,1,7,ACTIVE
L704549,C100620,Credit Card,218600.0,22.75,12,20539.11,2023-04-25,0.506,2,7,ACTIVE
L704550,C104165,Personal Loan,319400.0,19.93,36,11859.42,2023-11-02,0.5345,0,7,ACTIVE
L704551,C100401,Personal Loan,302000.0,22.45,36,11604.76,2023-09-20,0.429,0,45,CLOSED
L704552,C100465,Home Finance,1693100.0,20.6,180,30489.09,2023-07-14,0.5551,1,45,ACTIVE
L704553,C104711,Home Finance,3147800.0,,180,63075.12,2025-06-30,0.3317,2,0,ACTIVE
L704554,C102836,Credit Card,232200.0,15.48,12,21013.98,2025-12-04,0.3119,0,0,ACTIVE
L704555,C111346,Personal Loan,351900.0,17.59,36,12651.28,2023-02-09,0.1519,0,0,ACTIVE
L704556,C103055,Auto Finance,971800.0,17.95,60,24651.36,2022-06-19,0.4861,0,7,ACTIVE
L704557,C108926,Credit Card,312100.0,14.94,12,28162.39,2026-03-22,0.2082,0,15,ACTIVE
L704558,C104054,Credit Card,332900.0,17.08,12,30371.16,2023-11-13,0.1066,0,0,ACTIVE
L704559,C102363,Credit Card,60900.0,19.01,12,5612.79,2026-12-11,0.3043,1,145,DEFAULT
L704560,C101885,Personal Loan,987200.0,22.3,36,37856.02,2023-06-14,0.0827,1,7,ACTIVE
L704561,C107461,Auto Finance,81100.0,19.91,60,2143.93,2024-02-01,0.1206,0,0,ACTIVE
L704562,C107030,Auto Finance,1164600.0,20.6,60,31244.76,2025-07-31,0.7913,0,0,ACTIVE
L704563,C102050,Home Finance,421200.0,20.42,180,7527.87,2024-11-01,0.0886,0,15,ACTIVE
L704564,C105728,Personal Loan,734500.0,20.87,36,27623.6,2024-02-08,0.5431,0,0,ACTIVE
L704565,C105462,Personal Loan,2617900.0,16.55,36,92750.71,2023-08-15,0.6723,1,15,ACTIVE
L704566,C100042,Credit Card,323100.0,22.28,12,30282.85,2026-03-28,0.8983,0,0,ACTIVE
L704567,C102239,Credit Card,192300.0,22.25,12,18024.32,2026-05-12,0.5451,0,30,ACTIVE
L704568,C109359,Auto Finance,1649800.0,17.31,60,41277.15,2025-06-30,0.1159,0,0,CLOSED
L704569,C109263,Personal Loan,999300.0,22.38,36,38362.07,2024-09-13,0.1771,0,7,ACTIVE
L704570,C110573,Personal Loan,153900.0,22.57,36,5922.35,2024-02-19,0.5673,0,45,CLOSED
L704571,C109019,Personal Loan,723800.0,14.87,36,25043.87,2027-05-26,0.2598,0,0,ACTIVE
L704572,C105913,Auto Finance,1241100.0,17.13,60,30931.17,2025-01-04,0.5595,1,45,ACTIVE
L704573,C106135,Personal Loan,167000.0,23.82,36,6537.4,2026-07-15,0.4412,0,0,CLOSED
L704574,C102523,Credit Card,371200.0,18.64,12,34148.68,2027-03-16,0.1081,2,7,CLOSED
L704575,C106205,Auto Finance,2011900.0,19.15,60,52354.87,2026-08-25,0.2201,0,45,ACTIVE
L704576,C106908,Personal Loan,3512900.0,24.25,36,138281.37,2026-02-22,0.3451,0,233,DEFAULT
L704577,C102714,Credit Card,464700.0,17.15,12,42412.64,2025-08-02,0.548,1,0,ACTIVE
L704578,C102500,Auto Finance,1157500.0,19.69,60,30468.14,2024-09-25,0.5868,0,15,ACTIVE
L704579,C102081,Personal Loan,2488800.0,16.54,36,88163.0,2024-06-19,0.6689,0,0,ACTIVE
L704580,C104045,Home Finance,2673600.0,19.04,180,45071.01,2024-06-28,0.3738,0,45,ACTIVE
L704581,C109891,Auto Finance,1947600.0,12.51,60,43827.58,2026-04-04,0.3648,0,30,CLOSED
L704582,C101315,Auto Finance,463200.0,23.39,60,13161.97,2024-12-20,0.4024,0,15,ACTIVE
L704583,C106312,Auto Finance,1234800.0,19.45,60,32336.81,2024-02-14,0.5915,0,45,ACTIVE
L704584,C108607,Personal Loan,753800.0,26.69,36,30649.05,2023-08-01,0.6368,0,0,CLOSED
L704585,C100163,Personal Loan,513400.0,22.3,36,19687.67,2025-08-24,0.3633,1,0,ACTIVE
L704586,C100502,Home Finance,653100.0,20.44,180,11683.67,2023-06-01,0.369,0,7,ACTIVE
L704587,C111307,Home Finance,595600.0,13.36,180,7678.01,2024-06-11,0.6672,0,15,ACTIVE
L704588,C108168,Personal Loan,1355700.0,,36,52331.25,2023-07-16,0.3249,1,0,ACTIVE
L704589,C103511,Personal Loan,114800.0,16.37,36,4055.5,2022-11-11,0.4709,0,0,CLOSED
L704590,C101345,Auto Finance,942000.0,18.0,60,23919.73,2025-07-24,0.3591,0,15,ACTIVE
L704591,C106089,Credit Card,113300.0,20.99,12,10547.37,2025-05-05,0.2438,1,45,ACTIVE
L704592,C108098,Credit Card,516600.0,17.81,12,47319.32,2026-03-02,0.313,0,0,ACTIVE
L704593,C110923,Auto Finance,358700.0,19.54,60,9412.67,2026-04-24,0.2693,0,0,ACTIVE
L704594,C104908,Home Finance,195100.0,19.77,180,3393.78,2024-09-10,0.7632,0,0,CLOSED
L704595,C109212,Personal Loan,228500.0,15.16,36,7938.99,2025-04-28,0.1854,0,0,ACTIVE
L704596,C111401,Personal Loan,262600.0,16.83,36,9338.57,2027-02-10,0.7443,0,0,ACTIVE
L704597,C108550,Personal Loan,690100.0,24.48,36,27248.56,2026-04-18,0.4642,0,0,CLOSED
L704598,C108262,Personal Loan,884600.0,20.91,36,33287.69,2024-07-23,0.3942,0,0,ACTIVE
L704599,C110447,Home Finance,764000.0,21.23,180,14117.18,2024-08-07,0.1959,0,7,ACTIVE
L704600,C100945,Auto Finance,900800.0,22.2,60,24980.96,2025-02-22,0.6254,1,30,ACTIVE
L704601,C105980,Personal Loan,549400.0,19.11,36,20168.51,2024-02-04,0.6134,0,45,ACTIVE
L704602,C110115,Credit Card,264800.0,18.78,12,24370.99,2025-02-16,0.5819,0,0,CLOSED
L704603,C100979,Home Finance,573100.0,21.22,180,10585.49,2023-10-18,0.1157,0,0,ACTIVE
L704604,C103219,Personal Loan,1213700.0,13.45,36,41158.19,2025-11-23,0.1952,1,0,ACTIVE
L704605,C110901,Auto Finance,1616500.0,23.04,60,45607.37,2025-01-14,0.2244,0,0,CLOSED
L704606,C100269,Auto Finance,276200.0,16.74,60,6826.24,2023-05-24,0.517,1,45,ACTIVE
L704607,C102040,Personal Loan,103300.0,23.65,36,4035.6,2024-12-29,0.3223,1,15,ACTIVE
L704608,C111733,Credit Card,55300.0,21.29,12,5154.53,2024-10-08,0.2855,0,7,CLOSED
L704609,C101323,Auto Finance,2129500.0,17.22,60,53175.48,2026-02-17,0.4596,0,0,ACTIVE
L704610,C106492,Auto Finance,657200.0,22.27,60,18252.49,2023-08-03,0.5318,1,0,CLOSED
L704611,C103705,Personal Loan,77500.0,20.83,36,2914.25,2025-10-28,0.6889,0,15,ACTIVE
L704612,C110213,Auto Finance,1517600.0,18.18,60,38684.92,2026-04-14,0.5054,0,15,ACTIVE
L704613,C111143,Auto Finance,3516400.0,18.3,60,89868.45,2023-11-26,0.069,0,7,ACTIVE
L704614,C109035,Personal Loan,1020200.0,22.78,36,39375.13,2023-08-07,0.2907,0,0,CLOSED
L704615,C105503,Auto Finance,1773600.0,17.0,60,44079.28,2022-11-26,0.4587,0,7,CLOSED
L704616,C101110,Home Finance,185800.0,15.3,180,2639.09,2024-10-05,0.1091,0,0,ACTIVE
L704617,C110611,Personal Loan,3167900.0,21.89,36,120804.15,2024-04-03,0.7967,1,30,ACTIVE
L704618,C106339,Auto Finance,605700.0,14.1,60,14123.89,2026-05-11,0.4232,2,0,ACTIVE
L704619,C104568,Personal Loan,124000.0,17.42,36,4447.7,2024-02-23,0.2682,0,0,ACTIVE
L704620,C109424,Personal Loan,1538300.0,18.38,36,55908.58,2026-01-03,0.5479,0,0,ACTIVE
L704621,C108664,Auto Finance,778000.0,23.71,60,22249.98,2023-09-10,0.0703,1,0,ACTIVE
L704622,C110971,Personal Loan,1270200.0,19.71,36,47017.33,2023-08-01,0.5937,1,129,DEFAULT
L704623,C110146,Credit Card,157100.0,17.0,12,14331.65,2025-12-09,0.5241,1,7,ACTIVE
L704624,C102269,Home Finance,380500.0,17.77,180,6064.96,2026-10-23,0.0793,0,0,ACTIVE
L704625,C104831,Personal Loan,80900.0,21.56,36,3069.5,2026-07-13,0.3224,0,0,CLOSED
L704626,C111370,Auto Finance,1348300.0,18.05,60,34273.99,2027-05-29,0.5063,1,0,CLOSED
L704627,C110067,Credit Card,415500.0,20.84,12,38653.88,2024-04-07,0.3852,0,7,ACTIVE
L704628,C102893,Personal Loan,735300.0,26.01,36,29628.67,2024-08-21,0.382,0,15,ACTIVE
L704629,C110129,Personal Loan,481300.0,19.26,36,17707.68,2025-01-23,0.4228,0,0,ACTIVE
L704630,C106325,Auto Finance,1611700.0,19.43,60,42189.53,2023-03-02,0.725,0,203,DEFAULT
L704631,C104725,Home Finance,1235600.0,12.4,180,15148.48,2025-01-15,0.5894,1,0,ACTIVE
L704632,C106505,Personal Loan,167300.0,19.37,36,6164.61,2025-10-21,0.3225,0,45,ACTIVE
L704633,C111002,Personal Loan,442200.0,19.52,36,16327.39,2023-09-11,0.064,0,45,ACTIVE
L704634,C108173,Credit Card,28500.0,21.64,12,2658.75,2023-11-26,0.4208,0,0,CLOSED
L704635,C109575,Credit Card,261100.0,22.26,12,24471.54,2027-01-22,0.4165,0,269,DEFAULT
L704636,C102905,Credit Card,476500.0,14.27,12,42839.74,2025-09-14,0.5699,0,7,ACTIVE
L704637,C102799,Credit Card,166900.0,17.35,12,15249.3,2024-08-07,0.498,0,0,ACTIVE
L704638,C106909,Home Finance,1204300.0,15.32,180,17120.24,2022-04-07,0.5177,0,0,ACTIVE
L704639,C108340,Credit Card,247000.0,22.51,12,23173.95,2022-04-03,0.4821,0,338,DEFAULT
L704640,C101411,Credit Card,194000.0,14.12,12,17430.41,2023-10-20,0.3089,0,0,ACTIVE
L704641,C100186,Auto Finance,126300.0,20.88,60,3409.1,2024-09-15,0.0011,0,30,ACTIVE
L704642,C102076,Home Finance,959200.0,18.63,180,15883.84,2025-11-05,0.1025,2,7,ACTIVE
L704643,C101936,Home Finance,1324400.0,24.97,180,28251.27,2024-02-10,0.3486,1,339,DEFAULT
L704644,C107516,Personal Loan,335700.0,17.75,36,12094.11,2025-07-05,0.0622,0,15,ACTIVE
L704645,C110478,Personal Loan,3503900.0,19.89,36,130019.69,2025-04-19,0.7003,1,30,CLOSED
L704646,C106434,Auto Finance,1558200.0,17.5,60,39144.79,2026-10-03,0.0837,0,0,ACTIVE
L704647,C101738,Credit Card,185300.0,24.67,12,17581.22,2025-07-01,0.3058,0,0,ACTIVE
L704648,C103398,Credit Card,395500.0,24.9,12,37568.1,2023-02-25,0.3267,2,30,ACTIVE
L704649,C101923,Home Finance,801400.0,18.37,180,13119.49,2026-03-15,0.6162,0,0,ACTIVE
L704650,C104784,Home Finance,3477300.0,16.72,180,52827.64,2022-10-13,0.6241,0,7,ACTIVE
L704651,C103738,Credit Card,665000.0,14.56,12,59885.98,2023-10-23,0.3612,0,91,DEFAULT
L704652,C101638,Personal Loan,1010600.0,17.12,36,36090.52,2024-08-06,0.3976,1,0,ACTIVE
L704653,C111991,Credit Card,602100.0,18.49,12,55337.45,2025-11-29,0.1355,1,7,ACTIVE
L704654,C106585,Personal Loan,1340200.0,18.21,36,48594.51,2023-04-17,0.4863,2,7,ACTIVE
L704655,C109425,Credit Card,337500.0,11.65,12,29932.73,2026-07-10,0.3041,0,45,ACTIVE
L704656,C101485,Home Finance,981300.0,22.07,180,18753.53,2027-02-18,0.5873,0,30,CLOSED
L704657,C109915,Auto Finance,874700.0,,60,20629.9,2026-01-28,0.5484,0,0,ACTIVE
L704658,C110283,Personal Loan,996600.0,21.5,36,37801.75,2025-12-16,0.3117,0,0,ACTIVE
L704659,C102918,Auto Finance,731600.0,23.51,60,20838.2,2027-05-01,0.2896,0,45,ACTIVE
L704660,C106450,Personal Loan,114600.0,16.98,36,4084.41,2022-05-15,0.3414,1,0,ACTIVE
L704661,C110595,Personal Loan,263400.0,,36,9591.62,2025-07-10,0.5831,0,0,ACTIVE
L704662,C109794,Credit Card,170400.0,24.95,12,16187.99,2024-11-15,0.6772,0,0,ACTIVE
L704663,C107315,Credit Card,72400.0,17.04,12,6606.56,2024-06-20,0.5914,0,100,DEFAULT
L704664,C102169,Home Finance,2122300.0,19.49,180,36477.18,2022-08-18,0.403,0,45,ACTIVE
L704665,C101724,Credit Card,56700.0,17.93,12,5198.79,2023-10-24,0.2375,0,15,ACTIVE
L704666,C103744,Credit Card,105800.0,26.9,12,10150.38,2026-01-17,0.1654,0,0,ACTIVE
L704667,C106968,Personal Loan,327400.0,18.09,36,11850.33,2023-02-25,0.2017,1,0,CLOSED
L704668,C108931,Personal Loan,551700.0,18.27,36,20020.19,2022-12-06,0.4954,0,15,ACTIVE
L704669,C111875,Credit Card,33200.0,20.26,12,3078.54,2022-11-24,0.2347,0,7,CLOSED
L704670,C110978,Personal Loan,80900.0,21.37,36,3062.25,2025-07-03,0.453,0,0,ACTIVE
L704671,C102086,Home Finance,2377500.0,15.26,180,33699.01,2022-12-21,0.2287,0,0,CLOSED
L704672,C109910,Auto Finance,809500.0,23.34,60,22978.14,2025-01-26,0.4085,0,30,ACTIVE
L704673,C100720,Home Finance,1446200.0,20.76,180,26215.46,2023-01-16,0.524,0,45,ACTIVE
L704674,C102888,Personal Loan,1037000.0,20.01,36,38543.53,2026-06-04,0.5028,0,0,CLOSED
L704675,C109804,Auto Finance,167500.0,17.54,60,4212.25,2026-06-10,0.6061,0,0,CLOSED
L704676,C109113,Home Finance,5298900.0,14.15,180,71102.46,2023-04-28,0.0842,2,0,ACTIVE
L704677,C103171,Credit Card,78800.0,16.66,12,7177.19,2023-02-12,0.1589,0,45,CLOSED
L704678,C108260,Credit Card,190200.0,19.94,12,17615.09,2024-09-02,0.8469,1,255,DEFAULT
L704679,C107945,Credit Card,424800.0,22.07,12,39773.76,2022-12-16,0.3854,0,0,ACTIVE
L704680,C101932,Personal Loan,116600.0,14.61,36,4021.32,2024-05-16,0.3228,0,7,ACTIVE
L704681,C108534,Personal Loan,633800.0,22.12,36,24246.07,2023-10-21,0.3313,0,0,CLOSED
L704682,C107326,Personal Loan,481900.0,16.33,36,17021.69,2022-12-11,0.5624,0,0,ACTIVE
L704683,C102011,Personal Loan,890400.0,18.58,36,32448.76,2023-10-25,0.2014,1,0,CLOSED
L704684,C103479,Auto Finance,945700.0,23.04,60,26680.7,2024-04-20,0.5819,0,0,ACTIVE
L704685,C103083,Personal Loan,944500.0,17.74,36,34022.98,2024-08-07,0.3396,0,15,ACTIVE
L704686,C110197,Credit Card,253000.0,23.04,12,23808.89,2023-05-03,0.5398,0,7,ACTIVE
L704687,C101603,Credit Card,294600.0,22.07,12,27583.42,2026-04-08,0.6978,0,15,ACTIVE
L704688,C103688,Personal Loan,294500.0,21.08,36,11109.08,2026-07-20,0.5699,1,367,DEFAULT
L704689,C111444,Auto Finance,351900.0,20.16,60,9353.77,2025-10-06,0.2181,0,0,CLOSED
L704690,C108429,Personal Loan,550400.0,20.55,36,20608.35,2023-12-25,0.4729,0,0,CLOSED
L704691,C100005,Home Finance,119100.0,19.12,180,2013.99,2024-06-02,0.2174,0,0,CLOSED
L704692,C111467,Home Finance,1866200.0,16.35,180,27866.05,2025-05-26,0.2121,1,15,CLOSED
L704693,C111820,Auto Finance,449000.0,18.23,60,11457.17,2023-10-07,0.2645,0,0,ACTIVE
L704694,C102093,Auto Finance,315300.0,17.98,60,8003.71,2025-05-24,0.2402,0,45,ACTIVE
L704695,C110230,Credit Card,81500.0,17.48,12,7449.84,2023-09-26,0.2555,0,0,CLOSED
L704696,C106208,Personal Loan,422300.0,18.69,36,15415.41,2026-02-22,0.182,0,7,CLOSED
L704697,C101626,Credit Card,513400.0,17.48,12,46940.86,2027-03-13,0.3341,0,45,ACTIVE
L704698,C100987,Home Finance,2706200.0,19.53,180,46591.81,2023-08-27,0.6397,0,0,ACTIVE
L704699,C101518,Personal Loan,376200.0,20.87,36,14149.41,2024-07-27,0.2757,1,0,ACTIVE
L704700,C101807,Credit Card,704500.0,15.76,12,63840.56,2026-07-05,0.6474,1,30,ACTIVE
L704701,C100294,Personal Loan,1688100.0,16.78,36,60000.57,2025-01-10,0.6258,1,45,ACTIVE
L704702,C107567,Personal Loan,1393200.0,21.35,36,52739.6,2025-07-12,0.4431,0,0,CLOSED
L704703,C107507,Credit Card,806300.0,20.5,12,74882.24,2023-11-14,0.3118,2,30,CLOSED
L704704,C103021,Home Finance,978500.0,16.56,180,14754.8,2024-11-24,0.3487,0,0,CLOSED
L704705,C101217,Auto Finance,769300.0,17.36,60,19267.87,2024-02-17,0.4333,0,0,ACTIVE
L704706,C110404,Credit Card,46200.0,19.07,12,4256.8,2024-08-05,0.5013,0,150,DEFAULT
L704707,C102531,Credit Card,64900.0,21.12,12,6042.68,2023-08-20,0.3778,1,0,ACTIVE
L704708,C101804,Auto Finance,815900.0,11.17,60,17808.89,2026-08-10,0.5461,0,7,ACTIVE
L704709,C101431,Credit Card,186200.0,16.1,12,16905.31,2024-11-19,0.6792,0,0,ACTIVE
L704710,C109054,Credit Card,63000.0,25.4,12,5995.8,2025-08-10,0.5243,0,0,ACTIVE
L704711,C105206,Auto Finance,351600.0,23.19,60,9950.69,2024-02-19,0.3812,0,15,ACTIVE
L704712,C109462,Personal Loan,1494700.0,13.91,36,51021.06,2026-10-21,0.3338,1,0,CLOSED
L704713,C110561,Personal Loan,1925100.0,20.01,36,71553.41,2024-12-25,0.2358,0,0,ACTIVE
L704714,C104968,Auto Finance,3717800.0,15.75,60,89915.77,2027-09-02,0.2439,0,0,ACTIVE
L704715,C109066,Credit Card,117600.0,17.83,12,10772.31,2024-01-07,0.4124,0,45,ACTIVE
L704716,C107704,Personal Loan,241300.0,20.29,36,9002.47,2025-02-16,0.1033,1,0,ACTIVE
L704717,C109174,Credit Card,35500.0,20.51,12,3298.13,2025-10-15,0.2502,0,45,CLOSED
L704718,C100704,Home Finance,546400.0,24.79,180,11579.33,2025-08-01,0.1386,0,7,ACTIVE
L704719,C101892,Auto Finance,1694800.0,20.77,60,45631.33,2025-06-21,0.264,0,0,ACTIVE
L704720,C104096,Credit Card,612900.0,,12,58101.32,2025-01-17,0.4225,0,0,CLOSED
L704721,C106464,Home Finance,1447100.0,,180,26091.41,2026-03-23,0.2682,0,30,ACTIVE
L704722,C101709,Personal Loan,728100.0,20.69,36,27315.99,2027-01-25,0.092,0,0,ACTIVE
L704723,C102873,Personal Loan,820800.0,24.04,36,32221.39,2023-09-13,0.2728,0,30,CLOSED
L704724,C106801,Credit Card,1268200.0,21.34,12,118297.98,2025-09-07,0.5321,0,346,DEFAULT
L704725,C102982,Personal Loan,407800.0,20.38,36,15234.44,2026-01-15,0.3101,1,0,ACTIVE
L704726,C100740,Home Finance,1153800.0,19.99,180,20256.11,2025-06-18,0.4839,0,0,CLOSED
L704727,C103766,Credit Card,111100.0,22.26,12,10414.29,2023-10-14,0.184,1,0,CLOSED
L704728,C111482,Auto Finance,1047600.0,23.32,60,29726.34,2025-11-21,0.1426,2,0,ACTIVE
L704729,C100664,Credit Card,72100.0,21.06,12,6716.54,2024-04-16,0.3666,0,45,ACTIVE
L704730,C107927,Credit Card,106100.0,16.05,12,9633.16,2023-12-04,0.5015,1,45,CLOSED
L704731,C100968,Personal Loan,1083200.0,15.88,36,38016.32,2022-03-18,0.6581,0,0,CLOSED
L704732,C109441,Personal Loan,355000.0,22.55,36,13658.84,2024-11-30,0.382,1,45,CLOSED
L704733,C100886,Personal Loan,1094600.0,20.12,36,40746.72,2025-04-04,0.3902,0,0,ACTIVE
L704734,C108560,Credit Card,186800.0,22.62,12,17541.81,2023-03-29,0.2122,0,30,ACTIVE
L704735,C107772,Home Finance,3981200.0,20.13,180,70304.11,2025-05-06,0.8585,1,45,ACTIVE
L704736,C100671,Personal Loan,606000.0,16.76,36,21533.91,2026-04-18,0.3233,2,0,ACTIVE
L704737,C102679,Credit Card,316600.0,,12,29132.84,2025-03-09,0.0402,1,45,CLOSED
L704738,C104010,Auto Finance,1131800.0,18.75,60,29205.22,2025-01-06,0.4994,0,0,ACTIVE
L704739,C105893,Auto Finance,1795000.0,19.64,60,47197.35,2025-09-21,0.417,1,45,ACTIVE
L704740,C109167,Credit Card,105800.0,20.1,12,9808.51,2024-03-26,0.6856,0,0,ACTIVE
L704741,C103204,Home Finance,1604900.0,16.63,180,24280.6,2023-04-03,0.9094,1,45,ACTIVE
L704742,C105542,Credit Card,362800.0,18.23,12,33305.18,2025-01-27,0.4739,1,45,ACTIVE
L704743,C105384,Credit Card,290900.0,20.74,12,27054.56,2024-04-08,0.6699,0,15,ACTIVE
L704744,C106409,Credit Card,240100.0,,12,22244.48,2025-01-29,0.059,0,7,CLOSED
L704745,C100023,Personal Loan,171200.0,18.67,36,6248.72,2025-07-03,0.1078,0,7,ACTIVE
L704746,C105737,Auto Finance,327800.0,16.92,60,8133.46,2025-03-10,0.1507,0,0,ACTIVE
L704747,C100621,Home Finance,295300.0,17.9,180,4734.12,2023-11-10,0.6085,2,7,ACTIVE
L704748,C104149,Credit Card,231500.0,13.8,12,20762.81,2026-05-04,0.5684,1,15,ACTIVE
L704749,C103425,Credit Card,161800.0,21.34,12,15093.89,2025-11-25,0.7267,0,7,ACTIVE
L704750,C111131,Auto Finance,1624300.0,19.4,60,42493.53,2026-03-13,0.1751,1,0,ACTIVE
L704751,C100782,Auto Finance,1122200.0,21.43,60,30632.28,2024-06-15,0.9639,0,0,ACTIVE
L704752,C106523,Home Finance,1386700.0,12.81,180,17372.16,2025-05-17,0.1444,0,7,CLOSED
L704753,C100133,Auto Finance,4147100.0,24.34,60,120124.47,2022-11-18,0.3701,0,30,CLOSED
L704754,C111057,Auto Finance,440500.0,16.95,60,10935.73,2024-04-26,0.1044,1,0,ACTIVE
L704755,C103885,Credit Card,762800.0,17.8,12,69862.59,2026-08-03,0.6947,0,0,CLOSED
L704756,C101894,Home Finance,2632800.0,21.67,180,49518.83,2027-04-21,0.2254,0,0,ACTIVE
L704757,C105249,Home Finance,299500.0,19.35,180,5116.27,2024-05-13,0.3205,0,15,ACTIVE
L704758,C107839,Personal Loan,471800.0,,36,17725.77,2023-06-02,0.4547,0,30,ACTIVE
L704759,C101397,Personal Loan,707800.0,19.71,36,26198.23,2025-02-26,0.4026,0,15,ACTIVE
L704760,C105334,Auto Finance,123100.0,18.43,60,3155.29,2024-06-30,0.0859,0,0,ACTIVE
L704761,C108616,Credit Card,255500.0,21.19,12,23812.22,2024-06-06,0.2403,2,153,DEFAULT
L704762,C111101,Personal Loan,2904000.0,24.98,36,115431.1,2023-03-26,0.2417,1,0,ACTIVE
L704763,C106314,Personal Loan,314200.0,15.62,36,10985.8,2026-04-08,0.2597,0,0,CLOSED
L704764,C100982,Credit Card,166400.0,21.38,12,15525.66,2026-03-27,0.5056,0,154,DEFAULT
L704765,C103903,Personal Loan,1846800.0,17.9,36,66674.76,2023-02-21,0.3876,0,0,ACTIVE
L704766,C104492,Personal Loan,703800.0,14.52,36,24232.79,2025-04-14,0.5258,1,0,ACTIVE
L704767,C108097,Auto Finance,705300.0,24.62,60,20543.6,2023-08-09,0.3739,0,15,ACTIVE
L704768,C106742,Credit Card,107400.0,21.39,12,10017.43,2025-12-21,0.667,1,7,ACTIVE
L704769,C100359,Credit Card,288000.0,16.63,12,26219.34,2023-07-07,0.1919,0,45,ACTIVE
L704770,C105280,Personal Loan,798300.0,17.09,36,28495.73,2024-03-04,0.2867,0,169,DEFAULT
L704771,C111865,Credit Card,297300.0,16.78,12,27086.7,2026-06-05,0.1911,1,0,ACTIVE
L704772,C103019,Auto Finance,1063200.0,19.62,60,27944.76,2025-03-03,0.3783,1,0,ACTIVE
L704773,C108074,Auto Finance,826400.0,21.71,60,22687.9,2024-11-25,0.3378,0,118,DEFAULT
L704774,C104525,Home Finance,837000.0,22.62,180,16344.33,2024-12-07,0.4678,0,0,ACTIVE
L704775,C104427,Credit Card,111200.0,16.89,12,10138.18,2024-11-08,0.5632,1,45,ACTIVE
L704776,C102912,Home Finance,256400.0,25.58,180,5590.84,2025-02-02,0.2906,0,0,ACTIVE
L704777,C109376,Credit Card,303900.0,16.64,12,27668.25,2027-01-24,0.2233,0,7,ACTIVE
L704778,C109528,Credit Card,605000.0,19.04,12,55765.25,2026-02-10,0.2375,0,0,ACTIVE
L704779,C109315,Personal Loan,289900.0,21.73,36,11031.55,2022-10-02,0.0167,0,30,ACTIVE
L704780,C100022,Personal Loan,361500.0,22.56,36,13909.68,2024-11-29,0.4211,1,45,ACTIVE
L704781,C105644,Personal Loan,250200.0,21.09,36,9438.98,2024-12-20,0.1989,0,0,CLOSED
L704782,C109992,Auto Finance,807100.0,16.53,60,19856.24,2025-05-23,0.2041,0,15,ACTIVE
L704783,C105896,Credit Card,302900.0,16.29,12,27527.01,2024-05-11,0.4564,0,0,ACTIVE
L704784,C100848,Credit Card,476500.0,19.64,12,44054.64,2026-04-11,0.3634,0,0,CLOSED
L704785,C111018,Credit Card,322900.0,15.48,12,29219.26,2025-03-18,0.58,0,291,DEFAULT
L704786,C102032,Personal Loan,907500.0,21.88,36,34602.47,2023-05-20,0.5647,0,7,CLOSED
L704787,C100663,Credit Card,502400.0,19.86,12,46501.34,2025-02-18,0.5693,0,30,CLOSED
L704788,C110536,Auto Finance,1157300.0,24.72,60,33777.34,2026-06-01,0.3889,0,0,ACTIVE
L704789,C108939,Home Finance,2099700.0,20.48,180,37624.32,2027-05-05,0.2026,2,0,ACTIVE
L704790,C102810,Personal Loan,539200.0,18.1,36,19519.27,2025-03-15,0.6822,0,313,DEFAULT
L704791,C111986,Auto Finance,841400.0,13.17,60,19218.25,2025-07-29,0.4546,0,0,ACTIVE
L704792,C105687,Personal Loan,659000.0,15.93,36,23145.17,2026-02-20,0.4659,1,0,CLOSED
L704793,C100744,Personal Loan,157500.0,17.26,36,5633.92,2026-02-06,0.6451,1,182,DEFAULT
L704794,C105616,Credit Card,283300.0,25.43,12,26988.8,2024-11-29,0.9105,1,0,ACTIVE
L704795,C103805,Auto Finance,462800.0,23.04,60,13057.0,2027-05-26,0.4337,0,238,DEFAULT
L704796,C109367,Personal Loan,636900.0,22.59,36,24517.47,2022-05-19,0.5686,0,0,ACTIVE
L704797,C100041,Credit Card,768800.0,20.39,12,71363.1,2024-02-26,0.6118,0,45,ACTIVE
L704798,C105662,Credit Card,69400.0,9.0,12,6067.63,2024-02-12,0.1236,0,0,ACTIVE
L704799,C107309,Home Finance,1634500.0,20.86,180,29751.07,2026-11-30,0.1079,1,45,CLOSED
L704800,C101168,Personal Loan,725900.0,17.07,36,25905.44,2023-05-28,0.7167,0,0,CLOSED
L704801,C109724,Personal Loan,492400.0,,36,18398.75,2024-02-03,0.4218,0,0,ACTIVE
L704802,C107054,Personal Loan,992600.0,11.97,36,32953.06,2024-02-10,0.33,0,45,ACTIVE
L704803,C101392,Credit Card,572500.0,15.72,12,51863.65,2024-09-04,0.6751,0,7,CLOSED
L704804,C108973,Auto Finance,302800.0,,60,7986.44,2026-07-01,0.43,0,30,ACTIVE
L704805,C103063,Credit Card,226600.0,11.29,12,20055.1,2026-02-18,0.4912,0,30,ACTIVE
L704806,C103871,Personal Loan,1470800.0,15.7,36,51491.46,2022-05-15,0.565,1,15,CLOSED
L704807,C102777,Home Finance,299400.0,20.82,180,5441.07,2024-08-30,0.5757,0,15,ACTIVE
L704808,C107391,Auto Finance,1631900.0,,60,42791.57,2025-07-19,0.4504,1,30,ACTIVE
L704809,C108392,Personal Loan,841400.0,19.92,36,31234.5,2024-10-15,0.0146,0,0,ACTIVE
L704810,C108008,Credit Card,115200.0,14.0,12,10346.68,2026-03-27,0.6274,0,0,CLOSED
L704811,C109045,Auto Finance,540000.0,19.68,60,14210.81,2025-02-01,0.0638,0,0,ACTIVE
L704812,C103388,Home Finance,4170200.0,18.58,180,68904.83,2022-07-17,0.4804,2,30,ACTIVE
L704813,C100351,Credit Card,112200.0,18.37,12,10304.68,2024-12-12,0.5407,0,0,CLOSED
L704814,C106077,Auto Finance,3149200.0,21.06,60,85301.49,2027-05-21,0.2308,1,7,ACTIVE
L704815,C105243,Auto Finance,871700.0,14.15,60,20350.79,2026-08-21,0.5086,0,7,ACTIVE
L704816,C105374,Personal Loan,795500.0,12.93,36,26777.07,2023-04-25,0.1353,0,0,CLOSED
L704817,C101958,Auto Finance,607700.0,20.62,60,16311.16,2024-01-16,0.6396,0,0,ACTIVE
L704818,C103114,Credit Card,111000.0,21.36,12,10355.04,2024-12-07,0.0,0,0,ACTIVE
L704819,C110670,Auto Finance,842200.0,12.38,60,18896.56,2022-08-02,0.593,0,30,ACTIVE
L704820,C109783,Auto Finance,314700.0,20.43,60,8412.31,2023-05-10,0.5131,0,30,ACTIVE
L704821,C111593,Home Finance,1195200.0,22.37,180,23113.2,2026-07-10,0.2574,1,0,ACTIVE
L704822,C100033,Credit Card,1074000.0,18.19,12,98562.76,2023-08-10,0.1686,0,0,CLOSED
L704823,C102750,Home Finance,5443400.0,19.33,180,92919.19,2024-11-11,0.4237,0,0,CLOSED
L704824,C109115,Credit Card,174400.0,24.78,12,16561.33,2023-02-13,0.2453,1,45,ACTIVE
L704825,C107455,Auto Finance,1746600.0,20.59,60,46849.65,2023-06-02,0.2258,2,15,ACTIVE
L704826,C110048,Credit Card,239400.0,21.57,12,22359.4,2025-08-08,0.591,0,15,ACTIVE
L704827,C101094,Credit Card,560200.0,21.82,12,52384.15,2024-08-15,0.1542,1,0,ACTIVE
L704828,C101440,Personal Loan,421600.0,20.93,36,15868.01,2024-04-09,0.4318,1,0,CLOSED
L704829,C101952,Auto Finance,616400.0,17.38,60,15445.99,2023-09-15,0.6161,0,0,CLOSED
L704830,C110255,Personal Loan,3344900.0,16.64,36,118658.14,2026-02-04,0.2137,1,45,ACTIVE
L704831,C105947,Auto Finance,1511500.0,14.74,60,35753.68,2025-12-07,0.4939,0,45,ACTIVE
L704832,C102046,Personal Loan,549400.0,19.36,36,20239.9,2026-12-10,0.1576,2,30,CLOSED
L704833,C103180,Personal Loan,702200.0,20.73,36,26357.51,2022-05-05,0.0,1,45,ACTIVE
L704834,C106904,Credit Card,523500.0,17.08,12,47766.76,2023-06-20,0.2455,1,15,CLOSED
L704835,C104132,Personal Loan,277600.0,14.8,36,9595.4,2025-07-01,0.3097,0,145,DEFAULT
L704836,C109417,Credit Card,108800.0,23.22,12,10244.14,2024-11-10,0.3036,0,0,ACTIVE
L704837,C105636,Credit Card,145200.0,15.61,12,13151.14,2025-01-05,0.0336,0,45,ACTIVE
L704838,C111886,Personal Loan,71800.0,16.62,36,2547.48,2025-10-20,0.204,0,30,ACTIVE
L704839,C105352,Auto Finance,675800.0,19.75,60,17809.96,2025-09-06,0.1545,0,0,ACTIVE
L704840,C105578,Personal Loan,831900.0,19.19,36,30574.43,2026-06-17,0.6889,2,0,CLOSED
L704841,C108102,Personal Loan,1147800.0,25.45,36,45910.25,2026-03-24,0.8461,1,0,ACTIVE
L704842,C109803,Home Finance,1999900.0,15.59,180,28803.46,2026-04-23,0.2952,0,0,CLOSED
L704843,C105109,Personal Loan,142400.0,18.63,36,5194.18,2024-09-20,0.4505,0,45,ACTIVE
L704844,C108574,Auto Finance,1991300.0,24.73,60,58132.96,2024-12-11,0.3325,2,7,ACTIVE
L704845,C104244,Personal Loan,1283500.0,21.2,36,48486.69,2026-11-28,0.2076,0,45,CLOSED
L704846,C105105,Credit Card,854200.0,25.12,12,81240.42,2026-04-01,0.5569,0,15,CLOSED
L704847,C107752,Auto Finance,768400.0,,60,21260.47,2024-02-25,0.1201,0,0,ACTIVE
L704848,C100719,Auto Finance,393300.0,21.3,60,10706.75,2025-01-05,0.0814,2,15,CLOSED
L704849,C100822,Auto Finance,2517500.0,19.08,60,65416.66,2025-01-11,0.2206,1,15,ACTIVE
L704850,C103105,Credit Card,94100.0,26.24,12,9001.65,2024-09-30,0.3515,0,0,ACTIVE
L704851,C103004,Personal Loan,174600.0,21.96,36,6663.16,2025-06-17,0.5994,1,30,ACTIVE
L704852,C109408,Auto Finance,874300.0,19.64,60,22987.86,2025-10-30,0.79,0,0,ACTIVE
L704853,C104766,Personal Loan,106500.0,21.38,36,4034.75,2023-07-19,0.3685,0,30,ACTIVE
L704854,C107789,Home Finance,908500.0,15.22,180,12852.74,2023-11-12,0.2715,0,0,CLOSED
L704855,C111379,Personal Loan,345400.0,16.0,36,12144.19,2024-06-10,0.6111,1,0,ACTIVE
L704856,C102798,Personal Loan,359800.0,20.75,36,13509.26,2023-08-25,0.3729,0,0,CLOSED
L704857,C107861,Auto Finance,424000.0,21.06,60,11483.97,2023-06-02,0.4982,0,0,CLOSED
L704858,C108989,Auto Finance,184700.0,18.26,60,4716.74,2024-04-08,0.5444,0,0,ACTIVE
L704859,C104086,Credit Card,143900.0,21.98,12,13468.13,2024-05-04,0.0382,0,0,ACTIVE
L704860,C100613,Personal Loan,860600.0,19.3,36,31676.52,2024-05-27,0.6007,0,0,CLOSED
L704861,C108083,Personal Loan,1445900.0,22.45,36,55556.29,2024-07-04,0.2556,0,0,ACTIVE
L704862,C110992,Home Finance,1724000.0,25.25,180,37151.23,2026-11-22,0.1031,1,15,CLOSED
L704863,C103664,Credit Card,638200.0,20.14,12,59157.48,2023-03-06,0.1695,0,0,ACTIVE
L704864,C109921,Personal Loan,810100.0,19.08,36,29729.46,2023-01-13,0.1146,1,0,CLOSED
L704865,C111199,Auto Finance,1982900.0,18.62,60,51025.02,2027-03-20,0.7044,0,0,ACTIVE
L704866,C107444,Credit Card,48100.0,19.52,12,4448.4,2025-08-12,0.4213,0,0,ACTIVE
L704867,C108496,Personal Loan,1203000.0,14.4,36,41350.36,2026-06-06,0.498,0,30,CLOSED
L704868,C100385,Personal Loan,271300.0,26.14,36,10952.28,2025-04-15,0.2977,0,7,ACTIVE
L704869,C101396,Auto Finance,182600.0,18.73,60,4708.76,2025-09-28,0.3204,0,0,CLOSED
L704870,C104966,Personal Loan,925000.0,16.84,36,32906.58,2026-10-13,0.9154,1,15,ACTIVE
L704871,C110488,Personal Loan,2574200.0,16.23,36,90792.41,2024-10-09,0.3235,0,0,ACTIVE
L704872,C111142,Personal Loan,531200.0,17.22,36,18995.86,2023-01-14,0.4613,0,0,CLOSED
L704873,C107521,Auto Finance,360100.0,23.63,60,10281.97,2027-09-02,0.2884,0,30,ACTIVE
L704874,C104669,Personal Loan,146100.0,15.1,36,5071.1,2026-11-17,0.3054,0,30,ACTIVE
L704875,C101743,Credit Card,931600.0,24.62,12,88374.75,2024-03-25,0.4963,1,0,CLOSED
L704876,C103789,Home Finance,837800.0,24.26,180,17411.14,2025-03-31,0.2889,0,30,ACTIVE
L704877,C106297,Credit Card,73500.0,23.15,12,6919.61,2023-06-17,0.1124,1,30,ACTIVE
L704878,C107104,Auto Finance,238800.0,22.26,60,6631.55,2022-08-13,0.0,0,0,ACTIVE
L704879,C105971,Auto Finance,1118600.0,18.25,60,28558.61,2026-08-11,0.6129,0,0,ACTIVE
L704880,C111402,Home Finance,1328600.0,19.1,180,22454.87,2023-01-04,0.3751,1,0,ACTIVE
L704881,C102589,Personal Loan,1013900.0,23.82,36,39681.71,2023-11-25,0.3972,0,7,ACTIVE
L704882,C108005,Personal Loan,1399000.0,22.76,36,53981.6,2025-09-11,0.4542,0,15,CLOSED
L704883,C107257,Credit Card,391800.0,16.64,12,35666.41,2026-11-05,0.4934,0,340,DEFAULT
L704884,C108099,Credit Card,48500.0,,12,4534.81,2024-04-11,0.6568,2,15,ACTIVE
L704885,C101872,Credit Card,111700.0,15.14,12,10089.13,2024-01-08,0.3251,1,15,ACTIVE
L704886,C107733,Credit Card,56400.0,16.56,12,5132.2,2026-09-06,0.3232,0,0,ACTIVE
L704887,C103088,Credit Card,151400.0,18.7,12,13930.91,2023-07-24,0.1945,0,15,ACTIVE
L704888,C103007,Credit Card,531900.0,19.62,12,49175.89,2025-02-22,0.405,0,30,CLOSED
L704889,C107491,Personal Loan,49300.0,,36,1997.96,2027-02-02,0.6895,0,45,ACTIVE
L704890,C109551,Credit Card,47200.0,18.02,12,4330.01,2024-08-18,0.0753,1,0,ACTIVE
L704891,C109227,Auto Finance,1194300.0,22.24,60,33148.49,2027-02-25,0.4511,0,0,ACTIVE
L704892,C101475,Credit Card,120900.0,18.27,12,11098.07,2024-08-19,0.6412,0,0,ACTIVE
L704893,C102154,Credit Card,164300.0,23.49,12,15491.17,2025-05-10,0.2348,0,0,ACTIVE
L704894,C109916,Credit Card,227400.0,,12,20986.15,2025-03-30,0.4097,0,0,ACTIVE
L704895,C111221,Personal Loan,373400.0,19.34,36,13751.94,2024-12-28,0.2108,0,0,ACTIVE
L704896,C104355,Personal Loan,1438000.0,18.86,36,52608.5,2025-08-18,0.4002,0,0,ACTIVE
L704897,C106749,Credit Card,85200.0,19.26,12,7862.66,2024-06-29,0.629,0,0,ACTIVE
L704898,C103597,Credit Card,475000.0,24.36,12,44997.93,2023-12-14,0.5274,0,157,DEFAULT
L704899,C107638,Credit Card,55700.0,17.22,12,5084.45,2023-02-22,0.1708,1,7,ACTIVE
L704900,C106691,Personal Loan,144400.0,17.88,36,5210.41,2025-02-26,0.2449,2,7,CLOSED
L704901,C102584,Personal Loan,652700.0,15.24,36,22703.34,2024-02-22,0.6056,0,45,ACTIVE
L704902,C106044,Credit Card,482400.0,24.03,12,45619.66,2024-04-23,0.028,0,15,ACTIVE
L704903,C109932,Home Finance,1980300.0,,180,34253.88,2025-09-29,0.598,1,45,ACTIVE
L704904,C110653,Personal Loan,505700.0,19.01,36,18537.95,2024-01-21,0.1814,0,7,ACTIVE
L704905,C104091,Personal Loan,1242600.0,26.45,36,50364.63,2024-09-01,0.458,1,15,ACTIVE
L704906,C104465,Auto Finance,2950300.0,23.17,60,83458.07,2026-07-31,0.1364,0,15,ACTIVE
L704907,C105194,Personal Loan,1003600.0,20.85,36,37732.64,2022-08-14,0.3156,0,30,ACTIVE
L704908,C101674,Personal Loan,820500.0,18.05,36,29682.78,2023-09-05,0.0429,1,0,CLOSED
L704909,C101282,Home Finance,435000.0,21.2,180,8027.92,2023-06-29,0.3837,0,30,ACTIVE
L704910,C111470,Credit Card,201100.0,18.2,12,18459.76,2026-05-11,0.2635,1,0,ACTIVE
L704911,C105335,Credit Card,318500.0,19.31,12,29397.84,2025-07-12,0.2827,1,0,ACTIVE
L704912,C106463,Personal Loan,1494000.0,18.49,36,54381.15,2024-03-01,0.6192,2,0,ACTIVE
L704913,C106832,Credit Card,203400.0,24.63,12,19297.3,2026-12-05,0.7588,0,15,ACTIVE
L704914,C100605,Personal Loan,577600.0,14.73,36,19945.15,2022-06-29,0.3208,0,30,ACTIVE
L704915,C111897,Personal Loan,595900.0,22.53,36,22921.99,2025-08-06,0.145,0,0,ACTIVE
L704916,C104601,Credit Card,82600.0,14.52,12,7436.18,2025-12-23,0.2945,0,45,ACTIVE
L704917,C104040,Personal Loan,1944200.0,21.57,36,73819.43,2026-02-15,0.0489,1,0,ACTIVE
L704918,C103889,Personal Loan,445800.0,15.15,36,15485.42,2024-08-04,0.3245,2,30,ACTIVE
L704919,C109587,Home Finance,563000.0,25.89,180,12413.1,2025-05-06,0.1031,0,15,ACTIVE
L704920,C107241,Auto Finance,1467300.0,22.06,60,40576.65,2025-08-20,0.4563,0,0,ACTIVE
L704921,C101244,Credit Card,616500.0,18.87,12,56772.08,2025-12-26,0.3468,1,0,ACTIVE
L704922,C106058,Personal Loan,618700.0,17.38,36,22175.4,2025-12-02,0.2925,0,0,ACTIVE
L704923,C111639,Home Finance,1141900.0,20.97,180,20878.02,2024-08-23,0.2548,0,0,ACTIVE
L704924,C107562,Personal Loan,1032500.0,18.71,36,37697.62,2026-04-07,0.5409,1,0,ACTIVE
L704925,C105720,Personal Loan,820200.0,12.19,36,27316.59,2025-05-17,0.1984,1,15,ACTIVE
L704926,C104339,Credit Card,550700.0,19.75,12,50946.8,2026-03-29,0.3127,0,0,ACTIVE
L704927,C108509,Home Finance,856100.0,16.7,180,12993.81,2026-07-25,0.4935,0,45,ACTIVE
L704928,C103709,Auto Finance,2722400.0,23.5,60,77530.66,2023-11-09,0.386,0,7,ACTIVE
L704929,C107039,Auto Finance,260600.0,20.81,60,7023.05,2027-01-19,0.1783,0,30,CLOSED
L704930,C111364,Auto Finance,1664300.0,22.2,60,46155.85,2026-02-19,0.2027,0,7,CLOSED
L704931,C105297,Personal Loan,577900.0,21.01,36,21773.54,2025-05-16,0.7908,1,45,ACTIVE
L704932,C105550,Auto Finance,434200.0,18.7,60,11191.31,2027-08-18,0.3103,1,0,ACTIVE
L704933,C111663,Credit Card,353600.0,,12,32012.18,2025-10-06,0.1216,0,0,ACTIVE
L704934,C105460,Auto Finance,963500.0,16.75,60,23816.9,2023-02-17,0.3422,0,15,CLOSED
L704935,C110736,Personal Loan,315600.0,20.92,36,11876.97,2024-01-30,0.3319,1,0,CLOSED
L704936,C100128,Credit Card,159500.0,17.71,12,14600.78,2025-06-08,0.0483,1,0,ACTIVE
L704937,C111404,Home Finance,948100.0,19.96,180,16624.14,2024-03-02,0.1909,0,0,ACTIVE
L704938,C103174,Home Finance,292900.0,17.97,180,4711.02,2025-07-29,0.1283,0,45,ACTIVE
L704939,C102745,Auto Finance,168800.0,24.77,60,4931.69,2026-11-27,0.2124,0,15,ACTIVE
L704940,C108351,Personal Loan,300600.0,22.57,36,11567.72,2024-06-26,0.3861,0,7,CLOSED
L704941,C109143,Personal Loan,2094800.0,,36,77476.64,2024-09-03,0.4092,0,15,ACTIVE
L704942,C100155,Personal Loan,614800.0,,36,22783.37,2025-04-01,0.0804,1,0,ACTIVE
L704943,C105575,Personal Loan,1336100.0,15.77,36,46823.12,2025-06-04,0.3729,2,0,ACTIVE
L704944,C109405,Personal Loan,1650600.0,19.43,36,60863.63,2026-04-26,0.6373,0,7,CLOSED
L704945,C102199,Personal Loan,729400.0,18.1,36,26405.13,2025-03-04,0.3147,0,30,ACTIVE
L704946,C106288,Personal Loan,1287600.0,14.09,36,44064.13,2026-02-14,0.6057,0,0,ACTIVE
L704947,C103027,Credit Card,169200.0,12.51,12,15070.0,2026-05-26,0.0356,1,0,CLOSED
L704948,C111629,Credit Card,212900.0,17.47,12,19469.37,2024-06-06,0.5488,0,109,DEFAULT
L704949,C102328,Personal Loan,355500.0,14.7,36,12272.09,2025-11-05,0.1989,0,0,CLOSED
L704950,C106941,Credit Card,442700.0,23.01,12,41647.45,2024-09-30,0.2641,1,45,ACTIVE
L704951,C108839,Auto Finance,2353100.0,18.45,60,60331.27,2025-04-15,0.64,1,30,CLOSED
L704952,C110210,Auto Finance,679300.0,23.52,60,19352.04,2022-04-13,0.3083,1,0,CLOSED
L704953,C100227,Personal Loan,577000.0,20.18,36,21497.61,2025-04-23,0.8174,0,0,ACTIVE
L704954,C108495,Credit Card,279100.0,18.92,12,25711.22,2024-04-21,0.2252,0,15,ACTIVE
L704955,C105052,Home Finance,981700.0,16.88,180,15025.61,2024-01-22,0.0284,1,45,ACTIVE
L704956,C105312,Credit Card,183900.0,14.58,12,16561.85,2026-10-12,0.0973,0,0,ACTIVE
L704957,C105220,Personal Loan,1214300.0,16.03,36,42710.9,2025-11-02,0.1849,0,0,ACTIVE
L704958,C109974,Personal Loan,394600.0,23.81,36,15442.55,2026-12-02,0.5834,0,7,ACTIVE
L704959,C102037,Personal Loan,3630100.0,21.67,36,138014.5,2023-02-23,0.4162,1,7,ACTIVE
L704960,C107280,Personal Loan,1201000.0,15.56,36,41961.46,2025-01-29,0.1924,0,45,ACTIVE
L704961,C106336,Home Finance,207200.0,22.23,180,3984.75,2024-11-26,0.2653,0,0,ACTIVE
L704962,C108597,Auto Finance,734600.0,17.45,60,18436.08,2023-09-09,0.0504,1,0,ACTIVE
L704963,C111186,Auto Finance,625800.0,23.01,60,17644.19,2024-10-08,0.5239,0,45,ACTIVE
L704964,C101800,Credit Card,426600.0,,12,40357.02,2023-09-01,0.2802,0,0,ACTIVE
L704965,C107969,Credit Card,264600.0,19.52,12,24448.45,2025-02-01,0.7753,0,15,ACTIVE
L704966,C106165,Credit Card,533300.0,12.76,12,47572.74,2026-07-19,0.6319,2,101,DEFAULT
L704967,C110464,Credit Card,874100.0,18.78,12,80460.59,2022-12-23,0.5981,0,0,ACTIVE
L704968,C100234,Personal Loan,618200.0,21.26,36,23375.04,2027-06-17,0.3697,0,7,ACTIVE
L704969,C102853,Home Finance,1403400.0,13.38,180,18108.47,2025-07-23,0.63,0,45,ACTIVE
L704970,C100531,Credit Card,75100.0,21.49,12,7011.01,2023-03-24,0.774,0,0,ACTIVE
L704971,C107068,Personal Loan,428500.0,15.51,36,14962.42,2025-01-01,0.076,0,45,CLOSED
L704972,C100574,Credit Card,370300.0,17.27,12,33819.59,2026-07-12,0.5338,1,15,ACTIVE
L704973,C100483,Credit Card,465700.0,19.29,12,42979.68,2023-06-23,0.6715,0,0,ACTIVE
L704974,C110873,Home Finance,119100.0,20.32,180,2120.46,2025-05-15,0.2139,0,7,ACTIVE
L704975,C105582,Auto Finance,1400300.0,17.39,60,35096.63,2027-03-22,0.5926,1,0,ACTIVE
L704976,C100079,Auto Finance,904400.0,21.3,60,24620.12,2024-04-09,0.3382,2,45,ACTIVE
L704977,C107459,Auto Finance,1138000.0,22.32,60,31637.44,2023-12-09,0.1189,1,30,ACTIVE
L704978,C108583,Personal Loan,365800.0,12.56,36,12247.32,2024-12-13,0.712,0,0,ACTIVE
L704979,C110579,Personal Loan,157800.0,20.95,36,5940.34,2024-02-10,0.6464,0,0,ACTIVE
L704980,C106907,Personal Loan,277700.0,23.17,36,10776.19,2024-02-26,0.4442,1,93,DEFAULT
L704981,C102699,Credit Card,423800.0,,12,39683.08,2025-07-16,0.5764,2,350,DEFAULT
L704982,C111237,Personal Loan,508400.0,,36,18393.54,2024-04-14,0.364,0,0,ACTIVE
L704983,C110280,Personal Loan,647400.0,21.48,36,24552.57,2024-05-27,0.6714,0,0,ACTIVE
L704984,C108729,Credit Card,205200.0,21.86,12,19193.59,2023-02-07,0.1752,1,15,ACTIVE
L704985,C101241,Personal Loan,2882200.0,18.95,36,105576.3,2024-04-24,0.5819,0,0,CLOSED
L704986,C101161,Home Finance,2081200.0,18.08,180,33636.08,2023-11-08,0.2023,0,0,CLOSED
L704987,C101516,Auto Finance,1448800.0,21.18,60,39342.77,2025-07-16,0.4032,0,0,ACTIVE
L704988,C106862,Auto Finance,3468900.0,18.45,60,88939.66,2026-09-21,0.2882,0,0,ACTIVE
L704989,C111073,Home Finance,1430600.0,,180,24829.46,2022-12-26,0.4365,0,0,ACTIVE
L704990,C106486,Credit Card,417000.0,21.64,12,38953.04,2027-06-28,0.6145,0,30,CLOSED
L704991,C108211,Personal Loan,179900.0,,36,6118.96,2024-07-24,0.2168,0,0,ACTIVE
L704992,C108859,Credit Card,76000.0,19.2,12,7013.58,2024-09-02,0.1959,0,175,DEFAULT
L704993,C107519,Home Finance,1285200.0,21.97,180,24462.92,2025-05-19,0.0728,1,30,ACTIVE
L704994,C105028,Home Finance,1713100.0,21.66,180,32207.95,2025-11-03,0.5398,0,7,ACTIVE
L704995,C109934,Auto Finance,372100.0,21.1,60,10087.01,2027-01-19,0.1884,0,7,ACTIVE
L704996,C107201,Personal Loan,306700.0,23.62,36,11971.22,2026-07-02,0.1044,0,15,ACTIVE
L704997,C100230,Credit Card,336300.0,19.73,12,31110.66,2026-10-14,0.6402,1,45,CLOSED
L704998,C104286,Personal Loan,260400.0,12.94,36,8765.79,2024-08-06,0.7279,0,30,ACTIVE
L704999,C103553,Auto Finance,603600.0,,60,14661.75,2024-10-17,0.1325,0,7,CLOSED
L705000,C106627,Auto Finance,1501700.0,17.82,60,37987.55,2023-12-30,0.2505,0,0,ACTIVE
L705001,C101729,Personal Loan,304800.0,17.81,36,10989.93,2025-10-19,0.2237,0,0,ACTIVE
L705002,C101556,Personal Loan,365200.0,20.12,36,13593.65,2023-12-04,0.5924,0,15,ACTIVE
L705003,C111016,Auto Finance,1303400.0,18.27,60,33288.61,2027-05-01,0.539,1,15,CLOSED
L705004,C104396,Credit Card,145200.0,15.42,12,13131.76,2026-08-05,0.5942,1,15,CLOSED
L705005,C101443,Personal Loan,364100.0,,36,14253.38,2026-06-30,0.0528,0,45,ACTIVE
L705006,C105101,Auto Finance,102300.0,17.5,60,2569.03,2025-02-15,0.5788,0,0,ACTIVE
L705007,C103054,Auto Finance,1251200.0,24.48,60,36345.05,2025-04-15,0.3646,1,30,ACTIVE
L705008,C101234,Credit Card,77300.0,22.35,12,7248.63,2023-06-03,0.2681,0,245,DEFAULT
L705009,C104706,Personal Loan,983500.0,23.19,36,38168.05,2024-08-21,0.5297,1,15,ACTIVE
L705010,C100460,Personal Loan,820900.0,22.31,36,31480.78,2023-09-12,0.9246,0,208,DEFAULT
L705011,C105087,Personal Loan,111700.0,19.77,36,4137.84,2024-04-21,0.335,0,0,ACTIVE
L705012,C111218,Credit Card,187800.0,22.29,12,17607.91,2023-11-24,0.7438,1,0,CLOSED
L705013,C102121,Credit Card,19900.0,18.04,12,1829.08,2022-10-13,0.1185,0,15,ACTIVE
L705014,C109337,Home Finance,1931000.0,20.81,180,35074.67,2024-01-09,0.3906,0,0,CLOSED
L705015,C100881,Personal Loan,154100.0,21.92,36,5877.48,2025-11-14,0.065,1,0,ACTIVE
L705016,C108612,Personal Loan,1145400.0,25.79,36,46022.83,2022-10-28,0.2859,0,7,CLOSED
L705017,C108027,Auto Finance,775800.0,17.95,60,19679.04,2022-04-14,0.6091,0,0,ACTIVE
L705018,C109149,Credit Card,688700.0,14.62,12,62034.73,2023-04-12,0.5027,1,7,ACTIVE
L705019,C110293,Personal Loan,1266900.0,22.12,36,48462.66,2023-02-25,0.255,1,0,ACTIVE
L705020,C102502,Personal Loan,166100.0,21.09,36,6264.3,2023-03-01,0.2878,0,0,ACTIVE
L705021,C100725,Credit Card,58500.0,19.62,12,5403.89,2024-03-26,0.4857,1,15,ACTIVE
L705022,C110349,Auto Finance,1228500.0,14.34,60,28801.14,2027-03-12,0.4213,0,0,CLOSED
L705023,C101364,Credit Card,316300.0,16.84,12,28823.75,2024-12-17,0.3373,0,7,ACTIVE
L705024,C103426,Auto Finance,520100.0,23.77,60,14893.3,2026-08-19,0.1682,0,0,CLOSED
L705025,C100001,Credit Card,130300.0,26.6,12,12488.28,2023-11-08,0.4276,0,30,ACTIVE
L705026,C108595,Home Finance,258600.0,21.12,180,4757.36,2023-08-09,0.0476,0,0,ACTIVE
L705027,C102052,Credit Card,139500.0,16.51,12,12690.81,2026-02-01,0.1923,1,15,CLOSED
L705028,C100291,Credit Card,415300.0,21.08,12,38688.68,2025-12-17,0.27,2,30,ACTIVE
L705029,C102788,Credit Card,382900.0,14.74,12,34509.33,2024-04-16,0.5685,2,0,ACTIVE
L705030,C103927,Home Finance,1303800.0,20.71,180,23584.76,2023-10-22,0.5348,0,15,ACTIVE
L705031,C108297,Credit Card,424300.0,16.17,12,38528.21,2023-10-24,0.2609,0,0,ACTIVE
L705032,C104965,Auto Finance,1709600.0,18.02,60,43432.02,2026-05-04,0.2826,2,0,ACTIVE
L705033,C111984,Auto Finance,972200.0,23.06,60,27439.94,2026-08-09,0.5021,0,0,ACTIVE
L705034,C102303,Personal Loan,532100.0,20.96,36,20034.25,2025-06-13,0.1365,1,0,ACTIVE
L705035,C108645,Personal Loan,202300.0,,36,7644.8,2023-08-27,0.2737,0,0,ACTIVE
L705036,C103667,Credit Card,121600.0,20.74,12,11303.79,2027-08-07,0.2032,0,0,ACTIVE
L705037,C102631,Auto Finance,1902200.0,21.95,60,52482.48,2026-03-04,0.6706,0,7,ACTIVE
L705038,C100161,Personal Loan,121000.0,22.86,36,4676.48,2024-09-09,0.2447,0,0,ACTIVE
L705039,C106954,Auto Finance,381000.0,,60,9943.06,2025-07-20,0.467,0,15,ACTIVE
L705040,C104969,Home Finance,850900.0,19.46,180,14606.57,2025-07-17,0.1957,0,0,ACTIVE
L705041,C102562,Auto Finance,132300.0,17.73,60,3340.71,2026-05-10,0.0249,0,15,ACTIVE
L705042,C107446,Auto Finance,2112400.0,24.03,60,60807.24,2024-10-01,0.382,0,0,CLOSED
L705043,C109629,Personal Loan,738800.0,18.08,36,26737.83,2023-07-08,0.1962,1,30,ACTIVE
L705044,C104367,Auto Finance,747000.0,19.25,60,19479.52,2024-05-08,0.6998,0,15,ACTIVE
L705045,C106594,Credit Card,290900.0,21.13,12,27101.59,2022-11-04,0.4305,0,30,ACTIVE
L705046,C104964,Credit Card,179200.0,13.46,12,16040.2,2025-09-07,0.5132,0,0,ACTIVE
L705047,C101920,Auto Finance,679500.0,26.31,60,20469.64,2025-08-17,0.3228,0,0,CLOSED
L705048,C100654,Auto Finance,1324400.0,25.18,60,39012.84,2026-12-30,0.1262,1,7,ACTIVE
L705049,C101167,Personal Loan,154700.0,24.32,36,6096.38,2023-06-20,0.5883,0,0,ACTIVE
L705050,C109729,Personal Loan,1866600.0,19.96,36,69331.45,2026-05-18,0.2173,1,0,CLOSED
L705051,C110272,Auto Finance,434800.0,16.22,60,10623.62,2025-01-27,0.5169,0,0,ACTIVE
L705052,C103568,Auto Finance,2089900.0,12.35,60,46858.83,2026-07-05,0.0,0,30,ACTIVE
L705053,C103150,Personal Loan,6158900.0,18.94,36,225572.46,2026-07-31,0.1326,1,0,ACTIVE
L705054,C107163,Personal Loan,452600.0,21.99,36,17284.49,2026-10-19,0.8093,0,30,ACTIVE
L705055,C104321,Personal Loan,309600.0,23.1,36,12001.42,2023-12-25,0.3391,0,15,ACTIVE
L705056,C110135,Credit Card,138600.0,24.38,12,13128.38,2024-09-24,0.5221,1,30,ACTIVE
L705057,C107433,Auto Finance,1232600.0,23.22,60,34904.26,2025-08-11,0.6497,0,7,CLOSED
L705058,C103571,Credit Card,344900.0,18.94,12,31777.29,2025-08-19,0.3421,0,15,ACTIVE
L705059,C110191,Personal Loan,590200.0,22.51,36,22697.24,2025-11-09,0.4437,0,45,ACTIVE
L705060,C109821,Personal Loan,2369300.0,21.72,36,90143.55,2026-06-03,0.499,0,45,ACTIVE
L705061,C107513,Home Finance,1329500.0,19.36,180,22723.4,2025-03-11,0.2067,2,370,DEFAULT
L705062,C102362,Personal Loan,1873500.0,,36,68816.52,2023-02-06,0.0555,0,0,ACTIVE
L705063,C104562,Auto Finance,1195800.0,17.76,60,30210.69,2023-10-31,0.4901,1,0,CLOSED
L705064,C109999,Personal Loan,250200.0,20.07,36,9307.9,2025-06-27,0.6459,0,308,DEFAULT
L705065,C105564,Personal Loan,341700.0,20.19,36,12732.97,2023-03-25,0.1921,0,0,ACTIVE
L705066,C105698,Personal Loan,500500.0,20.9,36,18830.01,2025-01-22,0.0879,0,7,ACTIVE
L705067,C100281,Personal Loan,1408700.0,24.2,36,55417.16,2025-06-26,0.5299,1,0,CLOSED
L705068,C104847,Auto Finance,1692200.0,22.31,60,47036.86,2024-01-17,0.3277,0,7,ACTIVE
L705069,C108675,Personal Loan,731200.0,12.76,36,24552.7,2022-06-20,0.7629,0,0,ACTIVE
L705070,C109911,Personal Loan,312900.0,19.95,36,11621.6,2023-03-16,0.2362,0,15,ACTIVE
L705071,C105814,Personal Loan,364100.0,17.74,36,13116.66,2024-12-21,0.2264,1,30,ACTIVE
L705072,C110791,Personal Loan,606600.0,19.94,36,22526.46,2026-03-29,0.613,0,0,ACTIVE
L705073,C111774,Credit Card,129500.0,17.61,12,11852.27,2024-05-31,0.5517,0,7,ACTIVE
L705074,C105589,Auto Finance,1004400.0,17.7,60,25341.56,2023-12-05,0.5464,1,45,ACTIVE
L705075,C106681,Personal Loan,1467000.0,17.05,36,52340.3,2023-04-11,0.7003,0,30,ACTIVE
L705076,C106700,Auto Finance,317000.0,17.8,60,8014.63,2025-05-31,0.4784,0,0,ACTIVE
L705077,C107691,Personal Loan,740600.0,21.62,36,28138.44,2026-06-06,0.5965,0,0,ACTIVE
L705078,C109301,Personal Loan,1110500.0,19.05,36,40733.39,2025-06-22,0.667,1,0,CLOSED
L705079,C110435,Credit Card,480500.0,18.19,12,44093.43,2023-10-07,0.2111,1,0,ACTIVE
L705080,C102473,Credit Card,624300.0,20.69,12,58042.68,2025-02-05,0.6881,0,7,ACTIVE
L705081,C108689,Auto Finance,381500.0,17.35,60,9553.72,2024-11-30,0.5484,0,0,ACTIVE
L705082,C101482,Personal Loan,1541300.0,25.16,36,61412.29,2025-01-07,0.2846,0,30,ACTIVE
L705083,C111394,Personal Loan,79200.0,24.28,36,3116.95,2025-08-15,0.7303,0,45,CLOSED
L705084,C105995,Personal Loan,220700.0,17.98,36,7975.91,2023-02-11,0.1297,2,0,ACTIVE
L705085,C111157,Personal Loan,916900.0,17.94,36,33120.54,2024-10-08,0.105,0,45,ACTIVE
L705086,C104931,Auto Finance,1740400.0,22.54,60,48602.69,2024-05-09,0.1829,2,0,ACTIVE
L705087,C104123,Auto Finance,3594200.0,24.05,60,103503.37,2025-10-30,0.092,1,45,ACTIVE
L705088,C110973,Credit Card,604500.0,20.86,12,56247.36,2023-06-22,0.6672,0,0,ACTIVE
L705089,C111172,Personal Loan,1001600.0,18.12,36,36269.44,2026-05-29,0.5418,2,123,DEFAULT
L705090,C109364,Personal Loan,761700.0,21.55,36,28914.32,2024-04-29,0.5185,1,0,ACTIVE
L705091,C104273,Home Finance,1829800.0,14.36,180,24811.83,2026-07-07,0.2755,0,30,ACTIVE
L705092,C102932,Personal Loan,497500.0,19.47,36,18353.02,2024-04-26,0.5606,0,0,ACTIVE
L705093,C111065,Auto Finance,1408400.0,21.29,60,38332.83,2024-08-04,0.5458,0,0,ACTIVE
L705094,C103436,Auto Finance,322500.0,22.35,60,8972.03,2026-06-11,0.0812,1,7,ACTIVE
L705095,C108785,Auto Finance,2732900.0,18.13,60,69591.52,2025-04-21,0.194,0,15,ACTIVE
L705096,C104527,Home Finance,2135500.0,12.65,180,26528.83,2024-10-27,0.5884,0,0,ACTIVE
L705097,C108843,Auto Finance,95800.0,16.36,60,2347.8,2025-06-27,0.2014,1,0,ACTIVE
L705098,C100504,Home Finance,1215400.0,16.06,180,17901.65,2023-12-08,0.7543,0,0,ACTIVE
L705099,C102852,Auto Finance,1006300.0,14.38,60,23612.69,2024-03-17,0.5458,0,0,ACTIVE
L705100,C111149,Auto Finance,1781900.0,18.54,60,45772.61,2023-10-03,0.1279,1,0,CLOSED
L705101,C109842,Auto Finance,466400.0,20.68,60,12534.7,2024-01-15,0.2746,0,0,CLOSED
L705102,C105943,Auto Finance,1212100.0,17.46,60,30424.0,2023-10-12,0.0786,0,45,ACTIVE
L705103,C108357,Home Finance,947100.0,20.21,180,16780.24,2024-01-31,0.1467,0,30,ACTIVE
L705104,C101069,Personal Loan,1330900.0,21.17,36,50258.77,2026-03-16,0.6773,1,15,CLOSED
L705105,C102192,Auto Finance,646000.0,,60,15796.1,2025-09-29,0.5247,0,0,ACTIVE
L705106,C103422,Personal Loan,445400.0,19.46,36,16431.84,2024-06-15,0.7366,0,0,CLOSED
L705107,C109822,Personal Loan,987500.0,22.84,36,38142.89,2025-09-16,0.3114,0,15,ACTIVE
L705108,C104690,Home Finance,1183400.0,16.34,180,17661.43,2022-12-04,0.2043,0,7,ACTIVE
L705109,C110578,Credit Card,433700.0,19.97,12,40173.62,2024-03-07,0.2006,0,0,ACTIVE
L705110,C111717,Auto Finance,2536700.0,16.32,60,62118.71,2026-06-26,0.1936,0,7,CLOSED
L705111,C101055,Personal Loan,222100.0,16.88,36,7904.99,2023-02-20,0.2477,0,0,ACTIVE
L705112,C110059,Personal Loan,801100.0,21.54,36,30402.47,2024-07-29,0.269,2,0,ACTIVE
L705113,C100421,Personal Loan,1122400.0,22.52,36,43167.59,2025-01-10,0.8534,1,15,ACTIVE
L705114,C100268,Auto Finance,709900.0,18.27,60,18130.67,2024-01-23,0.6093,0,0,CLOSED
L705115,C100025,Credit Card,324900.0,19.55,12,30025.08,2026-01-15,0.7223,1,45,CLOSED
L705116,C109819,Personal Loan,309600.0,18.81,36,11319.85,2023-09-25,0.3878,1,30,ACTIVE
L705117,C101583,Personal Loan,1673700.0,23.0,36,64789.2,2024-06-07,0.1559,3,30,ACTIVE
L705118,C102360,Auto Finance,567700.0,20.7,60,15261.58,2024-06-26,0.3402,1,0,ACTIVE
L705119,C108576,Personal Loan,2025000.0,20.17,36,75430.15,2027-06-29,0.6771,0,0,ACTIVE
L705120,C110317,Personal Loan,552100.0,19.66,36,20421.64,2024-09-15,0.5108,0,0,ACTIVE
L705121,C108365,Credit Card,504200.0,17.38,12,46078.31,2025-04-29,0.5152,0,15,ACTIVE
L705122,C110220,Personal Loan,1099200.0,19.44,36,40535.44,2026-06-16,0.1534,0,15,ACTIVE
L705123,C105056,Personal Loan,988800.0,16.28,36,34899.94,2024-10-25,0.8631,0,0,ACTIVE
L705124,C100206,Home Finance,281100.0,18.62,180,4652.04,2025-04-21,0.4931,0,15,CLOSED
L705125,C108358,Personal Loan,821400.0,18.42,36,29870.15,2024-07-11,0.2429,0,7,ACTIVE
L705126,C102695,Credit Card,89400.0,21.41,12,8346.35,2023-05-17,0.1663,1,15,ACTIVE
L705127,C104381,Personal Loan,226500.0,22.2,36,8673.29,2025-08-13,0.1671,0,45,ACTIVE
L705128,C111790,Personal Loan,266900.0,20.68,36,10013.08,2022-03-10,0.5832,0,0,ACTIVE
L705129,C103692,Auto Finance,230300.0,25.66,60,6850.4,2023-09-03,0.0936,0,15,ACTIVE
L705130,C102537,Credit Card,1037700.0,20.32,12,96290.44,2026-05-14,0.5971,1,45,ACTIVE
L705131,C103325,Credit Card,245300.0,22.59,12,23024.84,2024-07-24,0.6199,1,30,ACTIVE
L705132,C111769,Personal Loan,694200.0,15.13,36,24107.89,2023-09-27,0.7973,0,0,ACTIVE
L705133,C105494,Auto Finance,500700.0,17.47,60,12570.35,2024-02-23,0.2891,0,30,ACTIVE
L705134,C106227,Auto Finance,1300200.0,14.26,60,30428.61,2023-06-24,0.6462,0,0,ACTIVE
L705135,C105576,Auto Finance,915100.0,20.37,60,24433.79,2026-01-16,0.4124,0,0,ACTIVE
L705136,C100162,Credit Card,23300.0,19.21,12,2148.09,2025-08-19,0.8001,0,45,ACTIVE
L705137,C109361,Personal Loan,991300.0,22.41,36,38069.44,2026-12-15,0.3915,0,15,ACTIVE
L705138,C102295,Personal Loan,636200.0,21.64,36,24180.31,2023-02-03,0.5288,0,0,ACTIVE
L705139,C102264,Auto Finance,929700.0,17.37,60,23290.68,2023-11-16,0.3128,1,45,ACTIVE
L705140,C107694,Personal Loan,653700.0,,36,25476.69,2024-07-26,0.2869,0,15,CLOSED
L705141,C102375,Auto Finance,1361400.0,19.96,60,36038.04,2024-09-22,0.6923,0,30,CLOSED
L705142,C106133,Personal Loan,541700.0,17.68,36,19498.42,2025-06-08,0.507,0,206,DEFAULT
L705143,C101901,Credit Card,486900.0,19.41,12,44967.36,2024-04-29,0.4374,1,0,CLOSED
L705144,C103488,Personal Loan,748700.0,15.95,36,26301.89,2025-12-13,0.8481,1,15,ACTIVE
L705145,C106893,Personal Loan,856600.0,21.76,36,32609.44,2024-08-09,0.2195,1,0,ACTIVE
L705146,C103307,Auto Finance,276800.0,20.35,60,7387.07,2023-12-29,0.1395,0,0,ACTIVE
L705147,C103412,Credit Card,331000.0,20.32,12,30714.6,2025-07-17,0.575,2,0,ACTIVE
L705148,C101303,Personal Loan,1438400.0,16.66,36,51041.58,2023-09-17,0.2056,0,0,ACTIVE
L705149,C110557,Auto Finance,201800.0,21.51,60,5517.07,2024-07-03,0.3418,0,0,ACTIVE
L705150,C108907,Personal Loan,1274500.0,20.05,36,47398.9,2025-05-07,0.5156,0,7,CLOSED
L705151,C106551,Credit Card,172100.0,18.79,12,15841.97,2022-10-20,0.42,0,0,ACTIVE
L705152,C108090,Personal Loan,1429600.0,17.9,36,51610.57,2023-09-15,0.1782,1,0,CLOSED
L705153,C106462,Auto Finance,762200.0,17.19,60,19020.03,2024-01-18,0.7154,0,45,CLOSED
L705154,C103594,Home Finance,3555500.0,28.89,180,86797.65,2026-02-05,0.3213,0,15,ACTIVE
L705155,C111049,Auto Finance,312900.0,23.85,60,8973.61,2025-10-08,0.3145,0,30,CLOSED
L705156,C108089,Credit Card,862900.0,16.51,12,78495.52,2025-07-31,0.6029,0,0,CLOSED
L705157,C106641,Credit Card,468200.0,23.1,12,44065.93,2023-11-12,0.4911,1,0,ACTIVE
L705158,C103916,Personal Loan,502900.0,25.72,36,20185.57,2024-09-02,0.4808,0,0,CLOSED
L705159,C106435,Auto Finance,159500.0,23.19,60,4512.48,2026-01-07,0.3957,1,0,ACTIVE
L705160,C103231,Personal Loan,694300.0,,36,26393.22,2025-09-05,0.8734,1,0,CLOSED
L705161,C103382,Credit Card,124400.0,,12,11824.71,2024-04-17,0.4701,0,0,ACTIVE
L705162,C107480,Auto Finance,867700.0,17.0,60,21563.7,2025-10-05,0.3891,0,0,ACTIVE
L705163,C107610,Personal Loan,514000.0,13.46,36,17434.37,2025-08-14,0.1963,0,0,ACTIVE
L705164,C101414,Credit Card,32000.0,17.36,12,2924.49,2024-11-08,0.3855,0,97,DEFAULT
L705165,C103094,Auto Finance,777300.0,20.97,60,21015.26,2025-05-20,0.2493,0,0,ACTIVE
L705166,C107308,Credit Card,596900.0,15.91,12,54131.51,2024-06-06,0.4545,0,7,ACTIVE
L705167,C111400,Credit Card,132200.0,17.53,12,12094.61,2024-01-17,0.1133,0,15,ACTIVE
L705168,C103034,Personal Loan,1141800.0,18.82,36,41748.78,2025-06-16,0.3753,0,0,CLOSED
L705169,C111695,Auto Finance,851000.0,22.12,60,23562.78,2026-03-03,0.4772,0,7,ACTIVE
L705170,C105014,Home Finance,826700.0,22.16,180,15854.11,2024-05-26,0.3706,0,45,CLOSED
L705171,C108162,Credit Card,1260600.0,16.71,12,114799.53,2025-05-05,0.6759,5,0,ACTIVE
L705172,C106340,Auto Finance,2063400.0,20.43,60,55163.38,2024-07-31,0.0928,0,15,ACTIVE
L705173,C105770,Credit Card,200400.0,17.79,12,18355.2,2026-12-19,0.7099,0,0,ACTIVE
L705174,C106252,Credit Card,282900.0,15.19,12,25557.76,2025-01-18,0.2786,1,15,ACTIVE
L705175,C101989,Credit Card,416900.0,22.46,12,39110.75,2026-07-23,0.3521,1,0,ACTIVE
L705176,C105706,Credit Card,37700.0,23.56,12,3560.43,2025-01-13,0.6049,1,15,ACTIVE
L705177,C104583,Credit Card,85700.0,21.22,12,7992.18,2023-09-22,0.291,0,0,ACTIVE
L705178,C110327,Auto Finance,686800.0,17.73,60,17339.42,2025-07-02,0.5057,0,30,ACTIVE
L705179,C106258,Personal Loan,692200.0,15.89,36,24299.58,2023-02-19,0.5971,0,45,CLOSED
L705180,C108352,Credit Card,192300.0,17.6,12,17595.41,2023-01-13,0.3822,0,15,ACTIVE
L705181,C106374,Personal Loan,1231300.0,19.25,36,45290.18,2024-09-21,0.2635,0,30,ACTIVE
L705182,C108363,Credit Card,366600.0,15.58,12,33187.84,2025-03-22,0.2801,0,7,ACTIVE
L705183,C106139,Auto Finance,357300.0,28.32,60,11192.95,2026-09-08,0.8018,0,30,CLOSED
L705184,C105309,Auto Finance,911000.0,17.27,60,22774.32,2024-02-06,0.7296,0,0,ACTIVE
L705185,C108475,Credit Card,550300.0,21.58,12,51394.38,2023-04-09,0.7385,1,0,ACTIVE
L705186,C106602,Auto Finance,784500.0,20.43,60,20973.83,2025-10-30,0.4784,0,7,ACTIVE
L705187,C105643,Home Finance,984300.0,19.55,180,16960.93,2022-12-11,0.2793,0,0,ACTIVE
L705188,C101065,Credit Card,175100.0,16.39,12,15916.98,2026-04-09,0.4565,0,45,ACTIVE
L705189,C100429,Personal Loan,1494700.0,23.82,36,58500.43,2023-05-04,0.5883,1,0,ACTIVE
L705190,C104720,Credit Card,327800.0,14.88,12,29566.84,2024-05-15,0.5002,0,336,DEFAULT
L705191,C109307,Personal Loan,936900.0,25.75,36,37624.75,2024-08-16,0.6719,0,0,ACTIVE
L705192,C100393,Personal Loan,951700.0,22.41,36,36549.22,2025-03-16,0.2674,2,7,ACTIVE
L705193,C106398,Auto Finance,300900.0,23.59,60,8585.71,2024-11-03,0.1289,0,45,ACTIVE
L705194,C103656,Credit Card,152700.0,16.35,12,13880.81,2023-10-04,0.4471,0,0,ACTIVE
L705195,C111726,Home Finance,2561800.0,17.97,180,41199.86,2024-10-29,0.1866,2,30,CLOSED
L705196,C102582,Personal Loan,1195900.0,19.47,36,44123.41,2027-03-30,0.4806,0,7,CLOSED
L705197,C105640,Credit Card,218700.0,23.7,12,20651.63,2024-02-22,0.3101,0,30,ACTIVE
L705198,C105026,Auto Finance,1210500.0,21.86,60,33335.7,2024-03-11,0.0736,0,307,DEFAULT
L705199,C100617,Auto Finance,1158600.0,21.23,60,31494.4,2024-12-29,0.1323,2,0,ACTIVE
L705200,C104769,Auto Finance,860100.0,16.21,60,21011.2,2023-06-05,0.2878,2,30,CLOSED
L705201,C100889,Credit Card,359300.0,16.23,12,32637.78,2024-12-29,0.392,0,45,CLOSED
L705202,C108754,Home Finance,2129200.0,15.1,180,29945.33,2024-07-06,0.6759,0,0,ACTIVE
L705203,C101961,Personal Loan,1040600.0,19.62,36,38470.48,2027-01-15,0.2034,0,7,ACTIVE
L705204,C110588,Auto Finance,581100.0,21.68,60,15944.36,2023-03-04,0.1268,0,15,CLOSED
L705205,C109730,Personal Loan,683100.0,14.87,36,23637.64,2023-12-12,0.4209,0,15,CLOSED
L705206,C102920,Personal Loan,1438500.0,19.24,36,52903.43,2026-04-16,0.2591,0,7,ACTIVE
L705207,C106519,Auto Finance,768300.0,16.1,60,18725.56,2023-03-02,0.3624,0,30,CLOSED
L705208,C109628,Personal Loan,2103000.0,,36,79026.41,2025-12-28,0.5098,0,45,ACTIVE
L705209,C102627,Personal Loan,1138600.0,17.99,36,41156.68,2025-01-28,0.1884,1,198,DEFAULT
L705210,C103957,Credit Card,369800.0,18.28,12,33951.01,2025-06-21,0.677,0,15,ACTIVE
L705211,C102606,Home Finance,598900.0,17.96,180,9628.19,2025-01-30,0.3889,0,0,ACTIVE
L705212,C106237,Personal Loan,1138800.0,18.12,36,41239.17,2024-08-30,0.6259,0,0,ACTIVE
L705213,C104154,Auto Finance,1853400.0,16.05,60,45120.81,2024-04-24,0.3274,0,30,ACTIVE
L705214,C108901,Credit Card,314300.0,19.0,12,28968.94,2024-05-23,0.5059,0,0,ACTIVE
L705215,C104238,Auto Finance,946200.0,20.85,60,25518.69,2024-10-19,0.4807,0,0,CLOSED
L705216,C111626,Credit Card,365000.0,20.32,12,33866.34,2025-07-20,0.3369,0,0,ACTIVE
L705217,C108538,Personal Loan,117900.0,18.36,36,4282.25,2027-04-10,0.3881,1,0,ACTIVE
L705218,C102921,Personal Loan,290000.0,18.05,36,10489.89,2025-12-05,0.3095,0,0,ACTIVE
L705219,C108390,Credit Card,286000.0,19.83,12,26465.83,2025-07-02,0.3803,3,337,DEFAULT
L705220,C105978,Personal Loan,353000.0,25.02,36,14038.75,2025-01-28,0.2605,0,15,CLOSED
L705221,C104774,Personal Loan,99900.0,19.5,36,3687.35,2023-02-12,0.0559,0,30,ACTIVE
L705222,C101491,Personal Loan,1489600.0,16.42,36,52678.99,2025-01-21,0.1153,0,0,ACTIVE
L705223,C108832,Auto Finance,222600.0,17.97,60,5648.58,2024-10-21,0.368,0,7,ACTIVE
L705224,C101727,Home Finance,739100.0,20.03,180,12996.85,2024-12-11,0.2828,0,0,ACTIVE
L705225,C111616,Personal Loan,3094400.0,20.97,36,116533.67,2026-10-19,0.4829,1,0,ACTIVE
L705226,C105457,Auto Finance,1128700.0,20.33,60,30111.97,2024-06-22,0.3726,1,30,ACTIVE
L705227,C105736,Auto Finance,244000.0,19.9,60,6450.89,2026-03-11,0.6258,0,0,ACTIVE
L705228,C105058,Auto Finance,1012400.0,13.54,60,23316.18,2025-08-08,0.394,1,15,ACTIVE
L705229,C110215,Credit Card,145800.0,,12,13585.13,2026-06-01,0.2017,1,7,ACTIVE
L705230,C111514,Credit Card,460300.0,23.4,12,43393.72,2024-08-12,0.4034,0,0,ACTIVE
L705231,C100497,Credit Card,84300.0,19.58,12,7795.03,2023-08-04,0.6495,0,7,ACTIVE
L705232,C105734,Personal Loan,2740100.0,20.82,36,102982.14,2025-06-04,0.3715,1,30,ACTIVE
L705233,C104004,Credit Card,199500.0,,12,18422.11,2024-03-13,0.5513,0,0,ACTIVE
L705234,C102517,Home Finance,1544100.0,22.71,180,30257.93,2023-08-11,0.8526,1,0,ACTIVE
L705235,C111133,Personal Loan,579700.0,17.98,36,20951.9,2023-01-04,0.4521,1,0,ACTIVE
L705236,C103980,Auto Finance,2598800.0,14.37,60,60968.53,2026-03-20,0.4803,0,113,DEFAULT
L705237,C110987,Auto Finance,483500.0,,60,11172.42,2023-06-19,0.366,0,0,CLOSED
L705238,C109754,Personal Loan,643900.0,16.17,36,22692.7,2025-03-25,0.4362,0,0,ACTIVE
L705239,C100013,Personal Loan,478400.0,24.45,36,18882.01,2022-08-11,0.4858,0,45,ACTIVE
L705240,C111833,Personal Loan,257000.0,21.07,36,9692.6,2024-04-04,0.0437,0,45,ACTIVE
L705241,C103739,Auto Finance,673100.0,12.91,60,15284.91,2026-12-09,0.2203,0,0,ACTIVE
L705242,C104166,Personal Loan,1166300.0,20.66,36,43738.26,2023-07-07,0.2533,1,15,ACTIVE
L705243,C106242,Credit Card,447700.0,15.22,12,40452.85,2024-10-17,0.1314,0,30,ACTIVE
L705244,C110850,Personal Loan,62700.0,18.83,36,2293.0,2025-04-19,0.3228,1,7,ACTIVE
L705245,C109362,Home Finance,1176500.0,20.05,180,20707.15,2026-01-21,0.399,0,0,ACTIVE
L705246,C101925,Credit Card,312400.0,,12,28373.64,2023-10-13,0.437,0,45,ACTIVE
L705247,C105626,Credit Card,240400.0,16.21,12,21833.02,2025-10-23,0.5333,0,7,ACTIVE
L705248,C106084,Home Finance,2156300.0,19.45,180,36997.51,2027-05-03,0.5425,1,7,ACTIVE
L705249,C109205,Personal Loan,694400.0,22.04,36,26532.27,2023-07-18,0.5768,1,7,ACTIVE
L705250,C100115,Auto Finance,232500.0,21.62,60,6370.19,2026-08-02,0.271,0,7,ACTIVE
L705251,C102225,Personal Loan,591000.0,20.21,36,22026.76,2023-10-13,0.2339,0,262,DEFAULT
L705252,C101393,Credit Card,191600.0,20.53,12,17797.65,2025-08-14,0.2883,0,0,ACTIVE
L705253,C107889,Personal Loan,572200.0,23.72,36,22365.85,2026-08-12,0.0938,0,0,ACTIVE
L705254,C111795,Auto Finance,1008500.0,22.21,60,27973.19,2025-02-03,0.0784,0,15,ACTIVE
L705255,C101926,Personal Loan,605200.0,23.08,36,23450.89,2024-01-10,0.4093,0,15,ACTIVE
L705256,C103002,Credit Card,516400.0,18.18,12,47391.25,2025-03-06,0.0731,0,15,ACTIVE
L705257,C107048,Personal Loan,978900.0,19.54,36,36149.73,2025-04-14,0.4798,1,30,ACTIVE
L705258,C109070,Auto Finance,485600.0,25.52,60,14402.65,2023-01-10,0.4389,0,30,ACTIVE
L705259,C100532,Personal Loan,558300.0,25.36,36,22302.85,2025-11-12,0.3535,1,0,ACTIVE
L705260,C110730,Auto Finance,3205200.0,21.85,60,88250.8,2024-03-05,0.1139,0,30,ACTIVE
L705261,C111009,Personal Loan,730800.0,21.03,36,27544.46,2024-02-17,0.4837,0,0,ACTIVE
L705262,C110874,Personal Loan,685200.0,23.78,36,26802.8,2025-01-09,0.3602,0,30,ACTIVE
L705263,C100809,Auto Finance,734800.0,18.15,60,18719.8,2024-07-01,0.5046,0,30,ACTIVE
L705264,C107117,Auto Finance,1411000.0,15.83,60,34184.66,2023-07-28,0.4723,2,45,ACTIVE
L705265,C101844,Auto Finance,553000.0,24.78,60,16161.35,2025-03-08,0.7235,2,30,CLOSED
L705266,C106393,Personal Loan,1042600.0,20.38,36,38947.37,2024-12-28,0.1548,1,0,ACTIVE
L705267,C107229,Personal Loan,720400.0,12.69,36,24166.23,2023-08-18,0.3336,0,45,CLOSED
L705268,C101867,Auto Finance,1067700.0,15.23,60,25529.38,2025-08-23,0.6265,1,7,CLOSED
L705269,C100261,Personal Loan,1318700.0,16.18,36,46477.19,2023-05-20,0.3291,0,0,ACTIVE
L705270,C110257,Credit Card,422100.0,14.98,12,38093.81,2024-09-16,0.4371,1,0,CLOSED
L705271,C106283,Credit Card,53100.0,21.29,12,4955.71,2023-07-10,0.5914,0,30,ACTIVE
L705272,C100524,Credit Card,115700.0,20.43,12,10737.0,2025-04-20,0.1662,0,45,CLOSED
L705273,C107892,Credit Card,155500.0,21.07,12,14486.66,2024-09-18,0.6747,0,0,CLOSED
L705274,C107299,Personal Loan,781900.0,19.86,36,29001.38,2025-12-28,0.2215,1,30,CLOSED
L705275,C108040,Credit Card,63700.0,23.57,12,6008.02,2026-05-20,0.2756,0,7,ACTIVE
L705276,C100634,Credit Card,285100.0,25.2,12,27122.36,2025-09-26,0.0239,0,0,ACTIVE
L705277,C102139,Home Finance,703500.0,18.44,180,11552.88,2026-06-02,0.4114,1,212,DEFAULT
L705278,C100024,Personal Loan,1243700.0,19.5,36,45902.3,2024-07-31,0.2294,0,0,ACTIVE
L705279,C104052,Credit Card,26000.0,19.13,12,2394.15,2024-02-08,0.0755,0,30,ACTIVE
L705280,C103044,Auto Finance,353100.0,,60,9413.22,2024-04-25,0.4872,1,305,DEFAULT
L705281,C101756,Personal Loan,3015700.0,15.94,36,105933.42,2024-04-09,0.8554,0,45,CLOSED
L705282,C109662,Credit Card,370600.0,22.33,12,34745.17,2027-06-23,0.1344,1,0,ACTIVE
L705283,C103106,Credit Card,271300.0,,12,25302.57,2025-04-06,0.2524,0,15,ACTIVE
L705284,C109147,Credit Card,1915600.0,15.89,12,173701.96,2023-12-27,0.151,1,0,CLOSED
L705285,C110413,Auto Finance,4832900.0,12.47,60,108655.91,2027-06-05,0.2883,3,247,DEFAULT
L705286,C104078,Home Finance,1974200.0,14.6,180,27091.53,2022-12-20,0.5879,0,0,ACTIVE
L705287,C104863,Auto Finance,1642500.0,22.99,60,46292.97,2023-11-28,0.6789,1,0,ACTIVE
L705288,C103665,Personal Loan,388100.0,23.8,36,15184.27,2026-01-05,0.3975,0,0,CLOSED
L705289,C107959,Home Finance,245000.0,17.4,180,3840.83,2027-02-02,0.3758,0,0,ACTIVE
L705290,C111921,Personal Loan,297700.0,20.11,36,11079.34,2026-05-26,0.3449,2,0,ACTIVE
L705291,C100741,Home Finance,1241700.0,19.35,180,21214.76,2023-05-31,0.1095,1,0,ACTIVE
L705292,C101246,Personal Loan,181800.0,19.24,36,6687.22,2026-03-29,0.1829,0,0,ACTIVE
L705293,C103097,Home Finance,6092800.0,18.98,180,102444.85,2025-02-09,0.6299,0,0,CLOSED
L705294,C105359,Auto Finance,383900.0,19.65,60,10096.97,2024-09-01,0.6297,0,7,ACTIVE
L705295,C106256,Auto Finance,370800.0,21.94,60,10228.31,2027-04-14,0.6723,1,119,DEFAULT
L705296,C100732,Auto Finance,1415000.0,19.99,60,37480.7,2026-05-10,0.1848,0,45,CLOSED
L705297,C104301,Auto Finance,571600.0,24.51,60,16612.77,2024-08-22,0.523,0,0,CLOSED
L705298,C105155,Home Finance,1693700.0,21.31,180,31397.81,2023-07-02,0.884,0,0,ACTIVE
L705299,C106189,Auto Finance,204000.0,19.42,60,5339.34,2025-10-25,0.3206,0,45,ACTIVE
L705300,C104155,Credit Card,80800.0,23.16,12,7611.13,2026-10-22,0.496,0,0,ACTIVE
L705301,C106923,Auto Finance,569100.0,,60,14900.27,2023-07-07,0.6691,0,0,ACTIVE
L705302,C104836,Personal Loan,1266500.0,19.63,36,46829.85,2027-05-18,0.2111,1,0,ACTIVE
L705303,C109404,Personal Loan,106600.0,12.8,36,3580.69,2025-10-13,0.8093,1,0,ACTIVE
L705304,C100708,Credit Card,458700.0,23.27,12,43210.84,2026-10-11,0.4734,0,0,ACTIVE
L705305,C106834,Home Finance,2806700.0,19.22,180,47684.16,2025-08-22,0.7692,0,30,ACTIVE
L705306,C102935,Auto Finance,256600.0,20.57,60,6880.04,2023-04-07,0.2258,0,45,CLOSED
L705307,C107890,Auto Finance,967300.0,19.16,60,25176.6,2027-07-03,0.1133,1,15,ACTIVE
L705308,C103703,Personal Loan,1300200.0,22.94,36,50291.64,2027-06-29,0.1733,0,7,ACTIVE
L705309,C108952,Auto Finance,575600.0,14.85,60,13648.93,2026-05-28,0.639,1,30,ACTIVE
L705310,C107151,Auto Finance,2392400.0,23.98,60,68796.48,2026-12-14,0.3793,0,0,ACTIVE
L705311,C101295,Auto Finance,268900.0,18.45,60,6894.1,2024-10-09,0.116,0,7,ACTIVE
L705312,C108994,Personal Loan,2071900.0,23.58,36,80831.94,2024-11-18,0.4408,0,15,ACTIVE
L705313,C101466,Auto Finance,520600.0,19.71,60,13709.81,2025-03-06,0.4382,0,0,ACTIVE
L705314,C101236,Auto Finance,1580900.0,19.64,60,41568.83,2024-12-30,0.7584,0,45,ACTIVE
L705315,C111381,Auto Finance,424800.0,17.67,60,10711.8,2026-09-23,0.3044,0,7,ACTIVE
L705316,C109578,Auto Finance,3810800.0,21.82,60,104860.98,2022-11-10,0.3675,0,7,ACTIVE
L705317,C104876,Credit Card,318400.0,23.49,12,30024.69,2025-10-31,0.7079,0,0,ACTIVE
L705318,C110545,Credit Card,372100.0,19.94,12,34462.91,2023-06-20,0.3158,2,0,ACTIVE
L705319,C103787,Credit Card,87500.0,21.09,12,8150.97,2025-03-18,0.3701,0,0,ACTIVE
L705320,C107449,Auto Finance,1527400.0,18.27,60,39010.51,2024-10-18,0.8465,2,0,ACTIVE
L705321,C101182,Personal Loan,682700.0,16.76,36,24258.03,2026-09-14,0.3525,0,30,ACTIVE
L705322,C110500,Credit Card,198900.0,22.6,12,18673.5,2026-11-06,0.1669,0,0,ACTIVE
L705323,C107703,Credit Card,478500.0,18.21,12,43917.63,2025-05-12,0.3711,0,45,ACTIVE
L705324,C104598,Home Finance,5030000.0,18.6,180,83184.36,2024-10-04,0.5858,1,0,CLOSED
L705325,C109610,Personal Loan,1044200.0,20.43,36,39035.54,2023-02-06,0.5817,1,0,CLOSED
L705326,C104235,Personal Loan,1649100.0,25.52,36,66023.51,2025-10-19,0.5277,0,15,CLOSED
L705327,C101639,Home Finance,440900.0,23.2,180,8805.32,2024-07-05,0.3408,1,0,ACTIVE
L705328,C107853,Personal Loan,979700.0,10.78,36,31972.92,2025-02-16,0.3031,0,0,ACTIVE
L705329,C110805,Personal Loan,353600.0,18.79,36,12924.79,2025-04-30,0.5251,0,15,ACTIVE
L705330,C109169,Personal Loan,296600.0,20.38,36,11078.42,2023-11-29,0.7526,0,0,ACTIVE
L705331,C105506,Auto Finance,1273900.0,16.8,60,31522.8,2024-07-12,0.1523,1,0,ACTIVE
L705332,C101868,Credit Card,228200.0,26.42,12,21849.04,2025-10-01,0.0,0,0,CLOSED
L705333,C107847,Personal Loan,124100.0,23.09,36,4811.14,2023-11-16,0.7995,1,0,ACTIVE
L705334,C111094,Auto Finance,83900.0,20.02,60,2223.1,2025-04-09,0.2049,2,45,CLOSED
L705335,C110080,Auto Finance,2302900.0,9.0,60,47805.1,2026-08-11,0.3256,0,45,ACTIVE
L705336,C102605,Personal Loan,481100.0,,36,17457.09,2024-06-12,0.276,0,7,CLOSED
L705337,C101245,Auto Finance,343800.0,26.43,60,10379.99,2026-06-04,0.7364,0,0,ACTIVE
L705338,C108972,Home Finance,1374400.0,,180,21152.15,2025-05-15,0.2753,1,45,CLOSED
L705339,C101387,Credit Card,211200.0,15.46,12,19108.41,2025-04-15,0.2622,0,0,ACTIVE
L705340,C101446,Personal Loan,338100.0,10.5,36,10989.11,2025-06-04,0.3234,0,0,ACTIVE
L705341,C100383,Auto Finance,704000.0,23.45,60,20027.73,2026-04-27,0.4272,0,15,ACTIVE
L705342,C101410,Personal Loan,459700.0,17.73,36,16556.65,2022-03-12,0.5016,0,0,ACTIVE
L705343,C109759,Credit Card,161500.0,20.78,12,15017.45,2024-06-14,0.4168,0,15,ACTIVE
L705344,C111507,Credit Card,211100.0,19.63,12,19521.45,2025-04-21,0.3339,0,45,CLOSED
L705345,C109342,Credit Card,211200.0,15.38,12,19103.36,2024-10-21,0.1898,0,0,CLOSED
L705346,C111937,Auto Finance,309900.0,20.8,60,8348.05,2026-01-10,0.2647,0,0,ACTIVE
L705347,C106562,Personal Loan,268400.0,26.14,36,10832.75,2027-02-13,0.2574,0,45,CLOSED
L705348,C110355,Credit Card,47500.0,20.44,12,4407.92,2023-02-28,0.3979,0,0,ACTIVE
L705349,C105381,Credit Card,101600.0,11.31,12,8994.1,2024-03-12,0.4947,1,0,ACTIVE
L705350,C102385,Auto Finance,331600.0,17.23,60,8281.44,2024-06-24,0.391,0,0,ACTIVE
L705351,C104541,Auto Finance,638700.0,20.67,60,17160.91,2024-01-20,0.4879,0,0,CLOSED
L705352,C105048,Home Finance,2590800.0,27.02,180,59415.55,2025-02-11,0.6502,0,0,ACTIVE
L705353,C103433,Credit Card,229700.0,21.7,12,21462.81,2025-04-19,0.7185,1,45,ACTIVE
L705354,C111738,Personal Loan,207800.0,16.73,36,7382.12,2023-09-24,0.161,0,258,DEFAULT
L705355,C108128,Personal Loan,332900.0,19.97,36,12365.2,2026-07-30,0.1762,0,0,ACTIVE
L705356,C109922,Home Finance,963100.0,18.97,180,16186.88,2025-11-02,0.5116,0,0,ACTIVE
L705357,C105397,Credit Card,185300.0,17.76,12,16968.31,2024-03-16,0.1173,2,260,DEFAULT
L705358,C101951,Home Finance,5047300.0,,180,103886.31,2022-07-24,0.4501,1,0,ACTIVE
L705359,C103629,Personal Loan,642600.0,15.95,36,22577.04,2023-03-21,0.0712,0,45,CLOSED
L705360,C100869,Auto Finance,1422600.0,22.27,60,39508.68,2024-05-24,0.356,0,0,ACTIVE
L705361,C107339,Home Finance,2020300.0,14.93,180,28178.75,2025-06-04,0.2318,0,0,ACTIVE
L705362,C101495,Credit Card,248600.0,16.87,12,22654.88,2023-12-23,0.5195,0,235,DEFAULT
L705363,C106540,Credit Card,113900.0,26.59,12,10909.01,2026-07-28,0.3668,0,30,ACTIVE
L705364,C105668,Home Finance,553500.0,24.28,180,11512.29,2026-07-27,0.0364,0,7,ACTIVE
L705365,C100578,Auto Finance,395300.0,22.39,60,11006.05,2026-02-18,0.5961,0,30,ACTIVE
L705366,C110687,Personal Loan,613100.0,,36,23071.97,2027-09-19,0.5081,1,15,ACTIVE
L705367,C105735,Personal Loan,572500.0,21.21,36,21632.56,2024-10-28,0.2782,0,30,CLOSED
L705368,C111993,Personal Loan,414500.0,14.01,36,14167.63,2025-10-05,0.4622,0,0,CLOSED
L705369,C104825,Auto Finance,806300.0,21.77,60,22162.86,2024-06-21,0.502,0,30,ACTIVE
L705370,C106989,Auto Finance,845900.0,21.24,60,22998.51,2024-04-12,0.2546,0,7,ACTIVE
L705371,C105448,Personal Loan,800600.0,17.64,36,28798.2,2024-03-25,0.3259,0,0,ACTIVE
L705372,C107563,Credit Card,367100.0,19.24,12,33872.36,2025-01-13,0.3144,0,0,ACTIVE
L705373,C107508,Home Finance,3202100.0,21.07,180,58785.06,2025-11-09,0.53,1,340,DEFAULT
L705374,C109116,Auto Finance,494800.0,,60,11852.9,2026-12-14,0.7132,0,30,ACTIVE
L705375,C103757,Personal Loan,387500.0,23.04,36,15008.29,2025-12-26,0.1149,0,0,ACTIVE
L705376,C100598,Personal Loan,363200.0,15.16,36,12619.89,2023-04-28,0.5905,0,0,ACTIVE
L705377,C111931,Auto Finance,506700.0,21.41,60,13825.63,2023-06-03,0.2176,0,0,CLOSED
L705378,C100208,Credit Card,417700.0,16.51,12,38003.25,2024-09-07,0.148,0,45,ACTIVE
L705379,C102608,Credit Card,199900.0,16.89,12,18222.19,2023-09-17,0.5573,0,45,ACTIVE
L705380,C102174,Auto Finance,294400.0,18.72,60,7591.41,2023-06-30,0.3822,0,30,CLOSED
L705381,C105598,Auto Finance,541500.0,16.87,60,13420.52,2024-04-12,0.1506,0,0,ACTIVE
L705382,C110630,Personal Loan,245600.0,21.36,36,9299.43,2023-07-18,0.1252,0,45,CLOSED
L705383,C101608,Home Finance,1464000.0,20.51,180,26265.28,2023-08-27,0.2945,0,45,ACTIVE
L705384,C102962,Credit Card,253600.0,21.16,12,23632.5,2024-06-11,0.562,1,356,DEFAULT
L705385,C100919,Personal Loan,424000.0,20.19,36,15798.84,2023-06-05,0.3608,1,190,DEFAULT
L705386,C111982,Auto Finance,671100.0,,60,16797.57,2023-10-02,0.3462,0,15,ACTIVE
L705387,C111521,Personal Loan,742000.0,17.8,36,26752.0,2025-01-19,0.314,1,0,ACTIVE
L705388,C107613,Personal Loan,234400.0,21.37,36,8877.31,2024-06-28,0.2893,0,45,ACTIVE
L705389,C111729,Credit Card,110400.0,21.54,12,10308.21,2024-07-15,0.2198,0,15,ACTIVE
L705390,C103212,Auto Finance,1918300.0,21.76,60,52721.02,2022-07-08,0.8616,1,0,ACTIVE
L705391,C103235,Personal Loan,1826500.0,16.57,36,64730.14,2025-11-02,0.0738,0,7,ACTIVE
L705392,C109406,Auto Finance,1055200.0,14.88,60,25036.17,2026-10-18,0.6491,0,7,ACTIVE
L705393,C106538,Credit Card,286900.0,17.91,12,26289.21,2024-04-17,0.4498,0,45,CLOSED
L705394,C103209,Auto Finance,264100.0,17.71,60,6666.07,2025-03-31,0.2941,0,45,ACTIVE
L705395,C111530,Personal Loan,465500.0,23.38,36,18111.53,2025-12-21,0.6103,0,30,ACTIVE
L705396,C102963,Auto Finance,401500.0,18.73,60,10355.99,2024-09-26,0.4525,0,30,ACTIVE
L705397,C110403,Credit Card,146900.0,,12,13438.76,2023-04-21,0.2399,0,7,CLOSED
L705398,C105444,Credit Card,72000.0,16.1,12,6539.48,2022-08-30,0.4605,0,7,ACTIVE
L705399,C105349,Personal Loan,343400.0,21.78,36,13075.39,2024-03-03,0.3328,0,7,ACTIVE
L705400,C110331,Personal Loan,399200.0,21.72,36,15188.64,2024-04-12,0.5789,0,0,ACTIVE
L705401,C110032,Personal Loan,94400.0,17.71,36,3400.5,2026-04-23,0.0824,0,0,CLOSED
L705402,C108107,Home Finance,507300.0,,180,8096.25,2026-06-17,0.679,0,30,CLOSED
L705403,C101041,Personal Loan,1030200.0,21.78,36,39227.61,2023-07-06,0.3411,0,7,ACTIVE
L705404,C109940,Credit Card,34100.0,21.58,12,3189.13,2023-07-10,0.2396,0,7,ACTIVE
L705405,C105232,Auto Finance,914700.0,20.65,60,24565.96,2027-02-15,0.1283,0,0,ACTIVE
L705406,C108896,Personal Loan,289500.0,21.93,36,11045.54,2023-12-24,0.0602,0,281,DEFAULT
L705407,C110020,Home Finance,1497700.0,24.79,180,31740.09,2025-11-19,0.4825,1,0,ACTIVE
L705408,C101713,Personal Loan,1601800.0,22.26,36,61389.83,2026-04-29,0.5689,1,0,ACTIVE
L705409,C111028,Auto Finance,439900.0,27.15,60,13471.53,2025-05-19,0.1521,1,15,ACTIVE
L705410,C107358,Personal Loan,58600.0,17.49,36,2102.25,2023-03-26,0.5141,0,0,ACTIVE
L705411,C110676,Personal Loan,3619600.0,15.8,36,126895.72,2025-09-10,0.2775,1,30,CLOSED
L705412,C103252,Personal Loan,473600.0,25.08,36,18848.62,2024-11-04,0.6078,0,15,ACTIVE
L705413,C103933,Auto Finance,1482000.0,14.8,60,35100.87,2023-07-02,0.0774,1,7,ACTIVE
L705414,C108077,Auto Finance,412500.0,27.43,60,12700.63,2027-04-16,0.3466,0,45,ACTIVE
L705415,C104905,Auto Finance,768300.0,24.87,60,22492.82,2024-06-17,0.8212,1,0,ACTIVE
L705416,C110612,Personal Loan,64800.0,23.98,36,2542.85,2025-09-18,0.6953,1,7,ACTIVE
L705417,C107585,Home Finance,1741900.0,17.91,180,27938.44,2024-07-15,0.2953,1,45,CLOSED
L705418,C101839,Credit Card,374100.0,23.5,12,35285.33,2023-10-21,0.101,0,0,ACTIVE
L705419,C100875,Personal Loan,209900.0,21.59,36,7971.06,2023-08-11,0.5183,0,0,CLOSED
L705420,C100300,Auto Finance,1293700.0,20.71,60,34788.43,2025-10-14,0.6182,1,0,ACTIVE
L705421,C108227,Auto Finance,1946600.0,22.24,60,54029.92,2025-06-12,0.3255,1,0,ACTIVE
L705422,C109964,Home Finance,87600.0,24.5,180,1837.7,2024-05-01,0.0578,1,30,CLOSED
L705423,C108758,Personal Loan,472100.0,19.37,36,17392.08,2024-09-20,0.2146,0,0,CLOSED
L705424,C111000,Credit Card,286300.0,15.89,12,25961.78,2024-12-30,0.4901,2,0,ACTIVE
L705425,C103237,Home Finance,220600.0,21.56,180,4131.75,2023-01-12,0.4012,0,0,ACTIVE
L705426,C105934,Credit Card,786200.0,21.96,12,73568.17,2025-05-03,0.2571,0,0,ACTIVE
L705427,C111556,Personal Loan,326300.0,23.47,36,12711.0,2023-06-01,0.4974,2,0,ACTIVE
L705428,C101447,Auto Finance,637700.0,23.7,60,18235.17,2023-04-01,0.9216,0,45,ACTIVE
L705429,C111731,Auto Finance,1179300.0,13.15,60,26923.18,2025-11-19,0.7839,0,45,ACTIVE
L705430,C107418,Personal Loan,1432200.0,13.85,36,48844.39,2025-07-13,0.2978,0,0,ACTIVE
L705431,C105753,Personal Loan,1030000.0,20.12,36,38343.14,2024-04-26,0.476,0,0,ACTIVE
L705432,C107096,Credit Card,194200.0,22.63,12,18230.75,2026-03-19,0.1363,1,0,ACTIVE
L705433,C101543,Credit Card,66300.0,18.46,12,6090.55,2025-11-27,0.3131,1,30,ACTIVE
L705434,C106039,Auto Finance,1198200.0,17.63,60,30184.49,2025-01-20,0.2211,0,0,ACTIVE
L705435,C102354,Auto Finance,817600.0,23.11,60,23101.06,2024-03-13,0.6692,1,45,ACTIVE
L705436,C108826,Credit Card,152500.0,15.66,12,13808.6,2026-11-09,0.7248,0,0,CLOSED
L705437,C102718,Auto Finance,582000.0,16.76,60,14388.64,2022-06-03,0.0352,1,0,ACTIVE
L705438,C111440,Personal Loan,2798700.0,,36,106912.48,2024-05-15,0.2746,0,0,ACTIVE
L705439,C107160,Personal Loan,422000.0,22.0,36,16117.46,2023-06-29,0.2061,1,7,ACTIVE
L705440,C109442,Personal Loan,2037700.0,20.35,36,76091.91,2025-08-30,0.488,1,0,ACTIVE
L705441,C111371,Personal Loan,3831300.0,15.64,36,134018.66,2024-03-11,0.283,0,15,ACTIVE
L705442,C106321,Auto Finance,569600.0,,60,15508.04,2023-03-04,0.3045,0,0,ACTIVE
L705443,C109213,Credit Card,858300.0,17.46,12,78469.37,2026-03-12,0.2365,0,0,ACTIVE
L705444,C103987,Auto Finance,1365500.0,21.49,60,37318.73,2025-01-17,0.4372,1,0,ACTIVE
L705445,C103128,Personal Loan,758300.0,14.3,36,26026.2,2023-10-12,0.6099,0,0,ACTIVE
L705446,C100169,Auto Finance,293200.0,14.11,60,6840.06,2026-11-03,0.3981,0,45,CLOSED
L705447,C104348,Personal Loan,224600.0,16.16,36,7914.59,2024-06-21,0.7128,0,15,ACTIVE
L705448,C110571,Personal Loan,87100.0,24.12,36,3421.88,2025-07-16,0.2623,0,0,ACTIVE
L705449,C100891,Personal Loan,74200.0,18.42,36,2699.42,2023-10-28,0.2354,0,15,ACTIVE
L705450,C102311,Home Finance,932200.0,15.45,180,13335.69,2024-10-09,0.5631,0,30,ACTIVE
L705451,C110425,Credit Card,43300.0,16.8,12,3949.09,2024-05-22,0.407,1,45,ACTIVE
L705452,C107382,Home Finance,873500.0,17.13,180,13524.07,2025-09-29,0.4082,0,7,CLOSED
L705453,C109707,Home Finance,1770500.0,27.06,180,40659.12,2023-11-15,0.6376,2,30,CLOSED
L705454,C106779,Credit Card,125100.0,22.51,12,11742.07,2024-02-17,0.7519,0,45,ACTIVE
L705455,C100750,Home Finance,179700.0,21.49,180,3356.07,2026-01-24,0.2039,0,7,ACTIVE
L705456,C106069,Personal Loan,2002300.0,16.91,36,71299.15,2024-07-27,0.4505,0,0,CLOSED
L705457,C109276,Auto Finance,448800.0,20.42,60,11996.63,2023-12-31,0.2337,0,163,DEFAULT
L705458,C100520,Personal Loan,2292500.0,24.82,36,90931.84,2024-10-23,0.1854,0,15,CLOSED
L705459,C104952,Credit Card,183100.0,20.28,12,16987.65,2025-02-14,0.6151,1,30,ACTIVE
L705460,C101309,Credit Card,13600.0,18.34,12,1250.9,2024-08-28,0.4535,0,30,ACTIVE
L705461,C102157,Personal Loan,393800.0,19.59,36,14554.29,2024-03-17,0.2596,1,7,ACTIVE
L705462,C111585,Personal Loan,895900.0,20.13,36,33355.8,2024-05-03,0.8759,1,45,ACTIVE
L705463,C105459,Auto Finance,943500.0,17.15,60,23523.36,2025-04-10,0.3895,0,7,ACTIVE
L705464,C100863,Personal Loan,453300.0,21.58,36,17211.74,2023-10-27,0.3264,0,342,DEFAULT
L705465,C103753,Home Finance,187900.0,,180,3200.72,2023-10-08,0.2709,0,0,ACTIVE
L705466,C105365,Auto Finance,1215500.0,18.66,60,31304.73,2022-06-06,0.4336,0,0,ACTIVE
L705467,C109799,Credit Card,53100.0,19.76,12,4909.7,2025-08-03,0.2502,0,7,CLOSED
L705468,C108575,Auto Finance,426400.0,23.71,60,12193.72,2024-03-06,0.6973,0,0,CLOSED
L705469,C110332,Credit Card,209600.0,19.16,12,19333.66,2024-01-31,0.7782,0,0,ACTIVE
L705470,C101076,Personal Loan,612300.0,25.83,36,24612.74,2024-03-27,0.4163,0,30,ACTIVE
L705471,C100723,Personal Loan,1538500.0,19.66,36,56908.58,2024-10-06,0.5172,0,7,CLOSED
L705472,C108431,Auto Finance,131900.0,19.31,60,3444.67,2025-04-23,0.1865,0,30,ACTIVE
L705473,C110208,Personal Loan,618100.0,21.62,36,23485.25,2024-09-26,0.5256,0,30,ACTIVE
L705474,C109835,Home Finance,324300.0,19.99,180,5692.84,2023-12-23,0.2878,0,30,ACTIVE
L705475,C104940,Credit Card,181900.0,22.34,12,17058.46,2023-06-26,0.9191,0,15,ACTIVE
L705476,C106257,Personal Loan,503900.0,17.21,36,18017.22,2023-02-15,0.4953,0,30,ACTIVE
L705477,C108335,Auto Finance,700700.0,14.88,60,16626.16,2022-08-17,0.434,1,222,DEFAULT
L705478,C103344,Credit Card,103600.0,19.89,12,9593.34,2023-02-24,0.3936,0,15,ACTIVE
L705479,C104203,Credit Card,387400.0,16.66,12,35271.16,2024-03-13,0.63,0,0,ACTIVE
L705480,C103116,Auto Finance,1439200.0,,60,37309.91,2025-08-30,0.3355,0,30,ACTIVE
L705481,C111913,Personal Loan,1042000.0,13.37,36,35295.26,2022-12-14,0.6551,0,45,ACTIVE
L705482,C110232,Credit Card,1176100.0,25.51,12,112073.94,2023-08-25,0.227,0,30,CLOSED
L705483,C111876,Personal Loan,461400.0,22.78,36,17807.8,2024-08-02,0.2977,2,0,ACTIVE
L705484,C104362,Auto Finance,832100.0,17.56,60,20930.04,2026-06-04,0.2849,1,45,ACTIVE
L705485,C111793,Personal Loan,975800.0,25.35,36,38976.61,2026-03-14,0.3226,0,0,ACTIVE
L705486,C102753,Personal Loan,2216700.0,25.54,36,88768.76,2026-11-13,0.3766,1,276,DEFAULT
L705487,C102128,Home Finance,660100.0,20.76,180,11966.25,2024-01-07,0.5685,0,0,ACTIVE
L705488,C107905,Credit Card,530200.0,20.09,12,49141.06,2023-10-12,0.3202,0,0,ACTIVE
L705489,C102653,Credit Card,102600.0,,12,9507.48,2023-06-27,0.3961,0,0,ACTIVE
L705490,C104333,Personal Loan,393000.0,19.82,36,14571.0,2023-11-30,0.0682,0,45,ACTIVE
L705491,C100590,Credit Card,388000.0,19.93,12,35925.02,2024-02-15,0.0,0,0,ACTIVE
L705492,C109990,Personal Loan,560400.0,19.87,36,20788.14,2024-10-27,0.8136,0,0,CLOSED
L705493,C109941,Auto Finance,3179600.0,20.88,60,85804.61,2023-09-16,0.6876,1,45,CLOSED
L705494,C100658,Personal Loan,1194000.0,,36,42302.07,2022-11-23,0.6415,0,15,CLOSED
L705495,C103057,Auto Finance,1634800.0,19.64,60,42985.28,2023-07-09,0.2914,1,30,ACTIVE
L705496,C106396,Personal Loan,370400.0,16.39,36,13094.42,2025-03-04,0.3909,0,15,ACTIVE
L705497,C107792,Personal Loan,2577100.0,20.18,36,96008.99,2024-04-14,0.4691,1,30,ACTIVE
L705498,C110145,Home Finance,3509100.0,,180,58058.19,2023-11-18,0.3115,1,0,CLOSED
L705499,C102616,Home Finance,221900.0,20.86,180,4039.35,2026-01-20,0.4129,1,0,ACTIVE
L705500,C105605,Personal Loan,266800.0,19.42,36,9837.98,2025-05-18,0.6661,0,102,DEFAULT
L705501,C105476,Personal Loan,804200.0,20.49,36,30089.85,2023-06-30,0.4511,1,0,ACTIVE
L705502,C100838,Credit Card,159600.0,17.16,12,14565.74,2024-05-25,0.301,0,30,ACTIVE
L705503,C105767,Personal Loan,599800.0,18.4,36,21803.75,2024-03-01,0.0987,1,0,ACTIVE
L705504,C100616,Personal Loan,392500.0,20.2,36,14625.73,2024-06-29,0.665,0,7,ACTIVE
L705505,C101865,Credit Card,694800.0,15.02,12,62719.26,2026-07-13,0.1468,1,7,ACTIVE
L705506,C102213,Personal Loan,631500.0,17.03,36,22525.08,2025-05-13,0.2285,0,0,ACTIVE
L705507,C106887,Personal Loan,969000.0,21.84,36,36927.39,2022-10-05,0.5046,0,0,ACTIVE
L705508,C105701,Auto Finance,86000.0,20.42,60,2299.94,2024-07-05,0.2336,1,7,CLOSED
L705509,C101051,Home Finance,1075700.0,21.46,180,20063.03,2026-07-31,0.3806,1,0,CLOSED
L705510,C109017,Personal Loan,460400.0,17.77,36,16589.82,2022-10-14,0.1357,0,30,CLOSED
L705511,C105266,Auto Finance,1475800.0,19.71,60,38860.92,2024-08-06,0.4185,0,15,ACTIVE
L705512,C101219,Personal Loan,360600.0,20.85,36,13559.43,2025-04-10,0.1055,0,15,CLOSED
L705513,C109091,Credit Card,350900.0,12.23,12,31212.12,2022-12-31,0.3949,0,45,CLOSED
L705514,C102959,Credit Card,630200.0,20.14,12,58420.33,2024-07-27,0.2372,0,0,CLOSED
L705515,C100506,Auto Finance,515400.0,19.01,60,13373.14,2025-06-18,0.3485,1,0,CLOSED
L705516,C103489,Personal Loan,157900.0,16.72,36,5608.54,2024-09-17,0.0919,0,0,ACTIVE
L705517,C104474,Auto Finance,478800.0,20.28,60,12760.42,2022-08-15,0.5907,1,0,CLOSED
L705518,C111310,Personal Loan,199200.0,17.81,36,7184.14,2023-09-12,0.271,0,15,ACTIVE
L705519,C110938,Home Finance,798500.0,17.43,180,12532.84,2022-08-12,0.6829,0,0,ACTIVE
